"","scientificName","scientificNameAuthorship","taxonID","kingdom","phylum","class","order","suborder","infraorder","superfamily","family","genus","subgenus","specificEpithet","subspecies","variety","form","infraspecificEpithet","taxonRank","institutionCode","collectionCode","catalogNumber","datasetName","occurrenceID","recordedBy","recordNumber","fieldNumber","eventDate","year","month","day","basisOfRecord","locality","island","stateProvince","country","countryCode","decimalLatitude","decimalLongitude","coordinateUncertaintyInMeters","georeferencedBy","georeferenceVerificationStatus","georeferenceProtocol","georeferenceRemarks","verbatimDepth","verbatimElevation","occurrenceStatus","samplingProtocol","occurrenceRemarks","individualCount","sex","establishmentMeans","provincialStatus","nationalStatus","identifiedBy","identificationQualifier","identificationRemarks","previousIdentifications","bibliographicCitation","associatedReferences"
"1","Abies grandis","(Douglas ex D. Don) Lindl.",63690,"Plantae","Tracheophyta","Pinopsida","Pinales","",NA,NA,"Pinaceae","Abies",NA,"grandis","","",NA,NA,NA,NA,NA,"GCA2002:1",NA,NA,"Nathan Gaylor, Odin Scholz & Keith Erickson",NA,NA,2002-03-01,NA,NA,NA,NA,"District Lot 63, Pebble Beach Reserve","Galiano Island","British Columbia",NA,NA,48.946327,-123.493078,380,"Andrew Simon","requires verification","coordinates generalized based on locality information: centroid of District Lot; positional accuracy defining a circle that encompasses the property",NA,NA,NA,NA,NA,NA,NA,NA,"native",NA,NA,NA,NA,NA,NA,"Gaylor et al. 2002 Restoration Plan for District Lot 63 of the Pebble Beach Nature Reserve, Galiano Island, BC. Unpublished report. Available online:https://www.for.gov.bc.ca/hfd/library/fia/2002/FIA2002MR003.pdf","Gaylor et al. 2002 Restoration Plan for District Lot 63 of the Pebble Beach Nature Reserve, Galiano Island, BC. Unpublished report. Available online:https://www.for.gov.bc.ca/hfd/library/fia/2002/FIA2002MR003.pdf"
"2","Acer macrophyllum","Pursh",48227,"Plantae","Tracheophyta","Magnoliopsida","Sapindales","",NA,NA,"Sapindaceae","Acer",NA,"macrophyllum","","",NA,NA,NA,NA,NA,"GCA2002:3",NA,NA,"Nathan Gaylor, Odin Scholz & Keith Erickson",NA,NA,2002-03-01,NA,NA,NA,NA,"District Lot 63, Pebble Beach Reserve","Galiano Island","British Columbia",NA,NA,48.946327,-123.493078,380,"Andrew Simon","requires verification","coordinates generalized based on locality information: centroid of District Lot; positional accuracy defining a circle that encompasses the property",NA,NA,NA,NA,NA,NA,NA,NA,"native",NA,NA,NA,NA,NA,NA,"Gaylor et al. 2002 Restoration Plan for District Lot 63 of the Pebble Beach Nature Reserve, Galiano Island, BC. Unpublished report. Available online:https://www.for.gov.bc.ca/hfd/library/fia/2002/FIA2002MR003.pdf","Gaylor et al. 2002 Restoration Plan for District Lot 63 of the Pebble Beach Nature Reserve, Galiano Island, BC. Unpublished report. Available online:https://www.for.gov.bc.ca/hfd/library/fia/2002/FIA2002MR003.pdf"
"3","Achlys triphylla","DC.",75263,"Plantae","Tracheophyta","Magnoliopsida","Ranunculales","",NA,NA,"Berberidaceae","Achlys",NA,"triphylla","","",NA,NA,NA,NA,NA,"GCA2002:5",NA,NA,"Nathan Gaylor, Odin Scholz & Keith Erickson",NA,NA,2002-03-01,NA,NA,NA,NA,"District Lot 63, Pebble Beach Reserve","Galiano Island","British Columbia",NA,NA,48.946327,-123.493078,380,"Andrew Simon","requires verification","coordinates generalized based on locality information: centroid of District Lot; positional accuracy defining a circle that encompasses the property",NA,NA,NA,NA,NA,NA,NA,NA,"native",NA,NA,NA,NA,NA,NA,"Gaylor et al. 2002 Restoration Plan for District Lot 63 of the Pebble Beach Nature Reserve, Galiano Island, BC. Unpublished report. Available online:https://www.for.gov.bc.ca/hfd/library/fia/2002/FIA2002MR003.pdf","Gaylor et al. 2002 Restoration Plan for District Lot 63 of the Pebble Beach Nature Reserve, Galiano Island, BC. Unpublished report. Available online:https://www.for.gov.bc.ca/hfd/library/fia/2002/FIA2002MR003.pdf"
"4","Achlys triphylla","DC.",75263,"Plantae","Tracheophyta","Magnoliopsida","Ranunculales","",NA,NA,"Berberidaceae","Achlys",NA,"triphylla","","",NA,NA,NA,NA,NA,"GCA2002:6",NA,NA,"Nathan Gaylor, Odin Scholz & Keith Erickson",NA,NA,2002-03-01,NA,NA,NA,NA,"District Lot 63, Pebble Beach Reserve","Galiano Island","British Columbia",NA,NA,48.946327,-123.493078,380,"Andrew Simon","requires verification","coordinates generalized based on locality information: centroid of District Lot; positional accuracy defining a circle that encompasses the property",NA,NA,NA,NA,NA,NA,NA,NA,"native",NA,NA,NA,NA,NA,NA,"Gaylor et al. 2002 Restoration Plan for District Lot 63 of the Pebble Beach Nature Reserve, Galiano Island, BC. Unpublished report. Available online:https://www.for.gov.bc.ca/hfd/library/fia/2002/FIA2002MR003.pdf","Gaylor et al. 2002 Restoration Plan for District Lot 63 of the Pebble Beach Nature Reserve, Galiano Island, BC. Unpublished report. Available online:https://www.for.gov.bc.ca/hfd/library/fia/2002/FIA2002MR003.pdf"
"5","Adenocaulon bicolor","Hook.",56854,"Plantae","Tracheophyta","Magnoliopsida","Asterales","",NA,NA,"Asteraceae","Adenocaulon",NA,"bicolor","","",NA,NA,NA,NA,NA,"GCA2002:7",NA,NA,"Nathan Gaylor, Odin Scholz & Keith Erickson",NA,NA,2002-03-01,NA,NA,NA,NA,"District Lot 63, Pebble Beach Reserve","Galiano Island","British Columbia",NA,NA,48.946327,-123.493078,380,"Andrew Simon","requires verification","coordinates generalized based on locality information: centroid of District Lot; positional accuracy defining a circle that encompasses the property",NA,NA,NA,NA,NA,NA,NA,NA,"native",NA,NA,NA,NA,NA,NA,"Gaylor et al. 2002 Restoration Plan for District Lot 63 of the Pebble Beach Nature Reserve, Galiano Island, BC. Unpublished report. Available online:https://www.for.gov.bc.ca/hfd/library/fia/2002/FIA2002MR003.pdf","Gaylor et al. 2002 Restoration Plan for District Lot 63 of the Pebble Beach Nature Reserve, Galiano Island, BC. Unpublished report. Available online:https://www.for.gov.bc.ca/hfd/library/fia/2002/FIA2002MR003.pdf"
"6","Alnus rubra","Bong.",56034,"Plantae","Tracheophyta","Magnoliopsida","Fagales","",NA,NA,"Betulaceae","Alnus",NA,"rubra","","",NA,NA,NA,NA,NA,"GCA2002:8",NA,NA,"Nathan Gaylor, Odin Scholz & Keith Erickson",NA,NA,2002-03-01,NA,NA,NA,NA,"District Lot 63, Pebble Beach Reserve","Galiano Island","British Columbia",NA,NA,48.946327,-123.493078,380,"Andrew Simon","requires verification","coordinates generalized based on locality information: centroid of District Lot; positional accuracy defining a circle that encompasses the property",NA,NA,NA,NA,NA,NA,NA,NA,"native",NA,NA,NA,NA,NA,NA,"Gaylor et al. 2002 Restoration Plan for District Lot 63 of the Pebble Beach Nature Reserve, Galiano Island, BC. Unpublished report. Available online:https://www.for.gov.bc.ca/hfd/library/fia/2002/FIA2002MR003.pdf","Gaylor et al. 2002 Restoration Plan for District Lot 63 of the Pebble Beach Nature Reserve, Galiano Island, BC. Unpublished report. Available online:https://www.for.gov.bc.ca/hfd/library/fia/2002/FIA2002MR003.pdf"
"7","Amelanchier alnifolia","Lindl.",75415,"Plantae","Tracheophyta","Magnoliopsida","Rosales","",NA,NA,"Rosaceae","Amelanchier",NA,"alnifolia","","",NA,NA,NA,NA,NA,"GCA2002:9",NA,NA,"Nathan Gaylor, Odin Scholz & Keith Erickson",NA,NA,2002-03-01,NA,NA,NA,NA,"District Lot 63, Pebble Beach Reserve","Galiano Island","British Columbia",NA,NA,48.946327,-123.493078,380,"Andrew Simon","requires verification","coordinates generalized based on locality information: centroid of District Lot; positional accuracy defining a circle that encompasses the property",NA,NA,NA,NA,NA,NA,NA,NA,"native",NA,NA,NA,NA,NA,NA,"Gaylor et al. 2002 Restoration Plan for District Lot 63 of the Pebble Beach Nature Reserve, Galiano Island, BC. Unpublished report. Available online:https://www.for.gov.bc.ca/hfd/library/fia/2002/FIA2002MR003.pdf","Gaylor et al. 2002 Restoration Plan for District Lot 63 of the Pebble Beach Nature Reserve, Galiano Island, BC. Unpublished report. Available online:https://www.for.gov.bc.ca/hfd/library/fia/2002/FIA2002MR003.pdf"
"8","Anaphalis margaritacea","(L.) Benth. & Hook.f.",52833,"Plantae","Tracheophyta","Magnoliopsida","Asterales","",NA,NA,"Asteraceae","Anaphalis",NA,"margaritacea","","",NA,NA,NA,NA,NA,"GCA2002:10",NA,NA,"Nathan Gaylor, Odin Scholz & Keith Erickson",NA,NA,2002-03-01,NA,NA,NA,NA,"District Lot 63, Pebble Beach Reserve","Galiano Island","British Columbia",NA,NA,48.946327,-123.493078,380,"Andrew Simon","requires verification","coordinates generalized based on locality information: centroid of District Lot; positional accuracy defining a circle that encompasses the property",NA,NA,NA,NA,NA,NA,NA,NA,"native",NA,NA,NA,NA,NA,NA,"Gaylor et al. 2002 Restoration Plan for District Lot 63 of the Pebble Beach Nature Reserve, Galiano Island, BC. Unpublished report. Available online:https://www.for.gov.bc.ca/hfd/library/fia/2002/FIA2002MR003.pdf","Gaylor et al. 2002 Restoration Plan for District Lot 63 of the Pebble Beach Nature Reserve, Galiano Island, BC. Unpublished report. Available online:https://www.for.gov.bc.ca/hfd/library/fia/2002/FIA2002MR003.pdf"
"9","Arbutus menziesii","Pursh",51046,"Plantae","Tracheophyta","Magnoliopsida","Ericales","",NA,NA,"Ericaceae","Arbutus",NA,"menziesii","","",NA,NA,NA,NA,NA,"GCA2002:11",NA,NA,"Nathan Gaylor, Odin Scholz & Keith Erickson",NA,NA,2002-03-01,NA,NA,NA,NA,"District Lot 63, Pebble Beach Reserve","Galiano Island","British Columbia",NA,NA,48.946327,-123.493078,380,"Andrew Simon","requires verification","coordinates generalized based on locality information: centroid of District Lot; positional accuracy defining a circle that encompasses the property",NA,NA,NA,NA,NA,NA,NA,NA,"native",NA,NA,NA,NA,NA,NA,"Gaylor et al. 2002 Restoration Plan for District Lot 63 of the Pebble Beach Nature Reserve, Galiano Island, BC. Unpublished report. Available online:https://www.for.gov.bc.ca/hfd/library/fia/2002/FIA2002MR003.pdf","Gaylor et al. 2002 Restoration Plan for District Lot 63 of the Pebble Beach Nature Reserve, Galiano Island, BC. Unpublished report. Available online:https://www.for.gov.bc.ca/hfd/library/fia/2002/FIA2002MR003.pdf"
"10","Cardamine oligosperma","Nutt.",52981,"Plantae","Tracheophyta","Magnoliopsida","Brassicales","",NA,NA,"Brassicaceae","Cardamine",NA,"oligosperma","","",NA,NA,NA,NA,NA,"GCA2002:15",NA,NA,"Nathan Gaylor, Odin Scholz & Keith Erickson",NA,NA,2002-03-01,NA,NA,NA,NA,"District Lot 63, Pebble Beach Reserve","Galiano Island","British Columbia",NA,NA,48.946327,-123.493078,380,"Andrew Simon","requires verification","coordinates generalized based on locality information: centroid of District Lot; positional accuracy defining a circle that encompasses the property",NA,NA,NA,NA,NA,NA,NA,NA,"native",NA,NA,NA,NA,NA,NA,"Gaylor et al. 2002 Restoration Plan for District Lot 63 of the Pebble Beach Nature Reserve, Galiano Island, BC. Unpublished report. Available online:https://www.for.gov.bc.ca/hfd/library/fia/2002/FIA2002MR003.pdf","Gaylor et al. 2002 Restoration Plan for District Lot 63 of the Pebble Beach Nature Reserve, Galiano Island, BC. Unpublished report. Available online:https://www.for.gov.bc.ca/hfd/library/fia/2002/FIA2002MR003.pdf"
"11","Cirsium arvense","(L.) Scop.",60132,"Plantae","Tracheophyta","Magnoliopsida","Asterales","",NA,NA,"Asteraceae","Cirsium",NA,"arvense","","",NA,NA,NA,NA,NA,"GCA2002:17",NA,NA,"Nathan Gaylor, Odin Scholz & Keith Erickson",NA,NA,2002-03-01,NA,NA,NA,NA,"District Lot 63, Pebble Beach Reserve","Galiano Island","British Columbia",NA,NA,48.946327,-123.493078,380,"Andrew Simon","requires verification","coordinates generalized based on locality information: centroid of District Lot; positional accuracy defining a circle that encompasses the property",NA,NA,NA,NA,NA,NA,NA,NA,"exotic",NA,NA,NA,NA,NA,NA,"Gaylor et al. 2002 Restoration Plan for District Lot 63 of the Pebble Beach Nature Reserve, Galiano Island, BC. Unpublished report. Available online:https://www.for.gov.bc.ca/hfd/library/fia/2002/FIA2002MR003.pdf","Gaylor et al. 2002 Restoration Plan for District Lot 63 of the Pebble Beach Nature Reserve, Galiano Island, BC. Unpublished report. Available online:https://www.for.gov.bc.ca/hfd/library/fia/2002/FIA2002MR003.pdf"
"12","Cirsium vulgare","(Savi) Ten.",52989,"Plantae","Tracheophyta","Magnoliopsida","Asterales","",NA,NA,"Asteraceae","Cirsium",NA,"vulgare","","",NA,NA,NA,NA,NA,"GCA2002:18",NA,NA,"Nathan Gaylor, Odin Scholz & Keith Erickson",NA,NA,2002-03-01,NA,NA,NA,NA,"District Lot 63, Pebble Beach Reserve","Galiano Island","British Columbia",NA,NA,48.946327,-123.493078,380,"Andrew Simon","requires verification","coordinates generalized based on locality information: centroid of District Lot; positional accuracy defining a circle that encompasses the property",NA,NA,NA,NA,NA,NA,NA,NA,"exotic",NA,NA,NA,NA,NA,NA,"Gaylor et al. 2002 Restoration Plan for District Lot 63 of the Pebble Beach Nature Reserve, Galiano Island, BC. Unpublished report. Available online:https://www.for.gov.bc.ca/hfd/library/fia/2002/FIA2002MR003.pdf","Gaylor et al. 2002 Restoration Plan for District Lot 63 of the Pebble Beach Nature Reserve, Galiano Island, BC. Unpublished report. Available online:https://www.for.gov.bc.ca/hfd/library/fia/2002/FIA2002MR003.pdf"
"13","Claytonia perfoliata","Donn ex Willd.",52994,"Plantae","Tracheophyta","Magnoliopsida","Caryophyllales","",NA,NA,"Montiaceae","Claytonia",NA,"perfoliata","","",NA,NA,NA,NA,NA,"GCA2002:19",NA,NA,"Nathan Gaylor, Odin Scholz & Keith Erickson",NA,NA,2002-03-01,NA,NA,NA,NA,"District Lot 63, Pebble Beach Reserve","Galiano Island","British Columbia",NA,NA,48.946327,-123.493078,380,"Andrew Simon","requires verification","coordinates generalized based on locality information: centroid of District Lot; positional accuracy defining a circle that encompasses the property",NA,NA,NA,NA,NA,NA,NA,NA,"native",NA,NA,NA,NA,NA,NA,"Gaylor et al. 2002 Restoration Plan for District Lot 63 of the Pebble Beach Nature Reserve, Galiano Island, BC. Unpublished report. Available online:https://www.for.gov.bc.ca/hfd/library/fia/2002/FIA2002MR003.pdf","Gaylor et al. 2002 Restoration Plan for District Lot 63 of the Pebble Beach Nature Reserve, Galiano Island, BC. Unpublished report. Available online:https://www.for.gov.bc.ca/hfd/library/fia/2002/FIA2002MR003.pdf"
"14","Cytisus scoparius","(L.) Link",48538,"Plantae","Tracheophyta","Magnoliopsida","Fabales","",NA,NA,"Fabaceae","Cytisus",NA,"scoparius","","",NA,NA,NA,NA,NA,"GCA2002:20",NA,NA,"Nathan Gaylor, Odin Scholz & Keith Erickson",NA,NA,2002-03-01,NA,NA,NA,NA,"District Lot 63, Pebble Beach Reserve","Galiano Island","British Columbia",NA,NA,48.946327,-123.493078,380,"Andrew Simon","requires verification","coordinates generalized based on locality information: centroid of District Lot; positional accuracy defining a circle that encompasses the property",NA,NA,NA,NA,NA,NA,NA,NA,"exotic",NA,NA,NA,NA,NA,NA,"Gaylor et al. 2002 Restoration Plan for District Lot 63 of the Pebble Beach Nature Reserve, Galiano Island, BC. Unpublished report. Available online:https://www.for.gov.bc.ca/hfd/library/fia/2002/FIA2002MR003.pdf","Gaylor et al. 2002 Restoration Plan for District Lot 63 of the Pebble Beach Nature Reserve, Galiano Island, BC. Unpublished report. Available online:https://www.for.gov.bc.ca/hfd/library/fia/2002/FIA2002MR003.pdf"
"15","Dryopteris expansa","(C. Presl) Fraser-Jenk. & Jermy",64055,"Plantae","Tracheophyta","Polypodiopsida","Polypodiales","Polypodiineae",NA,NA,"Dryopteridaceae","Dryopteris",NA,"expansa","","",NA,NA,NA,NA,NA,"GCA2002:21",NA,NA,"Nathan Gaylor, Odin Scholz & Keith Erickson",NA,NA,2002-03-01,NA,NA,NA,NA,"District Lot 63, Pebble Beach Reserve","Galiano Island","British Columbia",NA,NA,48.946327,-123.493078,380,"Andrew Simon","requires verification","coordinates generalized based on locality information: centroid of District Lot; positional accuracy defining a circle that encompasses the property",NA,NA,NA,NA,NA,NA,NA,NA,"native",NA,NA,NA,NA,NA,NA,"Gaylor et al. 2002 Restoration Plan for District Lot 63 of the Pebble Beach Nature Reserve, Galiano Island, BC. Unpublished report. Available online:https://www.for.gov.bc.ca/hfd/library/fia/2002/FIA2002MR003.pdf","Gaylor et al. 2002 Restoration Plan for District Lot 63 of the Pebble Beach Nature Reserve, Galiano Island, BC. Unpublished report. Available online:https://www.for.gov.bc.ca/hfd/library/fia/2002/FIA2002MR003.pdf"
"16","Galium aparine","L.",1403902,"Plantae","Tracheophyta","Magnoliopsida","Gentianales","",NA,NA,"Rubiaceae","Galium",NA,"aparine","","",NA,NA,NA,NA,NA,"GCA2002:26",NA,NA,"Nathan Gaylor, Odin Scholz & Keith Erickson",NA,NA,2002-03-01,NA,NA,NA,NA,"District Lot 63, Pebble Beach Reserve","Galiano Island","British Columbia",NA,NA,48.946327,-123.493078,380,"Andrew Simon","requires verification","coordinates generalized based on locality information: centroid of District Lot; positional accuracy defining a circle that encompasses the property",NA,NA,NA,NA,NA,NA,NA,NA,"native",NA,NA,NA,NA,NA,NA,"Gaylor et al. 2002 Restoration Plan for District Lot 63 of the Pebble Beach Nature Reserve, Galiano Island, BC. Unpublished report. Available online:https://www.for.gov.bc.ca/hfd/library/fia/2002/FIA2002MR003.pdf","Gaylor et al. 2002 Restoration Plan for District Lot 63 of the Pebble Beach Nature Reserve, Galiano Island, BC. Unpublished report. Available online:https://www.for.gov.bc.ca/hfd/library/fia/2002/FIA2002MR003.pdf"
"17","Galium trifidum","L.",77216,"Plantae","Tracheophyta","Magnoliopsida","Gentianales","",NA,NA,"Rubiaceae","Galium",NA,"trifidum","","",NA,NA,NA,NA,NA,"GCA2002:28",NA,NA,"Nathan Gaylor, Odin Scholz & Keith Erickson",NA,NA,2002-03-01,NA,NA,NA,NA,"District Lot 63, Pebble Beach Reserve","Galiano Island","British Columbia",NA,NA,48.946327,-123.493078,380,"Andrew Simon","requires verification","coordinates generalized based on locality information: centroid of District Lot; positional accuracy defining a circle that encompasses the property",NA,NA,NA,NA,NA,NA,NA,NA,"native",NA,NA,NA,NA,NA,NA,"Gaylor et al. 2002 Restoration Plan for District Lot 63 of the Pebble Beach Nature Reserve, Galiano Island, BC. Unpublished report. Available online:https://www.for.gov.bc.ca/hfd/library/fia/2002/FIA2002MR003.pdf","Gaylor et al. 2002 Restoration Plan for District Lot 63 of the Pebble Beach Nature Reserve, Galiano Island, BC. Unpublished report. Available online:https://www.for.gov.bc.ca/hfd/library/fia/2002/FIA2002MR003.pdf"
"18","Galium triflorum","Michx.",53065,"Plantae","Tracheophyta","Magnoliopsida","Gentianales","",NA,NA,"Rubiaceae","Galium",NA,"triflorum","","",NA,NA,NA,NA,NA,"GCA2002:29",NA,NA,"Nathan Gaylor, Odin Scholz & Keith Erickson",NA,NA,2002-03-01,NA,NA,NA,NA,"District Lot 63, Pebble Beach Reserve","Galiano Island","British Columbia",NA,NA,48.946327,-123.493078,380,"Andrew Simon","requires verification","coordinates generalized based on locality information: centroid of District Lot; positional accuracy defining a circle that encompasses the property",NA,NA,NA,NA,NA,NA,NA,NA,"native",NA,NA,NA,NA,NA,NA,"Gaylor et al. 2002 Restoration Plan for District Lot 63 of the Pebble Beach Nature Reserve, Galiano Island, BC. Unpublished report. Available online:https://www.for.gov.bc.ca/hfd/library/fia/2002/FIA2002MR003.pdf","Gaylor et al. 2002 Restoration Plan for District Lot 63 of the Pebble Beach Nature Reserve, Galiano Island, BC. Unpublished report. Available online:https://www.for.gov.bc.ca/hfd/library/fia/2002/FIA2002MR003.pdf"
"19","Gaultheria shallon","Pursh",48441,"Plantae","Tracheophyta","Magnoliopsida","Ericales","",NA,NA,"Ericaceae","Gaultheria",NA,"shallon","","",NA,NA,NA,NA,NA,"GCA2002:30",NA,NA,"Nathan Gaylor, Odin Scholz & Keith Erickson",NA,NA,2002-03-01,NA,NA,NA,NA,"District Lot 63, Pebble Beach Reserve","Galiano Island","British Columbia",NA,NA,48.946327,-123.493078,380,"Andrew Simon","requires verification","coordinates generalized based on locality information: centroid of District Lot; positional accuracy defining a circle that encompasses the property",NA,NA,NA,NA,NA,NA,NA,NA,"native",NA,NA,NA,NA,NA,NA,"Gaylor et al. 2002 Restoration Plan for District Lot 63 of the Pebble Beach Nature Reserve, Galiano Island, BC. Unpublished report. Available online:https://www.for.gov.bc.ca/hfd/library/fia/2002/FIA2002MR003.pdf","Gaylor et al. 2002 Restoration Plan for District Lot 63 of the Pebble Beach Nature Reserve, Galiano Island, BC. Unpublished report. Available online:https://www.for.gov.bc.ca/hfd/library/fia/2002/FIA2002MR003.pdf"
"20","Geranium molle","L.",1178020,"Plantae","Tracheophyta","Magnoliopsida","Geraniales","",NA,NA,"Geraniaceae","Geranium",NA,"molle","","",NA,NA,NA,NA,NA,"GCA2002:31",NA,NA,"Nathan Gaylor, Odin Scholz & Keith Erickson",NA,NA,2002-03-01,NA,NA,NA,NA,"District Lot 63, Pebble Beach Reserve","Galiano Island","British Columbia",NA,NA,48.946327,-123.493078,380,"Andrew Simon","requires verification","coordinates generalized based on locality information: centroid of District Lot; positional accuracy defining a circle that encompasses the property",NA,NA,NA,NA,NA,NA,NA,NA,"exotic",NA,NA,NA,NA,NA,NA,"Gaylor et al. 2002 Restoration Plan for District Lot 63 of the Pebble Beach Nature Reserve, Galiano Island, BC. Unpublished report. Available online:https://www.for.gov.bc.ca/hfd/library/fia/2002/FIA2002MR003.pdf","Gaylor et al. 2002 Restoration Plan for District Lot 63 of the Pebble Beach Nature Reserve, Galiano Island, BC. Unpublished report. Available online:https://www.for.gov.bc.ca/hfd/library/fia/2002/FIA2002MR003.pdf"
"21","Goodyera oblongifolia","Raf.",50719,"Plantae","Tracheophyta","Liliopsida","Asparagales","",NA,NA,"Orchidaceae","Goodyera",NA,"oblongifolia","","",NA,NA,NA,NA,NA,"GCA2002:32",NA,NA,"Nathan Gaylor, Odin Scholz & Keith Erickson",NA,NA,2002-03-01,NA,NA,NA,NA,"District Lot 63, Pebble Beach Reserve","Galiano Island","British Columbia",NA,NA,48.946327,-123.493078,380,"Andrew Simon","requires verification","coordinates generalized based on locality information: centroid of District Lot; positional accuracy defining a circle that encompasses the property",NA,NA,NA,NA,NA,NA,NA,NA,"native",NA,NA,NA,NA,NA,NA,"Gaylor et al. 2002 Restoration Plan for District Lot 63 of the Pebble Beach Nature Reserve, Galiano Island, BC. Unpublished report. Available online:https://www.for.gov.bc.ca/hfd/library/fia/2002/FIA2002MR003.pdf","Gaylor et al. 2002 Restoration Plan for District Lot 63 of the Pebble Beach Nature Reserve, Galiano Island, BC. Unpublished report. Available online:https://www.for.gov.bc.ca/hfd/library/fia/2002/FIA2002MR003.pdf"
"22","Lonicera ciliosa","DC.",77832,"Plantae","Tracheophyta","Magnoliopsida","Dipsacales","",NA,NA,"Caprifoliaceae","Lonicera",NA,"ciliosa","","",NA,NA,NA,NA,NA,"GCA2002:38",NA,NA,"Nathan Gaylor, Odin Scholz & Keith Erickson",NA,NA,2002-03-01,NA,NA,NA,NA,"District Lot 63, Pebble Beach Reserve","Galiano Island","British Columbia",NA,NA,48.946327,-123.493078,380,"Andrew Simon","requires verification","coordinates generalized based on locality information: centroid of District Lot; positional accuracy defining a circle that encompasses the property",NA,NA,NA,NA,NA,NA,NA,NA,"native",NA,NA,NA,NA,NA,NA,"Gaylor et al. 2002 Restoration Plan for District Lot 63 of the Pebble Beach Nature Reserve, Galiano Island, BC. Unpublished report. Available online:https://www.for.gov.bc.ca/hfd/library/fia/2002/FIA2002MR003.pdf","Gaylor et al. 2002 Restoration Plan for District Lot 63 of the Pebble Beach Nature Reserve, Galiano Island, BC. Unpublished report. Available online:https://www.for.gov.bc.ca/hfd/library/fia/2002/FIA2002MR003.pdf"
"23","Lonicera hispidula","Douglas ex Torr. & A. Gray",53416,"Plantae","Tracheophyta","Magnoliopsida","Dipsacales","",NA,NA,"Caprifoliaceae","Lonicera",NA,"hispidula","","",NA,NA,NA,NA,NA,"GCA2002:39",NA,NA,"Nathan Gaylor, Odin Scholz & Keith Erickson",NA,NA,2002-03-01,NA,NA,NA,NA,"District Lot 63, Pebble Beach Reserve","Galiano Island","British Columbia",NA,NA,48.946327,-123.493078,380,"Andrew Simon","requires verification","coordinates generalized based on locality information: centroid of District Lot; positional accuracy defining a circle that encompasses the property",NA,NA,NA,NA,NA,NA,NA,NA,"native",NA,NA,NA,NA,NA,NA,"Gaylor et al. 2002 Restoration Plan for District Lot 63 of the Pebble Beach Nature Reserve, Galiano Island, BC. Unpublished report. Available online:https://www.for.gov.bc.ca/hfd/library/fia/2002/FIA2002MR003.pdf","Gaylor et al. 2002 Restoration Plan for District Lot 63 of the Pebble Beach Nature Reserve, Galiano Island, BC. Unpublished report. Available online:https://www.for.gov.bc.ca/hfd/library/fia/2002/FIA2002MR003.pdf"
"24","Physocarpus capitatus","(Pursh) Kuntze",57249,"Plantae","Tracheophyta","Magnoliopsida","Rosales","",NA,NA,"Rosaceae","Physocarpus",NA,"capitatus","","",NA,NA,NA,NA,NA,"GCA2002:42",NA,NA,"Nathan Gaylor, Odin Scholz & Keith Erickson",NA,NA,2002-03-01,NA,NA,NA,NA,"District Lot 63, Pebble Beach Reserve","Galiano Island","British Columbia",NA,NA,48.946327,-123.493078,380,"Andrew Simon","requires verification","coordinates generalized based on locality information: centroid of District Lot; positional accuracy defining a circle that encompasses the property",NA,NA,NA,NA,NA,NA,NA,NA,"native",NA,NA,NA,NA,NA,NA,"Gaylor et al. 2002 Restoration Plan for District Lot 63 of the Pebble Beach Nature Reserve, Galiano Island, BC. Unpublished report. Available online:https://www.for.gov.bc.ca/hfd/library/fia/2002/FIA2002MR003.pdf","Gaylor et al. 2002 Restoration Plan for District Lot 63 of the Pebble Beach Nature Reserve, Galiano Island, BC. Unpublished report. Available online:https://www.for.gov.bc.ca/hfd/library/fia/2002/FIA2002MR003.pdf"
"25","Polypodium glycyrrhiza","D.C. Eaton",55104,"Plantae","Tracheophyta","Polypodiopsida","Polypodiales","Polypodiineae",NA,NA,"Polypodiaceae","Polypodium",NA,"glycyrrhiza","","",NA,NA,NA,NA,NA,"GCA2002:43",NA,NA,"Nathan Gaylor, Odin Scholz & Keith Erickson",NA,NA,2002-03-01,NA,NA,NA,NA,"District Lot 63, Pebble Beach Reserve","Galiano Island","British Columbia",NA,NA,48.946327,-123.493078,380,"Andrew Simon","requires verification","coordinates generalized based on locality information: centroid of District Lot; positional accuracy defining a circle that encompasses the property",NA,NA,NA,NA,NA,NA,NA,NA,"native",NA,NA,NA,NA,NA,NA,"Gaylor et al. 2002 Restoration Plan for District Lot 63 of the Pebble Beach Nature Reserve, Galiano Island, BC. Unpublished report. Available online:https://www.for.gov.bc.ca/hfd/library/fia/2002/FIA2002MR003.pdf","Gaylor et al. 2002 Restoration Plan for District Lot 63 of the Pebble Beach Nature Reserve, Galiano Island, BC. Unpublished report. Available online:https://www.for.gov.bc.ca/hfd/library/fia/2002/FIA2002MR003.pdf"
"26","Polystichum munitum","(Kaulf.) C. Presl",47751,"Plantae","Tracheophyta","Polypodiopsida","Polypodiales","Polypodiineae",NA,NA,"Dryopteridaceae","Polystichum",NA,"munitum","","",NA,NA,NA,NA,NA,"GCA2002:44",NA,NA,"Nathan Gaylor, Odin Scholz & Keith Erickson",NA,NA,2002-03-01,NA,NA,NA,NA,"District Lot 63, Pebble Beach Reserve","Galiano Island","British Columbia",NA,NA,48.946327,-123.493078,380,"Andrew Simon","requires verification","coordinates generalized based on locality information: centroid of District Lot; positional accuracy defining a circle that encompasses the property",NA,NA,NA,NA,NA,NA,NA,NA,"native",NA,NA,NA,NA,NA,NA,"Gaylor et al. 2002 Restoration Plan for District Lot 63 of the Pebble Beach Nature Reserve, Galiano Island, BC. Unpublished report. Available online:https://www.for.gov.bc.ca/hfd/library/fia/2002/FIA2002MR003.pdf","Gaylor et al. 2002 Restoration Plan for District Lot 63 of the Pebble Beach Nature Reserve, Galiano Island, BC. Unpublished report. Available online:https://www.for.gov.bc.ca/hfd/library/fia/2002/FIA2002MR003.pdf"
"27","Ranunculus repens","L.",48229,"Plantae","Tracheophyta","Magnoliopsida","Ranunculales","",NA,NA,"Ranunculaceae","Ranunculus",NA,"repens","","",NA,NA,NA,NA,NA,"GCA2002:48",NA,NA,"Nathan Gaylor, Odin Scholz & Keith Erickson",NA,NA,2002-03-01,NA,NA,NA,NA,"District Lot 63, Pebble Beach Reserve","Galiano Island","British Columbia",NA,NA,48.946327,-123.493078,380,"Andrew Simon","requires verification","coordinates generalized based on locality information: centroid of District Lot; positional accuracy defining a circle that encompasses the property",NA,NA,NA,NA,NA,NA,NA,NA,"exotic",NA,NA,NA,NA,NA,NA,"Gaylor et al. 2002 Restoration Plan for District Lot 63 of the Pebble Beach Nature Reserve, Galiano Island, BC. Unpublished report. Available online:https://www.for.gov.bc.ca/hfd/library/fia/2002/FIA2002MR003.pdf","Gaylor et al. 2002 Restoration Plan for District Lot 63 of the Pebble Beach Nature Reserve, Galiano Island, BC. Unpublished report. Available online:https://www.for.gov.bc.ca/hfd/library/fia/2002/FIA2002MR003.pdf"
"28","Ribes sanguineum","Pursh",53435,"Plantae","Tracheophyta","Magnoliopsida","Saxifragales","",NA,NA,"Grossulariaceae","Ribes",NA,"sanguineum","","",NA,NA,NA,NA,NA,"GCA2002:49",NA,NA,"Nathan Gaylor, Odin Scholz & Keith Erickson",NA,NA,2002-03-01,NA,NA,NA,NA,"District Lot 63, Pebble Beach Reserve","Galiano Island","British Columbia",NA,NA,48.946327,-123.493078,380,"Andrew Simon","requires verification","coordinates generalized based on locality information: centroid of District Lot; positional accuracy defining a circle that encompasses the property",NA,NA,NA,NA,NA,NA,NA,NA,"native",NA,NA,NA,NA,NA,NA,"Gaylor et al. 2002 Restoration Plan for District Lot 63 of the Pebble Beach Nature Reserve, Galiano Island, BC. Unpublished report. Available online:https://www.for.gov.bc.ca/hfd/library/fia/2002/FIA2002MR003.pdf","Gaylor et al. 2002 Restoration Plan for District Lot 63 of the Pebble Beach Nature Reserve, Galiano Island, BC. Unpublished report. Available online:https://www.for.gov.bc.ca/hfd/library/fia/2002/FIA2002MR003.pdf"
"29","Rosa gymnocarpa","Nutt. ex Torr. & A. Gray",53441,"Plantae","Tracheophyta","Magnoliopsida","Rosales","",NA,NA,"Rosaceae","Rosa",NA,"gymnocarpa","","",NA,NA,NA,NA,NA,"GCA2002:50",NA,NA,"Nathan Gaylor, Odin Scholz & Keith Erickson",NA,NA,2002-03-01,NA,NA,NA,NA,"District Lot 63, Pebble Beach Reserve","Galiano Island","British Columbia",NA,NA,48.946327,-123.493078,380,"Andrew Simon","requires verification","coordinates generalized based on locality information: centroid of District Lot; positional accuracy defining a circle that encompasses the property",NA,NA,NA,NA,NA,NA,NA,NA,"native",NA,NA,NA,NA,NA,NA,"Gaylor et al. 2002 Restoration Plan for District Lot 63 of the Pebble Beach Nature Reserve, Galiano Island, BC. Unpublished report. Available online:https://www.for.gov.bc.ca/hfd/library/fia/2002/FIA2002MR003.pdf","Gaylor et al. 2002 Restoration Plan for District Lot 63 of the Pebble Beach Nature Reserve, Galiano Island, BC. Unpublished report. Available online:https://www.for.gov.bc.ca/hfd/library/fia/2002/FIA2002MR003.pdf"
"30","Rubus laciniatus","(Weston) Willd.",78891,"Plantae","Tracheophyta","Magnoliopsida","Rosales","",NA,NA,"Rosaceae","Rubus",NA,"fruticosus","","",NA,NA,NA,NA,NA,"GCA2002:52",NA,NA,"Nathan Gaylor, Odin Scholz & Keith Erickson",NA,NA,2002-03-01,NA,NA,NA,NA,"District Lot 63, Pebble Beach Reserve","Galiano Island","British Columbia",NA,NA,48.946327,-123.493078,380,"Andrew Simon","requires verification","coordinates generalized based on locality information: centroid of District Lot; positional accuracy defining a circle that encompasses the property",NA,NA,NA,NA,NA,NA,NA,NA,"exotic",NA,NA,NA,NA,NA,NA,"Gaylor et al. 2002 Restoration Plan for District Lot 63 of the Pebble Beach Nature Reserve, Galiano Island, BC. Unpublished report. Available online:https://www.for.gov.bc.ca/hfd/library/fia/2002/FIA2002MR003.pdf","Gaylor et al. 2002 Restoration Plan for District Lot 63 of the Pebble Beach Nature Reserve, Galiano Island, BC. Unpublished report. Available online:https://www.for.gov.bc.ca/hfd/library/fia/2002/FIA2002MR003.pdf"
"31","Rubus leucodermis","Douglas ex Torr. & A. Gray (unresolved)",63960,"Plantae","Tracheophyta","Magnoliopsida","Rosales","",NA,NA,"Rosaceae","Rubus",NA,"leucodermis","","",NA,NA,NA,NA,NA,"GCA2002:53",NA,NA,"Nathan Gaylor, Odin Scholz & Keith Erickson",NA,NA,2002-03-01,NA,NA,NA,NA,"District Lot 63, Pebble Beach Reserve","Galiano Island","British Columbia",NA,NA,48.946327,-123.493078,380,"Andrew Simon","requires verification","coordinates generalized based on locality information: centroid of District Lot; positional accuracy defining a circle that encompasses the property",NA,NA,NA,NA,NA,NA,NA,NA,"native",NA,NA,NA,NA,NA,NA,"Gaylor et al. 2002 Restoration Plan for District Lot 63 of the Pebble Beach Nature Reserve, Galiano Island, BC. Unpublished report. Available online:https://www.for.gov.bc.ca/hfd/library/fia/2002/FIA2002MR003.pdf","Gaylor et al. 2002 Restoration Plan for District Lot 63 of the Pebble Beach Nature Reserve, Galiano Island, BC. Unpublished report. Available online:https://www.for.gov.bc.ca/hfd/library/fia/2002/FIA2002MR003.pdf"
"32","Rubus parviflorus","Nutt.",51646,"Plantae","Tracheophyta","Magnoliopsida","Rosales","",NA,NA,"Rosaceae","Rubus",NA,"parviflorus","","",NA,NA,NA,NA,NA,"GCA2002:54",NA,NA,"Nathan Gaylor, Odin Scholz & Keith Erickson",NA,NA,2002-03-01,NA,NA,NA,NA,"District Lot 63, Pebble Beach Reserve","Galiano Island","British Columbia",NA,NA,48.946327,-123.493078,380,"Andrew Simon","requires verification","coordinates generalized based on locality information: centroid of District Lot; positional accuracy defining a circle that encompasses the property",NA,NA,NA,NA,NA,NA,NA,NA,"native",NA,NA,NA,NA,NA,NA,"Gaylor et al. 2002 Restoration Plan for District Lot 63 of the Pebble Beach Nature Reserve, Galiano Island, BC. Unpublished report. Available online:https://www.for.gov.bc.ca/hfd/library/fia/2002/FIA2002MR003.pdf","Gaylor et al. 2002 Restoration Plan for District Lot 63 of the Pebble Beach Nature Reserve, Galiano Island, BC. Unpublished report. Available online:https://www.for.gov.bc.ca/hfd/library/fia/2002/FIA2002MR003.pdf"
"33","Rubus spectabilis","Pursh",47543,"Plantae","Tracheophyta","Magnoliopsida","Rosales","",NA,NA,"Rosaceae","Rubus",NA,"spectabilis","","",NA,NA,NA,NA,NA,"GCA2002:55",NA,NA,"Nathan Gaylor, Odin Scholz & Keith Erickson",NA,NA,2002-03-01,NA,NA,NA,NA,"District Lot 63, Pebble Beach Reserve","Galiano Island","British Columbia",NA,NA,48.946327,-123.493078,380,"Andrew Simon","requires verification","coordinates generalized based on locality information: centroid of District Lot; positional accuracy defining a circle that encompasses the property",NA,NA,NA,NA,NA,NA,NA,NA,"native",NA,NA,NA,NA,NA,NA,"Gaylor et al. 2002 Restoration Plan for District Lot 63 of the Pebble Beach Nature Reserve, Galiano Island, BC. Unpublished report. Available online:https://www.for.gov.bc.ca/hfd/library/fia/2002/FIA2002MR003.pdf","Gaylor et al. 2002 Restoration Plan for District Lot 63 of the Pebble Beach Nature Reserve, Galiano Island, BC. Unpublished report. Available online:https://www.for.gov.bc.ca/hfd/library/fia/2002/FIA2002MR003.pdf"
"34","Rubus ursinus","Cham. & Schltdl.",53445,"Plantae","Tracheophyta","Magnoliopsida","Rosales","",NA,NA,"Rosaceae","Rubus",NA,"ursinus","","",NA,NA,NA,NA,NA,"GCA2002:56",NA,NA,"Nathan Gaylor, Odin Scholz & Keith Erickson",NA,NA,2002-03-01,NA,NA,NA,NA,"District Lot 63, Pebble Beach Reserve","Galiano Island","British Columbia",NA,NA,48.946327,-123.493078,380,"Andrew Simon","requires verification","coordinates generalized based on locality information: centroid of District Lot; positional accuracy defining a circle that encompasses the property",NA,NA,NA,NA,NA,NA,NA,NA,"native",NA,NA,NA,NA,NA,NA,"Gaylor et al. 2002 Restoration Plan for District Lot 63 of the Pebble Beach Nature Reserve, Galiano Island, BC. Unpublished report. Available online:https://www.for.gov.bc.ca/hfd/library/fia/2002/FIA2002MR003.pdf","Gaylor et al. 2002 Restoration Plan for District Lot 63 of the Pebble Beach Nature Reserve, Galiano Island, BC. Unpublished report. Available online:https://www.for.gov.bc.ca/hfd/library/fia/2002/FIA2002MR003.pdf"
"35","Salix scouleriana","Barratt ex Hook.",71076,"Plantae","Tracheophyta","Magnoliopsida","Malpighiales","",NA,NA,"Salicaceae","Salix",NA,"scouleriana","","",NA,NA,NA,NA,NA,"GCA2002:57",NA,NA,"Nathan Gaylor, Odin Scholz & Keith Erickson",NA,NA,2002-03-01,NA,NA,NA,NA,"District Lot 63, Pebble Beach Reserve","Galiano Island","British Columbia",NA,NA,48.946327,-123.493078,380,"Andrew Simon","requires verification","coordinates generalized based on locality information: centroid of District Lot; positional accuracy defining a circle that encompasses the property",NA,NA,NA,NA,NA,NA,NA,NA,"native",NA,NA,NA,NA,NA,NA,"Gaylor et al. 2002 Restoration Plan for District Lot 63 of the Pebble Beach Nature Reserve, Galiano Island, BC. Unpublished report. Available online:https://www.for.gov.bc.ca/hfd/library/fia/2002/FIA2002MR003.pdf","Gaylor et al. 2002 Restoration Plan for District Lot 63 of the Pebble Beach Nature Reserve, Galiano Island, BC. Unpublished report. Available online:https://www.for.gov.bc.ca/hfd/library/fia/2002/FIA2002MR003.pdf"
"36","Sorbus aucuparia","L.",56063,"Plantae","Tracheophyta","Magnoliopsida","Rosales","",NA,NA,"Rosaceae","Sorbus",NA,"aucuparia","","",NA,NA,NA,NA,NA,"GCA2002:60",NA,NA,"Nathan Gaylor, Odin Scholz & Keith Erickson",NA,NA,2002-03-01,NA,NA,NA,NA,"District Lot 63, Pebble Beach Reserve","Galiano Island","British Columbia",NA,NA,48.946327,-123.493078,380,"Andrew Simon","requires verification","coordinates generalized based on locality information: centroid of District Lot; positional accuracy defining a circle that encompasses the property",NA,NA,NA,NA,NA,NA,NA,NA,"exotic",NA,NA,NA,NA,NA,NA,"Gaylor et al. 2002 Restoration Plan for District Lot 63 of the Pebble Beach Nature Reserve, Galiano Island, BC. Unpublished report. Available online:https://www.for.gov.bc.ca/hfd/library/fia/2002/FIA2002MR003.pdf","Gaylor et al. 2002 Restoration Plan for District Lot 63 of the Pebble Beach Nature Reserve, Galiano Island, BC. Unpublished report. Available online:https://www.for.gov.bc.ca/hfd/library/fia/2002/FIA2002MR003.pdf"
"37","Taxus brevifolia","Nutt.",55209,"Plantae","Tracheophyta","Pinopsida","Pinales","",NA,NA,"Taxaceae","Taxus",NA,"brevifolia","","",NA,NA,NA,NA,NA,"GCA2002:65",NA,NA,"Nathan Gaylor, Odin Scholz & Keith Erickson",NA,NA,2002-03-01,NA,NA,NA,NA,"District Lot 63, Pebble Beach Reserve","Galiano Island","British Columbia",NA,NA,48.946327,-123.493078,380,"Andrew Simon","requires verification","coordinates generalized based on locality information: centroid of District Lot; positional accuracy defining a circle that encompasses the property",NA,NA,NA,NA,NA,NA,NA,NA,"native",NA,NA,NA,NA,NA,NA,"Gaylor et al. 2002 Restoration Plan for District Lot 63 of the Pebble Beach Nature Reserve, Galiano Island, BC. Unpublished report. Available online:https://www.for.gov.bc.ca/hfd/library/fia/2002/FIA2002MR003.pdf","Gaylor et al. 2002 Restoration Plan for District Lot 63 of the Pebble Beach Nature Reserve, Galiano Island, BC. Unpublished report. Available online:https://www.for.gov.bc.ca/hfd/library/fia/2002/FIA2002MR003.pdf"
"38","Tellima grandiflora","(Pursh) Douglas ex Lindl.",51655,"Plantae","Tracheophyta","Magnoliopsida","Saxifragales","",NA,NA,"Saxifragaceae","Tellima",NA,"grandiflora","","",NA,NA,NA,NA,NA,"GCA2002:66",NA,NA,"Nathan Gaylor, Odin Scholz & Keith Erickson",NA,NA,2002-03-01,NA,NA,NA,NA,"District Lot 63, Pebble Beach Reserve","Galiano Island","British Columbia",NA,NA,48.946327,-123.493078,380,"Andrew Simon","requires verification","coordinates generalized based on locality information: centroid of District Lot; positional accuracy defining a circle that encompasses the property",NA,NA,NA,NA,NA,NA,NA,NA,"native",NA,NA,NA,NA,NA,NA,"Gaylor et al. 2002 Restoration Plan for District Lot 63 of the Pebble Beach Nature Reserve, Galiano Island, BC. Unpublished report. Available online:https://www.for.gov.bc.ca/hfd/library/fia/2002/FIA2002MR003.pdf","Gaylor et al. 2002 Restoration Plan for District Lot 63 of the Pebble Beach Nature Reserve, Galiano Island, BC. Unpublished report. Available online:https://www.for.gov.bc.ca/hfd/library/fia/2002/FIA2002MR003.pdf"
"39","Thuja plicata","Donn ex D. Don",48252,"Plantae","Tracheophyta","Pinopsida","Pinales","",NA,NA,"Cupressaceae","Thuja",NA,"plicata","","",NA,NA,NA,NA,NA,"GCA2002:67",NA,NA,"Nathan Gaylor, Odin Scholz & Keith Erickson",NA,NA,2002-03-01,NA,NA,NA,NA,"District Lot 63, Pebble Beach Reserve","Galiano Island","British Columbia",NA,NA,48.946327,-123.493078,380,"Andrew Simon","requires verification","coordinates generalized based on locality information: centroid of District Lot; positional accuracy defining a circle that encompasses the property",NA,NA,NA,NA,NA,NA,NA,NA,"native",NA,NA,NA,NA,NA,NA,"Gaylor et al. 2002 Restoration Plan for District Lot 63 of the Pebble Beach Nature Reserve, Galiano Island, BC. Unpublished report. Available online:https://www.for.gov.bc.ca/hfd/library/fia/2002/FIA2002MR003.pdf","Gaylor et al. 2002 Restoration Plan for District Lot 63 of the Pebble Beach Nature Reserve, Galiano Island, BC. Unpublished report. Available online:https://www.for.gov.bc.ca/hfd/library/fia/2002/FIA2002MR003.pdf"
"40","Lysimachia latifolia","(Hook.) Cholewa",496537,"Plantae","Tracheophyta","Magnoliopsida","Ericales","",NA,NA,"Primulaceae","Lysimachia",NA,"latifolia","","",NA,NA,NA,NA,NA,"GCA2002:68",NA,NA,"Nathan Gaylor, Odin Scholz & Keith Erickson",NA,NA,2002-03-01,NA,NA,NA,NA,"District Lot 63, Pebble Beach Reserve","Galiano Island","British Columbia",NA,NA,48.946327,-123.493078,380,"Andrew Simon","requires verification","coordinates generalized based on locality information: centroid of District Lot; positional accuracy defining a circle that encompasses the property",NA,NA,NA,NA,NA,NA,NA,NA,"native",NA,NA,NA,NA,NA,NA,"Gaylor et al. 2002 Restoration Plan for District Lot 63 of the Pebble Beach Nature Reserve, Galiano Island, BC. Unpublished report. Available online:https://www.for.gov.bc.ca/hfd/library/fia/2002/FIA2002MR003.pdf","Gaylor et al. 2002 Restoration Plan for District Lot 63 of the Pebble Beach Nature Reserve, Galiano Island, BC. Unpublished report. Available online:https://www.for.gov.bc.ca/hfd/library/fia/2002/FIA2002MR003.pdf"
"41","Tsuga heterophylla","(Raf.) Sarg.",48254,"Plantae","Tracheophyta","Pinopsida","Pinales","",NA,NA,"Pinaceae","Tsuga",NA,"heterophylla","","",NA,NA,NA,NA,NA,"GCA2002:70",NA,NA,"Nathan Gaylor, Odin Scholz & Keith Erickson",NA,NA,2002-03-01,NA,NA,NA,NA,"District Lot 63, Pebble Beach Reserve","Galiano Island","British Columbia",NA,NA,48.946327,-123.493078,380,"Andrew Simon","requires verification","coordinates generalized based on locality information: centroid of District Lot; positional accuracy defining a circle that encompasses the property",NA,NA,NA,NA,NA,NA,NA,NA,"native",NA,NA,NA,NA,NA,NA,"Gaylor et al. 2002 Restoration Plan for District Lot 63 of the Pebble Beach Nature Reserve, Galiano Island, BC. Unpublished report. Available online:https://www.for.gov.bc.ca/hfd/library/fia/2002/FIA2002MR003.pdf","Gaylor et al. 2002 Restoration Plan for District Lot 63 of the Pebble Beach Nature Reserve, Galiano Island, BC. Unpublished report. Available online:https://www.for.gov.bc.ca/hfd/library/fia/2002/FIA2002MR003.pdf"
"42","Urtica dioica","L.",51884,"Plantae","Tracheophyta","Magnoliopsida","Rosales","",NA,NA,"Urticaceae","Urtica",NA,"dioica","","",NA,NA,NA,NA,NA,"GCA2002:71",NA,NA,"Nathan Gaylor, Odin Scholz & Keith Erickson",NA,NA,2002-03-01,NA,NA,NA,NA,"District Lot 63, Pebble Beach Reserve","Galiano Island","British Columbia",NA,NA,48.946327,-123.493078,380,"Andrew Simon","requires verification","coordinates generalized based on locality information: centroid of District Lot; positional accuracy defining a circle that encompasses the property",NA,NA,NA,NA,NA,NA,NA,NA,"exotic",NA,NA,NA,NA,NA,NA,"Gaylor et al. 2002 Restoration Plan for District Lot 63 of the Pebble Beach Nature Reserve, Galiano Island, BC. Unpublished report. Available online:https://www.for.gov.bc.ca/hfd/library/fia/2002/FIA2002MR003.pdf","Gaylor et al. 2002 Restoration Plan for District Lot 63 of the Pebble Beach Nature Reserve, Galiano Island, BC. Unpublished report. Available online:https://www.for.gov.bc.ca/hfd/library/fia/2002/FIA2002MR003.pdf"
"43","Vaccinium ovatum","Pursh",48349,"Plantae","Tracheophyta","Magnoliopsida","Ericales","",NA,NA,"Ericaceae","Vaccinium",NA,"ovatum","","",NA,NA,NA,NA,NA,"GCA2002:72",NA,NA,"Nathan Gaylor, Odin Scholz & Keith Erickson",NA,NA,2002-03-01,NA,NA,NA,NA,"District Lot 63, Pebble Beach Reserve","Galiano Island","British Columbia",NA,NA,48.946327,-123.493078,380,"Andrew Simon","requires verification","coordinates generalized based on locality information: centroid of District Lot; positional accuracy defining a circle that encompasses the property",NA,NA,NA,NA,NA,NA,NA,NA,"native",NA,NA,NA,NA,NA,NA,"Gaylor et al. 2002 Restoration Plan for District Lot 63 of the Pebble Beach Nature Reserve, Galiano Island, BC. Unpublished report. Available online:https://www.for.gov.bc.ca/hfd/library/fia/2002/FIA2002MR003.pdf","Gaylor et al. 2002 Restoration Plan for District Lot 63 of the Pebble Beach Nature Reserve, Galiano Island, BC. Unpublished report. Available online:https://www.for.gov.bc.ca/hfd/library/fia/2002/FIA2002MR003.pdf"
"44","Vaccinium ovatum","Pursh",48349,"Plantae","Tracheophyta","Magnoliopsida","Ericales","",NA,NA,"Ericaceae","Vaccinium",NA,"ovatum","","",NA,NA,NA,NA,NA,"GCA2002:73",NA,NA,"Nathan Gaylor, Odin Scholz & Keith Erickson",NA,NA,2002-03-01,NA,NA,NA,NA,"District Lot 63, Pebble Beach Reserve","Galiano Island","British Columbia",NA,NA,48.946327,-123.493078,380,"Andrew Simon","requires verification","coordinates generalized based on locality information: centroid of District Lot; positional accuracy defining a circle that encompasses the property",NA,NA,NA,NA,NA,NA,NA,NA,"native",NA,NA,NA,NA,NA,NA,"Gaylor et al. 2002 Restoration Plan for District Lot 63 of the Pebble Beach Nature Reserve, Galiano Island, BC. Unpublished report. Available online:https://www.for.gov.bc.ca/hfd/library/fia/2002/FIA2002MR003.pdf","Gaylor et al. 2002 Restoration Plan for District Lot 63 of the Pebble Beach Nature Reserve, Galiano Island, BC. Unpublished report. Available online:https://www.for.gov.bc.ca/hfd/library/fia/2002/FIA2002MR003.pdf"
"45","Vaccinium parvifolium","Sm.",48354,"Plantae","Tracheophyta","Magnoliopsida","Ericales","",NA,NA,"Ericaceae","Vaccinium",NA,"parvifolium","","",NA,NA,NA,NA,NA,"GCA2002:74",NA,NA,"Nathan Gaylor, Odin Scholz & Keith Erickson",NA,NA,2002-03-01,NA,NA,NA,NA,"District Lot 63, Pebble Beach Reserve","Galiano Island","British Columbia",NA,NA,48.946327,-123.493078,380,"Andrew Simon","requires verification","coordinates generalized based on locality information: centroid of District Lot; positional accuracy defining a circle that encompasses the property",NA,NA,NA,NA,NA,NA,NA,NA,"native",NA,NA,NA,NA,NA,NA,"Gaylor et al. 2002 Restoration Plan for District Lot 63 of the Pebble Beach Nature Reserve, Galiano Island, BC. Unpublished report. Available online:https://www.for.gov.bc.ca/hfd/library/fia/2002/FIA2002MR003.pdf","Gaylor et al. 2002 Restoration Plan for District Lot 63 of the Pebble Beach Nature Reserve, Galiano Island, BC. Unpublished report. Available online:https://www.for.gov.bc.ca/hfd/library/fia/2002/FIA2002MR003.pdf"
"46","Vicia sativa","L.",53324,"Plantae","Tracheophyta","Magnoliopsida","Fabales","",NA,NA,"Fabaceae","Vicia",NA,"sativa","","",NA,NA,NA,NA,NA,"GCA2002:75",NA,NA,"Nathan Gaylor, Odin Scholz & Keith Erickson",NA,NA,2002-03-01,NA,NA,NA,NA,"District Lot 63, Pebble Beach Reserve","Galiano Island","British Columbia",NA,NA,48.946327,-123.493078,380,"Andrew Simon","requires verification","coordinates generalized based on locality information: centroid of District Lot; positional accuracy defining a circle that encompasses the property",NA,NA,NA,NA,NA,NA,NA,NA,"exotic",NA,NA,NA,NA,NA,NA,"Gaylor et al. 2002 Restoration Plan for District Lot 63 of the Pebble Beach Nature Reserve, Galiano Island, BC. Unpublished report. Available online:https://www.for.gov.bc.ca/hfd/library/fia/2002/FIA2002MR003.pdf","Gaylor et al. 2002 Restoration Plan for District Lot 63 of the Pebble Beach Nature Reserve, Galiano Island, BC. Unpublished report. Available online:https://www.for.gov.bc.ca/hfd/library/fia/2002/FIA2002MR003.pdf"
"47","Acer glabrum var. douglasii","Torr.",181694,"Plantae","Tracheophyta","Magnoliopsida","Sapindales","",NA,NA,"Sapindaceae","Acer",NA,"glabrum","","douglasii",NA,NA,NA,NA,NA,"GCA2002:2",NA,NA,"Nathan Gaylor, Odin Scholz & Keith Erickson",NA,NA,2002-03-01,NA,NA,NA,NA,"District Lot 63, Pebble Beach Reserve","Galiano Island","British Columbia",NA,NA,48.946327,-123.493078,380,"Andrew Simon","requires verification","coordinates generalized based on locality information: centroid of District Lot; positional accuracy defining a circle that encompasses the property",NA,NA,NA,NA,NA,NA,NA,NA,"native",NA,NA,NA,NA,NA,NA,"Gaylor et al. 2002 Restoration Plan for District Lot 63 of the Pebble Beach Nature Reserve, Galiano Island, BC. Unpublished report. Available online:https://www.for.gov.bc.ca/hfd/library/fia/2002/FIA2002MR003.pdf","Gaylor et al. 2002 Restoration Plan for District Lot 63 of the Pebble Beach Nature Reserve, Galiano Island, BC. Unpublished report. Available online:https://www.for.gov.bc.ca/hfd/library/fia/2002/FIA2002MR003.pdf"
"48","Achillea millefolium complex","",1105043,"Plantae","Tracheophyta","Magnoliopsida","Asterales","",NA,NA,"Asteraceae","Achillea",NA,"millefolium","","",NA,NA,NA,NA,NA,"GCA2002:4",NA,NA,"Nathan Gaylor, Odin Scholz & Keith Erickson",NA,NA,2002-03-01,NA,NA,NA,NA,"District Lot 63, Pebble Beach Reserve","Galiano Island","British Columbia",NA,NA,48.946327,-123.493078,380,"Andrew Simon","requires verification","coordinates generalized based on locality information: centroid of District Lot; positional accuracy defining a circle that encompasses the property",NA,NA,NA,NA,NA,NA,NA,NA,"unlisted",NA,NA,NA,NA,NA,NA,"Gaylor et al. 2002 Restoration Plan for District Lot 63 of the Pebble Beach Nature Reserve, Galiano Island, BC. Unpublished report. Available online:https://www.for.gov.bc.ca/hfd/library/fia/2002/FIA2002MR003.pdf","Gaylor et al. 2002 Restoration Plan for District Lot 63 of the Pebble Beach Nature Reserve, Galiano Island, BC. Unpublished report. Available online:https://www.for.gov.bc.ca/hfd/library/fia/2002/FIA2002MR003.pdf"
"49","Athyrium filix-femina ssp. cyclosorum","(L.) Roth ex Mertens",61002,"Plantae","Tracheophyta","Polypodiopsida","Polypodiales","Aspleniinae",NA,NA,"Athyriaceae","Athyrium",NA,"filix-femina","cyclosorum","",NA,NA,NA,NA,NA,"GCA2002:12",NA,NA,"Nathan Gaylor, Odin Scholz & Keith Erickson",NA,NA,2002-03-01,NA,NA,NA,NA,"District Lot 63, Pebble Beach Reserve","Galiano Island","British Columbia",NA,NA,48.946327,-123.493078,380,"Andrew Simon","requires verification","coordinates generalized based on locality information: centroid of District Lot; positional accuracy defining a circle that encompasses the property",NA,NA,NA,NA,NA,NA,NA,NA,"native",NA,NA,NA,NA,NA,NA,"Gaylor et al. 2002 Restoration Plan for District Lot 63 of the Pebble Beach Nature Reserve, Galiano Island, BC. Unpublished report. Available online:https://www.for.gov.bc.ca/hfd/library/fia/2002/FIA2002MR003.pdf","Gaylor et al. 2002 Restoration Plan for District Lot 63 of the Pebble Beach Nature Reserve, Galiano Island, BC. Unpublished report. Available online:https://www.for.gov.bc.ca/hfd/library/fia/2002/FIA2002MR003.pdf"
"50","Struthiopteris spicant","(L.) F.W. Weiss",774894,"Plantae","Tracheophyta","Polypodiopsida","Polypodiales","Aspleniinae",NA,NA,"Blechnaceae","Struthiopteris",NA,"spicant","","",NA,NA,NA,NA,NA,"GCA2002:13",NA,NA,"Nathan Gaylor, Odin Scholz & Keith Erickson",NA,NA,2002-03-01,NA,NA,NA,NA,"District Lot 63, Pebble Beach Reserve","Galiano Island","British Columbia",NA,NA,48.946327,-123.493078,380,"Andrew Simon","requires verification","coordinates generalized based on locality information: centroid of District Lot; positional accuracy defining a circle that encompasses the property",NA,NA,NA,NA,NA,NA,NA,NA,"native",NA,NA,NA,NA,NA,NA,"Gaylor et al. 2002 Restoration Plan for District Lot 63 of the Pebble Beach Nature Reserve, Galiano Island, BC. Unpublished report. Available online:https://www.for.gov.bc.ca/hfd/library/fia/2002/FIA2002MR003.pdf","Gaylor et al. 2002 Restoration Plan for District Lot 63 of the Pebble Beach Nature Reserve, Galiano Island, BC. Unpublished report. Available online:https://www.for.gov.bc.ca/hfd/library/fia/2002/FIA2002MR003.pdf"
"51","Fragaria vesca ssp. bracteata","L.",236055,"Plantae","Tracheophyta","Magnoliopsida","Rosales","",NA,NA,"Rosaceae","Fragaria",NA,"vesca"," bracteata","",NA,NA,NA,NA,NA,"GCA2002:23",NA,NA,"Nathan Gaylor, Odin Scholz & Keith Erickson",NA,NA,2002-03-01,NA,NA,NA,NA,"District Lot 63, Pebble Beach Reserve","Galiano Island","British Columbia",NA,NA,48.946327,-123.493078,380,"Andrew Simon","requires verification","coordinates generalized based on locality information: centroid of District Lot; positional accuracy defining a circle that encompasses the property",NA,NA,NA,NA,NA,NA,NA,NA,"native",NA,NA,NA,NA,NA,NA,"Gaylor et al. 2002 Restoration Plan for District Lot 63 of the Pebble Beach Nature Reserve, Galiano Island, BC. Unpublished report. Available online:https://www.for.gov.bc.ca/hfd/library/fia/2002/FIA2002MR003.pdf","Gaylor et al. 2002 Restoration Plan for District Lot 63 of the Pebble Beach Nature Reserve, Galiano Island, BC. Unpublished report. Available online:https://www.for.gov.bc.ca/hfd/library/fia/2002/FIA2002MR003.pdf"
"52","Heuchera micrantha var. diversifolia","Douglas",51344,"Plantae","Tracheophyta","Magnoliopsida","Saxifragales","",NA,NA,"Saxifragaceae","Heuchera",NA,"micrantha","","diversifolia",NA,NA,NA,NA,NA,"GCA2002:33",NA,NA,"Nathan Gaylor, Odin Scholz & Keith Erickson",NA,NA,2002-03-01,NA,NA,NA,NA,"District Lot 63, Pebble Beach Reserve","Galiano Island","British Columbia",NA,NA,48.946327,-123.493078,380,"Andrew Simon","requires verification","coordinates generalized based on locality information: centroid of District Lot; positional accuracy defining a circle that encompasses the property",NA,NA,NA,NA,NA,NA,NA,NA,"native",NA,NA,NA,NA,NA,NA,"Gaylor et al. 2002 Restoration Plan for District Lot 63 of the Pebble Beach Nature Reserve, Galiano Island, BC. Unpublished report. Available online:https://www.for.gov.bc.ca/hfd/library/fia/2002/FIA2002MR003.pdf","Gaylor et al. 2002 Restoration Plan for District Lot 63 of the Pebble Beach Nature Reserve, Galiano Island, BC. Unpublished report. Available online:https://www.for.gov.bc.ca/hfd/library/fia/2002/FIA2002MR003.pdf"
"53","Holodiscus discolor var. discolor","(Pursh) Maxim.",80941,"Plantae","Tracheophyta","Magnoliopsida","Rosales","",NA,NA,"Rosaceae","Holodiscus",NA,"discolor","","",NA,NA,NA,NA,NA,"GCA2002:34",NA,NA,"Nathan Gaylor, Odin Scholz & Keith Erickson",NA,NA,2002-03-01,NA,NA,NA,NA,"District Lot 63, Pebble Beach Reserve","Galiano Island","British Columbia",NA,NA,48.946327,-123.493078,380,"Andrew Simon","requires verification","coordinates generalized based on locality information: centroid of District Lot; positional accuracy defining a circle that encompasses the property",NA,NA,NA,NA,NA,NA,NA,NA,"native",NA,NA,NA,NA,NA,NA,"Gaylor et al. 2002 Restoration Plan for District Lot 63 of the Pebble Beach Nature Reserve, Galiano Island, BC. Unpublished report. Available online:https://www.for.gov.bc.ca/hfd/library/fia/2002/FIA2002MR003.pdf","Gaylor et al. 2002 Restoration Plan for District Lot 63 of the Pebble Beach Nature Reserve, Galiano Island, BC. Unpublished report. Available online:https://www.for.gov.bc.ca/hfd/library/fia/2002/FIA2002MR003.pdf"
"54","Mycelis muralis","(L. Dumort.",48543,"Plantae","Tracheophyta","Magnoliopsida","Asterales","",NA,NA,"Asteraceae","Mycelis",NA,"muralis","","",NA,NA,NA,NA,NA,"GCA2002:36",NA,NA,"Nathan Gaylor, Odin Scholz & Keith Erickson",NA,NA,2002-03-01,NA,NA,NA,NA,"District Lot 63, Pebble Beach Reserve","Galiano Island","British Columbia",NA,NA,48.946327,-123.493078,380,"Andrew Simon","requires verification","coordinates generalized based on locality information: centroid of District Lot; positional accuracy defining a circle that encompasses the property",NA,NA,NA,NA,NA,NA,NA,NA,"exotic",NA,NA,NA,NA,NA,NA,"Gaylor et al. 2002 Restoration Plan for District Lot 63 of the Pebble Beach Nature Reserve, Galiano Island, BC. Unpublished report. Available online:https://www.for.gov.bc.ca/hfd/library/fia/2002/FIA2002MR003.pdf","Gaylor et al. 2002 Restoration Plan for District Lot 63 of the Pebble Beach Nature Reserve, Galiano Island, BC. Unpublished report. Available online:https://www.for.gov.bc.ca/hfd/library/fia/2002/FIA2002MR003.pdf"
"55","Linnaea borealis ssp. longiflora","L.",81026,"Plantae","Tracheophyta","Magnoliopsida","Dipsacales","",NA,NA,"Caprifoliaceae","Linnaea",NA,"borealis","longiflora","",NA,NA,NA,NA,NA,"GCA2002:37",NA,NA,"Nathan Gaylor, Odin Scholz & Keith Erickson",NA,NA,2002-03-01,NA,NA,NA,NA,"District Lot 63, Pebble Beach Reserve","Galiano Island","British Columbia",NA,NA,48.946327,-123.493078,380,"Andrew Simon","requires verification","coordinates generalized based on locality information: centroid of District Lot; positional accuracy defining a circle that encompasses the property",NA,NA,NA,NA,NA,NA,NA,NA,"native",NA,NA,NA,NA,NA,NA,"Gaylor et al. 2002 Restoration Plan for District Lot 63 of the Pebble Beach Nature Reserve, Galiano Island, BC. Unpublished report. Available online:https://www.for.gov.bc.ca/hfd/library/fia/2002/FIA2002MR003.pdf","Gaylor et al. 2002 Restoration Plan for District Lot 63 of the Pebble Beach Nature Reserve, Galiano Island, BC. Unpublished report. Available online:https://www.for.gov.bc.ca/hfd/library/fia/2002/FIA2002MR003.pdf"
"56","Lysichiton americanus","Hulten & H. St. John",48537,"Plantae","Tracheophyta","Liliopsida","Alismatales","",NA,NA,"Araceae","Lysichiton",NA,"americanus","","",NA,NA,NA,NA,NA,"GCA2002:40",NA,NA,"Nathan Gaylor, Odin Scholz & Keith Erickson",NA,NA,2002-03-01,NA,NA,NA,NA,"District Lot 63, Pebble Beach Reserve","Galiano Island","British Columbia",NA,NA,48.946327,-123.493078,380,"Andrew Simon","requires verification","coordinates generalized based on locality information: centroid of District Lot; positional accuracy defining a circle that encompasses the property",NA,NA,NA,NA,NA,NA,NA,NA,"native",NA,NA,NA,NA,NA,NA,"Gaylor et al. 2002 Restoration Plan for District Lot 63 of the Pebble Beach Nature Reserve, Galiano Island, BC. Unpublished report. Available online:https://www.for.gov.bc.ca/hfd/library/fia/2002/FIA2002MR003.pdf","Gaylor et al. 2002 Restoration Plan for District Lot 63 of the Pebble Beach Nature Reserve, Galiano Island, BC. Unpublished report. Available online:https://www.for.gov.bc.ca/hfd/library/fia/2002/FIA2002MR003.pdf"
"57","Berberis nervosa","Pursh",75756,"Plantae","Tracheophyta","Magnoliopsida","Ranunculales","",NA,NA,"Berberidaceae","Berberis",NA,"nervosa","","",NA,NA,NA,NA,NA,"GCA2002:41",NA,NA,"Nathan Gaylor, Odin Scholz & Keith Erickson",NA,NA,2002-03-01,NA,NA,NA,NA,"District Lot 63, Pebble Beach Reserve","Galiano Island","British Columbia",NA,NA,48.946327,-123.493078,380,"Andrew Simon","requires verification","coordinates generalized based on locality information: centroid of District Lot; positional accuracy defining a circle that encompasses the property",NA,NA,NA,NA,NA,NA,NA,NA,"native",NA,NA,NA,NA,NA,NA,"Gaylor et al. 2002 Restoration Plan for District Lot 63 of the Pebble Beach Nature Reserve, Galiano Island, BC. Unpublished report. Available online:https://www.for.gov.bc.ca/hfd/library/fia/2002/FIA2002MR003.pdf","Gaylor et al. 2002 Restoration Plan for District Lot 63 of the Pebble Beach Nature Reserve, Galiano Island, BC. Unpublished report. Available online:https://www.for.gov.bc.ca/hfd/library/fia/2002/FIA2002MR003.pdf"
"58","Prunus emarginata var. emarginata","(Douglas ex Hook.) D. Dietr.",63903,"Plantae","Tracheophyta","Magnoliopsida","Rosales","",NA,NA,"Rosaceae","Prunus",NA,"emarginata","","",NA,NA,NA,NA,NA,"GCA2002:45",NA,NA,"Nathan Gaylor, Odin Scholz & Keith Erickson",NA,NA,2002-03-01,NA,NA,NA,NA,"District Lot 63, Pebble Beach Reserve","Galiano Island","British Columbia",NA,NA,48.946327,-123.493078,380,"Andrew Simon","requires verification","coordinates generalized based on locality information: centroid of District Lot; positional accuracy defining a circle that encompasses the property",NA,NA,NA,NA,NA,NA,NA,NA,"native",NA,NA,NA,NA,NA,NA,"Gaylor et al. 2002 Restoration Plan for District Lot 63 of the Pebble Beach Nature Reserve, Galiano Island, BC. Unpublished report. Available online:https://www.for.gov.bc.ca/hfd/library/fia/2002/FIA2002MR003.pdf","Gaylor et al. 2002 Restoration Plan for District Lot 63 of the Pebble Beach Nature Reserve, Galiano Island, BC. Unpublished report. Available online:https://www.for.gov.bc.ca/hfd/library/fia/2002/FIA2002MR003.pdf"
"59","Pseudotsuga menziesii var. menziesii","(Mirb.) Franco",63910,"Plantae","Tracheophyta","Pinopsida","Pinales","",NA,NA,"Pinaceae","Pseudotsuga",NA,"menziesii","","",NA,NA,NA,NA,NA,"GCA2002:46",NA,NA,"Nathan Gaylor, Odin Scholz & Keith Erickson",NA,NA,2002-03-01,NA,NA,NA,NA,"District Lot 63, Pebble Beach Reserve","Galiano Island","British Columbia",NA,NA,48.946327,-123.493078,380,"Andrew Simon","requires verification","coordinates generalized based on locality information: centroid of District Lot; positional accuracy defining a circle that encompasses the property",NA,NA,NA,NA,NA,NA,NA,NA,"native",NA,NA,NA,NA,NA,NA,"Gaylor et al. 2002 Restoration Plan for District Lot 63 of the Pebble Beach Nature Reserve, Galiano Island, BC. Unpublished report. Available online:https://www.for.gov.bc.ca/hfd/library/fia/2002/FIA2002MR003.pdf","Gaylor et al. 2002 Restoration Plan for District Lot 63 of the Pebble Beach Nature Reserve, Galiano Island, BC. Unpublished report. Available online:https://www.for.gov.bc.ca/hfd/library/fia/2002/FIA2002MR003.pdf"
"60","Pteridium aquilinum ssp. pubescens","(L.) Kuhn",52684,"Plantae","Tracheophyta","Polypodiopsida","Polypodiales","Dennstaedtiineae",NA,NA,"Dennstaedtiaceae","Pteridium",NA,"aquilinum","pubescens","",NA,NA,NA,NA,NA,"GCA2002:47",NA,NA,"Nathan Gaylor, Odin Scholz & Keith Erickson",NA,NA,2002-03-01,NA,NA,NA,NA,"District Lot 63, Pebble Beach Reserve","Galiano Island","British Columbia",NA,NA,48.946327,-123.493078,380,"Andrew Simon","requires verification","coordinates generalized based on locality information: centroid of District Lot; positional accuracy defining a circle that encompasses the property",NA,NA,NA,NA,NA,NA,NA,NA,"native",NA,NA,NA,NA,NA,NA,"Gaylor et al. 2002 Restoration Plan for District Lot 63 of the Pebble Beach Nature Reserve, Galiano Island, BC. Unpublished report. Available online:https://www.for.gov.bc.ca/hfd/library/fia/2002/FIA2002MR003.pdf","Gaylor et al. 2002 Restoration Plan for District Lot 63 of the Pebble Beach Nature Reserve, Galiano Island, BC. Unpublished report. Available online:https://www.for.gov.bc.ca/hfd/library/fia/2002/FIA2002MR003.pdf"
"61","Rubus bifrons","Vest",168025,"Plantae","Tracheophyta","Magnoliopsida","Rosales","",NA,NA,"Rosaceae","Rubus",NA,"fruticosus","","",NA,NA,NA,NA,NA,"GCA2002:51",NA,NA,"Nathan Gaylor, Odin Scholz & Keith Erickson",NA,NA,2002-03-01,NA,NA,NA,NA,"District Lot 63, Pebble Beach Reserve","Galiano Island","British Columbia",NA,NA,48.946327,-123.493078,380,"Andrew Simon","requires verification","coordinates generalized based on locality information: centroid of District Lot; positional accuracy defining a circle that encompasses the property",NA,NA,NA,NA,NA,NA,NA,NA,"exotic",NA,NA,NA,NA,NA,NA,"Gaylor et al. 2002 Restoration Plan for District Lot 63 of the Pebble Beach Nature Reserve, Galiano Island, BC. Unpublished report. Available online:https://www.for.gov.bc.ca/hfd/library/fia/2002/FIA2002MR003.pdf","Gaylor et al. 2002 Restoration Plan for District Lot 63 of the Pebble Beach Nature Reserve, Galiano Island, BC. Unpublished report. Available online:https://www.for.gov.bc.ca/hfd/library/fia/2002/FIA2002MR003.pdf"
"62","Sambucus racemosa var. arborescens","L.",543175,"Plantae","Tracheophyta","Magnoliopsida","Dipsacales","",NA,NA,"Viburnaceae","Sambucus",NA,"racemosa","","arborescens",NA,NA,NA,NA,NA,"GCA2002:59",NA,NA,"Nathan Gaylor, Odin Scholz & Keith Erickson",NA,NA,2002-03-01,NA,NA,NA,NA,"District Lot 63, Pebble Beach Reserve","Galiano Island","British Columbia",NA,NA,48.946327,-123.493078,380,"Andrew Simon","requires verification","coordinates generalized based on locality information: centroid of District Lot; positional accuracy defining a circle that encompasses the property",NA,NA,NA,NA,NA,NA,NA,NA,"native",NA,NA,NA,NA,NA,NA,"Gaylor et al. 2002 Restoration Plan for District Lot 63 of the Pebble Beach Nature Reserve, Galiano Island, BC. Unpublished report. Available online:https://www.for.gov.bc.ca/hfd/library/fia/2002/FIA2002MR003.pdf","Gaylor et al. 2002 Restoration Plan for District Lot 63 of the Pebble Beach Nature Reserve, Galiano Island, BC. Unpublished report. Available online:https://www.for.gov.bc.ca/hfd/library/fia/2002/FIA2002MR003.pdf"
"63","Spiraea douglasii var. douglasii","Hook.",243048,"Plantae","Tracheophyta","Magnoliopsida","Rosales","",NA,NA,"Rosaceae","Spiraea",NA,"douglasii","","",NA,NA,NA,NA,NA,"GCA2002:61",NA,NA,"Nathan Gaylor, Odin Scholz & Keith Erickson",NA,NA,2002-03-01,NA,NA,NA,NA,"District Lot 63, Pebble Beach Reserve","Galiano Island","British Columbia",NA,NA,48.946327,-123.493078,380,"Andrew Simon","requires verification","coordinates generalized based on locality information: centroid of District Lot; positional accuracy defining a circle that encompasses the property",NA,NA,NA,NA,NA,NA,NA,NA,"native",NA,NA,NA,NA,NA,NA,"Gaylor et al. 2002 Restoration Plan for District Lot 63 of the Pebble Beach Nature Reserve, Galiano Island, BC. Unpublished report. Available online:https://www.for.gov.bc.ca/hfd/library/fia/2002/FIA2002MR003.pdf","Gaylor et al. 2002 Restoration Plan for District Lot 63 of the Pebble Beach Nature Reserve, Galiano Island, BC. Unpublished report. Available online:https://www.for.gov.bc.ca/hfd/library/fia/2002/FIA2002MR003.pdf"
"64","Symphoricarpos albus var. laevigatus","(L.) S.F. Blake",48525,"Plantae","Tracheophyta","Magnoliopsida","Dipsacales","",NA,NA,"Caprifoliaceae","Symphoricarpos",NA,"albus","","laevigatus",NA,NA,NA,NA,NA,"GCA2002:63",NA,NA,"Nathan Gaylor, Odin Scholz & Keith Erickson",NA,NA,2002-03-01,NA,NA,NA,NA,"District Lot 63, Pebble Beach Reserve","Galiano Island","British Columbia",NA,NA,48.946327,-123.493078,380,"Andrew Simon","requires verification","coordinates generalized based on locality information: centroid of District Lot; positional accuracy defining a circle that encompasses the property",NA,NA,NA,NA,NA,NA,NA,NA,"native",NA,NA,NA,NA,NA,NA,"Gaylor et al. 2002 Restoration Plan for District Lot 63 of the Pebble Beach Nature Reserve, Galiano Island, BC. Unpublished report. Available online:https://www.for.gov.bc.ca/hfd/library/fia/2002/FIA2002MR003.pdf","Gaylor et al. 2002 Restoration Plan for District Lot 63 of the Pebble Beach Nature Reserve, Galiano Island, BC. Unpublished report. Available online:https://www.for.gov.bc.ca/hfd/library/fia/2002/FIA2002MR003.pdf"
"65","Taraxacum officinale agg.","",47602,"Plantae","Tracheophyta","Magnoliopsida","Asterales","",NA,NA,"Asteraceae","Taraxacum",NA,"officinale","","",NA,NA,NA,NA,NA,"GCA2002:64",NA,NA,"Nathan Gaylor, Odin Scholz & Keith Erickson",NA,NA,2002-03-01,NA,NA,NA,NA,"District Lot 63, Pebble Beach Reserve","Galiano Island","British Columbia",NA,NA,48.946327,-123.493078,380,"Andrew Simon","requires verification","coordinates generalized based on locality information: centroid of District Lot; positional accuracy defining a circle that encompasses the property",NA,NA,NA,NA,NA,NA,NA,NA,"exotic",NA,NA,NA,NA,NA,NA,"Gaylor et al. 2002 Restoration Plan for District Lot 63 of the Pebble Beach Nature Reserve, Galiano Island, BC. Unpublished report. Available online:https://www.for.gov.bc.ca/hfd/library/fia/2002/FIA2002MR003.pdf","Gaylor et al. 2002 Restoration Plan for District Lot 63 of the Pebble Beach Nature Reserve, Galiano Island, BC. Unpublished report. Available online:https://www.for.gov.bc.ca/hfd/library/fia/2002/FIA2002MR003.pdf"
