Taxon,Taxon.Author,Subtaxon.Author,Common.Name,Kingdom,Phylum,Subphylum,Superclass,Class,Subclass,Superorder,Order,Suborder,Superfamily,Family,Subfamily,Tribe,Genus,Species,Hybrid,Subspecies,Variety,Origin,Provincial.Status,National.Status,Reporting.Status,Observation,Collected.Reported..y.m.d.,Collector.Source,Collection.List,Accession.Number,GBIF.ID,First.Observed,Observer,iNaturalist.Link,Notes,ID,Stats.Code,Name Status,Referred iNaturalist Id,Referred iNaturalist Name,Indexed iNaturalist Name,Observation Taxon Name
Anthoceros fusiformis,Austin,,dotted hornwort,Plantae,Anthocerotophyta,,,Anthocerotopsida,Anthocerotidae,,Anthocerotales,,,Anthocerotaceae,,,Anthoceros,fusiformis,,,,native,S3S4 (2020),,confirmed,observed,1962-06-04,Frank M. Boas & Wilfred B. Schofield,WTU,B-010848,,2018-04-01,Andrew Simon,iNat:13879380,Reported as Anthoceros punctatus; Check: Schofield’s report of Anthoceros punctatus is likely in error,56326,BRY,accepted,56326,Anthoceros fusiformis,Anthoceros fusiformis,Anthoceros fusiformis
Aulacomnium androgynum,(Hedw.) Schwägr.,,lover’s moss,Plantae,Bryophyta,,,Bryopsida,,,Aulacomniales,,,Aulacomniaceae,,,Aulacomnium,androgynum,,,,native,S5 (2015),,confirmed,observed,2017-05-13,"Olivia Lee, Steve Joya, Andrew Simon & Scott Gilmore",UBC,B213486,,2015-03-21,Lauren Magner & Andrew Simon,iNat:2608820,,124384,BRY,accepted,124384,Aulacomnium androgynum,Aulacomnium androgynum,Aulacomnium androgynum
Aulacomnium palustre,(Hedw.) Schwägr.,,bog groove-moss,Plantae,Bryophyta,,,Bryopsida,,,Aulacomniales,,,Aulacomniaceae,,,Aulacomnium,palustre,,,,native,S5 (2015),,confirmed,observed,2000-06-12,Hans Roemer,ER 128 Inventory,,,2020-05-07,Andrew Simon,iNat:45205086,,154189,BRY,accepted,154189,Aulacomnium palustre,Aulacomnium palustre,Aulacomnium palustre
Anacolia menziesii,(Turner) Paris,,Menzies’ Anacolia moss,Plantae,Bryophyta,,,Bryopsida,,,Bartramiales,,,Bartramiaceae,,,Anacolia,menziesii,,,,native,S4S5 (2015),,confirmed,observed,2010-01-26,Terry McIntosh,Bryos and Lichens of Mt Sutil Inventory 2010,,,2017-03-30,Andrew Simon,iNat:5537829,,128572,BRY,accepted,128572,Anacolia menziesii,Anacolia menziesii,Anacolia menziesii
Philonotis capillaris,Lindb.,,apple-moss,Plantae,Bryophyta,,,Bryopsida,,,Bartramiales,,,Bartramiaceae,,,Philonotis,capillaris,,,,native,S4 (2015),,confirmed,observed,2010-01-26,Terry McIntosh,Bryos and Lichens of Mt Sutil Inventory 2010,,,2017-12-31,Andrew Simon,iNat:9328978,,123642,BRY,accepted,123642,Philonotis capillaris,Philonotis capillaris,Philonotis capillaris
Philonotis fontana,(Hedw.) Brid.,,fountain apple-moss,Plantae,Bryophyta,,,Bryopsida,,,Bartramiales,,,Bartramiaceae,,,Philonotis,fontana,,,,native,S5,,confirmed,observed,2010-01-26,Terry McIntosh,Bryos and Lichens of Mt Sutil Inventory 2010,,,2017-03-30,Andrew Simon,iNat:5922794,,133809,BRY,accepted,133809,Philonotis fontana,Philonotis fontana,Philonotis fontana
Bryum argenteum,Hedw.,,silvergreen threadmoss,Plantae,Bryophyta,,,Bryopsida,,,Bryales,,,Bryaceae,,,Bryum,argenteum,,,,native,S4S5 (2015),,confirmed,observed,2010-01-26,Terry McIntosh,Bryos and Lichens of Mt Sutil Inventory 2010,,,2017-03-04,Andrew Simon,iNat:5227998,,123390,BRY,accepted,123390,Bryum argenteum,Bryum argenteum,Bryum argenteum
Bryum canariense,Brid.,,robust threadmoss,Plantae,Bryophyta,,,Bryopsida,,,Bryales,,,Bryaceae,,,Bryum,canariense,,,,native,S4S5 (2015),,new 2017,observed,,,,,,2017-02-11,Andrew Simon,iNat:5095101,,481178,BRY,accepted,67864,Bryum canariense,Rosulabryum canariense,Bryum canariense
Bryum dichotomum,Hedw.,,gemmate threadmoss,Plantae,Bryophyta,,,Bryopsida,,,Bryales,,,Bryaceae,,,Bryum,dichotomum,,,,native,S4? (2015),,reported,unobserved,1962-06-04,Wilfred B. Schofield,UBC,B111043,,,,,"Reported as Bryum bicolor; McClure Road, base of Quadra Hill; near Sturdies Bay",159528,BRY,accepted,159528,Bryum dichotomum,Bryum dichotomum,
Bryum erythroloma,(Kindb.) Syed,,threadmoss,Plantae,Bryophyta,,,Bryopsida,,,Bryales,,,Bryaceae,,,Bryum,erythroloma,,,,native,S2S3 (2011),,new 2020,observed,,,,,,2020-04-30,Andrew Simon,iNat:44442516,,520737,BRY,accepted,159529,Bryum erythroloma,Rosulabryum erythroloma,Bryum erythroloma
Imbribryum miniatum,(Lesq.) J.R. Spence,,red threadmoss,Plantae,Bryophyta,,,Bryopsida,,,Bryales,,,Bryaceae,,,Imbribryum,miniatum,,,,native,S4S5 (2015),,confirmed,observed,2010-01-26,Terry McIntosh,Bryos and Lichens of Mt Sutil Inventory 2010,,,2017-03-12,Andrew Simon,iNat:5296349,,538114,BRY,accepted,538114,Imbribryum miniatum,Imbribryum miniatum,Imbribryum miniatum
Imbribryum torenii,J.R. Spence & Shevock,,threadmoss,Plantae,Bryophyta,,,Bryopsida,,,Bryales,,,Bryaceae,,,Imbribryum,torenii,,,,native,unlisted,,new 2017,observed,,,,,,2017-03-04,Steve Joya & Andrew Simon,iNat:22644618,,622988,BRY,accepted,622988,Imbribryum torenii,Imbribryum torenii,Imbribryum torenii
Pohlia annotina,(Hedw.) Lindb.,,pale-fruited threadmoss,Plantae,Bryophyta,,,Bryopsida,,,Bryales,,,Mniaceae,,,Pohlia,annotina,,,,native,S4 (2015),,reported,unobserved,1962-06-04,Wilfred B. Schofield & F. M. Boas,UBC,B151533,,,,,"S Strait of Georgia, McLure Road, near Quadra Hill",167124,BRY,accepted,167124,Pohlia annotina,Pohlia annotina,
Ptychostomum capillare,(Hedw.) D. T. Holyoak & N. Pedersen,,capillary threadmoss,Plantae,Bryophyta,,,Bryopsida,,,Bryales,,,Bryaceae,,,Ptychostomum,capillare,,,,native,S4S5 (2015),,confirmed,observed,2014,Terry McIntosh,Bryophytes and Lichens from Galiano Island 2010–2015,,,2016-12-22,Andrew Simon,iNat:4838174,,1121982,BRY,accepted,1121982,Ptychostomum capillare,Ptychostomum capillare,Ptychostomum capillare
Ptychostomum pallens,(Sw.) J.R. Spence,,pale thread moss,Plantae,Bryophyta,,,Bryopsida,,,Bryales,,,Bryaceae,,,Ptychostomum,pallens,,,,native,S4S5 (2011),,new 2022,observed,,,,,,2022-04-10,Andrew Simon,iNat:111052938,,818538,BRY,accepted,818538,Ptychostomum pallens,Ptychostomum pallens,Ptychostomum pallens
Ptychostomum pseudotriquetrum,(Hedwig) J. R. Spence & H. P. Ramsay ex Holyoak & N. Pedersen,,marsh bryum,Plantae,Bryophyta,,,Bryopsida,,,Bryales,,,Bryaceae,,,Ptychostomum,pseudotriquetrum,,,,native,S5 (2015),,confirmed,observed,2017-05-13,Olivia Lee,UBC,B233234,,2016-10-23,Andrew Simon,iNat:4425667,,68300,BRY,accepted,68300,Ptychostomum pseudotriquetrum,Ptychostomum pseudotriquetrum,Ptychostomum pseudotriquetrum
Rosulabryum torquescens,(Bruch ex De Not.) J.R. Spence,,twisted threadmoss,Plantae,Bryophyta,,,Bryopsida,,,Bryales,,,Bryaceae,,,Ptychostomum,torquescens,,,,native,S4S5 (2011),,reported,unobserved,1962-06-03,Wilfred B. Schofield,UBC,B103508,,,,,,466642,BRY,unaccepted,1122377,Ptychostomum torquescens,Rosulabryum torquescens,
Epipterygium biauritum,Hanusch et al.,,transparent thread-moss,Plantae,Bryophyta,,,Bryopsida,,,Bryales,,,Mniaceae,,,Epipterygium,biauritum,,,,native,S3S4 (2015),,confirmed,observed,1962-06-03,Wilfred B. Schofield & F. M. Boas,UBC,B3066,,2020-04-30,Andrew Simon,iNat:44459129,reported as Epipterygium tozeri,1458560,BRY,accepted,1458560,Epipterygium biauritum,Epipterygium biauritum,Epipterygium biauritum
Leucolepis acanthoneura,(Schwägr.) Lindb.,,Menzies' tree moss,Plantae,Bryophyta,,,Bryopsida,,,Bryales,,,Mniaceae,,,Leucolepis,acanthoneura,,,,native,S5? (2015),,confirmed,observed,2010-01-26,Terry McIntosh,Bryos and Lichens of Mt Sutil Inventory 2010,,,2015-03-21,Lauren Magner & Andrew Simon,iNat:2608775,,120870,BRY,accepted,120870,Leucolepis acanthoneura,Leucolepis acanthoneura,Leucolepis acanthoneura
Mnium spinulosum,Bruch & Schimp.,,red-mouthed leafy-moss,Plantae,Bryophyta,,,Bryopsida,,,Bryales,,,Mniaceae,,,Mnium,spinulosum,,,,native,S5 (2015),,new 2018,observed,,,,,,2018-04-01,"Steve Joya, Olivia Lee & Andrew Simon",iNat:10564762,,124391,BRY,accepted,124391,Mnium spinulosum,Mnium spinulosum,Mnium spinulosum
Plagiomnium insigne,(Mitt.) T.J. Kop.,,badge moss,Plantae,Bryophyta,,,Bryopsida,,,Bryales,,,Mniaceae,,,Plagiomnium,insigne,,,,native,S4S5,,confirmed,observed,2010-01-26,Terry McIntosh,Bryos and Lichens of Mt Sutil Inventory 2010,,,2014-09-27,Andrew Simon,iNat:2632416,,122705,BRY,accepted,122705,Plagiomnium insigne,Plagiomnium insigne,Plagiomnium insigne
Plagiomnium venustum,(Mitt.) T.J. Kop.,,magnificent moss,Plantae,Bryophyta,,,Bryopsida,,,Bryales,,,Mniaceae,,,Plagiomnium,venustum,,,,native,S4S5 (2015),,confirmed,observed,2010-01-26,Terry McIntosh,Bryos and Lichens of Mt Sutil Inventory 2010,,,2015-03-28,Lauren Magner & Andrew Simon,iNat:2663660,,126179,BRY,accepted,126179,Plagiomnium venustum,Plagiomnium venustum,Plagiomnium venustum
Rhizomnium glabrescens,(Kindb.) T.J. Kop.,,fan moss,Plantae,Bryophyta,,,Bryopsida,,,Bryales,,,Mniaceae,,,Rhizomnium,glabrescens,,,,native,S4S5,,confirmed,observed,2000-06-12,Hans Roemer,ER 128 Inventory,,,2015-03-04,Lauren Magner & Andrew Simon,iNat:2568990,,85421,BRY,accepted,85421,Rhizomnium glabrescens,Rhizomnium glabrescens,Rhizomnium glabrescens
Cynodontium jenneri,(Schimper) Stirton,,Jenner's dog-tooth moss,Plantae,Bryophyta,,,Bryopsida,,,Dicranales,,,Rhabdoweisiaceae,,,Cynodontium,jenneri,,,,native,S4S5 (2011),,new 2017,observed,,,,,,2017-03-04,Andrew Simon,iNat:22644351,,161409,BRY,accepted,161409,Cynodontium jenneri,Cynodontium jenneri,Cynodontium jenneri
Dichodontium pellucidum,(Hedw.) Schimp.,,transparent fork-moss,Plantae,Bryophyta,,,Bryopsida,,,Dicranales,,,Aongstroemiaceae,,,Dichodontium,pellucidum,,,,native,S5 (2015),,new 2019,observed,,,,,,2019-03-17,Andrew Simon,iNat:21350313,,161820,BRY,accepted,161820,Dichodontium pellucidum,Dichodontium pellucidum,Dichodontium pellucidum
Dicranum fuscescens,Turner,,dusky forkmoss,Plantae,Bryophyta,,,Bryopsida,,,Dicranales,,,Dicranaceae,,,Dicranum,fuscescens,,,,native,S5 (2015) *listed subtaxa in BC,,confirmed,observed,2015,Terry McIntosh,Bryophytes and Lichens from Galiano Island 2010–2015,,,2015-09-27,Andrew Simon,iNat:2632495,,123177,BRY,accepted,123177,Dicranum fuscescens,Dicranum fuscescens,Dicranum fuscescens
Dicranum howellii,Renauld & Cardot,,Howell’s forkmoss,Plantae,Bryophyta,,,Bryopsida,,,Dicranales,,,Dicranaceae,,,Dicranum,howellii,,,,native,S4S5 (2011),,new 2016,observed,,,,,,2016-10-23,Andrew Simon,iNat:4850005,,161860,BRY,accepted,161860,Dicranum howellii,Dicranum howellii,Dicranum howellii
Dicranum polysetum,Sw.,,wavy-leaved moss,Plantae,Bryophyta,,,Bryopsida,,,Dicranales,,,Dicranaceae,,,Dicranum,polysetum,,,,native,S5? (2015),,reported,unobserved,2000-06-12,Hans Roemer,ER 128 Inventory,,,,,,,161868,BRY,accepted,161868,Dicranum polysetum,Dicranum polysetum,
Dicranum scoparium,Hedw.,,broom moss,Plantae,Bryophyta,,,Bryopsida,,,Dicranales,,,Dicranaceae,,,Dicranum,scoparium,,,,native,S5 (2015),,confirmed,observed,2010-01-26,Terry McIntosh,Bryos and Lichens of Mt Sutil Inventory 2010,,,2015-03-21,Lauren Magner & Andrew Simon,iNat:2608937,,123134,BRY,accepted,123134,Dicranum scoparium,Dicranum scoparium,Dicranum scoparium
Dicranum tauricum,Sapjegin,,fragile forkmoss,Plantae,Bryophyta,,,Bryopsida,,,Dicranales,,,Dicranaceae,,,Dicranum,tauricum,,,,native,S5 (2015),,confirmed,observed,2015,Terry McIntosh,Bryophytes and Lichens from Galiano Island 2010–2015,,,2016-04-01,Andrew Simon,iNat:4849361,,161872,BRY,accepted,161872,Dicranum tauricum,Dicranum tauricum,Dicranum tauricum
Ceratodon purpureus,(Hedw.) Brid.,,fire moss,Plantae,Bryophyta,,,Bryopsida,,,Dicranales,,,Ditrichaceae,,,Ceratodon,purpureus,,,,native,S5,,confirmed,observed,2010-01-26,Terry McIntosh,Bryos and Lichens of Mt Sutil Inventory 2010,,,2013-03-22,Ryan Batten,iNat:9142296,,123117,BRY,accepted,123117,Ceratodon purpureus,Ceratodon purpureus,Ceratodon purpureus
Pleuridium acuminatum,Lindb.,,awl-leaved earthmoss,Plantae,Bryophyta,,,Bryopsida,,,Dicranales,,,Ditrichaceae,,,Pleuridium,acuminatum,,,,native,SU (2015),,confirmed,observed,2010-01-26,Terry McIntosh,Bryos and Lichens of Mt Sutil Inventory 2010,,,2018-04-01,"Steve Joya, Olivia Lee & Andrew Simon",iNat:10564444,,127427,BRY,accepted,127427,Pleuridium acuminatum,Pleuridium acuminatum,Pleuridium acuminatum
Hymenoloma crispulum,(Hedw.) Ochyra,,mountain pincushion,Plantae,Bryophyta,,,Bryopsida,,,Dicranales,,,Hymenolomataceae,,,Hymenoloma,crispulum,,,,native,S4S5 (2015),,confirmed,observed,2015,Terry McIntosh,Bryophytes and Lichens from Galiano Island 2010–2015,,,2015-04-04,Andrew Simon,iNat:2567328,,154135,BRY,accepted,1122768,Hymenoloma crispulum,Dicranoweisia crispula,Hymenoloma crispulum
Dicranoweisia cirrata,(Hedw.) Lindb.,,common pincushion,Plantae,Bryophyta,,,Bryopsida,,,Dicranales,,,Rhabdoweisiaceae,,,Dicranoweisia,cirrata,,,,native,S3S4 (2015),,confirmed,observed,2015,Terry McIntosh,Bryophytes and Lichens from Galiano Island 2010–2015,,,2015-02-22,Andrew Simon,iNat:2566285,,67949,BRY,accepted,67949,Dicranoweisia cirrata,Dicranoweisia cirrata,Dicranoweisia cirrata
Encalypta sp.,,,,Plantae,Bryophyta,,,Bryopsida,,,Encalyptales,,,Encalyptaceae,,,Encalypta,,,,,,,,new 2021,observed,,,,,,2021-10-23,Dan Tucker,iNat:99661795,,48368,BRY,accepted,48368,Encalypta,Encalypta,Encalypta
Fissidens bryoides,Hedw.,,lesser pocket-moss,Plantae,Bryophyta,,,Bryopsida,,,Dicranales,,,Fissidentaceae,,,Fissidens,bryoides,,,,native,S4S5 (2011),,confirmed,observed,2010-01-26,Terry McIntosh,Bryos and Lichens of Mt Sutil Inventory 2010,,,2015-03-25,Lauren Magner & Andrew Simon,iNat:2573883,,124421,BRY,accepted,124421,Fissidens bryoides,Fissidens bryoides,Fissidens bryoides
Fissidens crispus,Sull.,,Herzog’s pocket-moss,Plantae,Bryophyta,,,Bryopsida,,,Dicranales,,,Fissidentaceae,,,Fissidens,crispus,,,,native,S3S4 (2015),,confirmed,observed,1962-06-03,Wilfred B. Schofield & F. M. Boas,UBC,B38500,,2018-04-01,"Steve Joya, Olivia Lee & Andrew Simon",iNat:10671934,Reported as syn. Fissidens limbatus,67883,BRY,accepted,67883,Fissidens crispus,Fissidens crispus,Fissidens crispus
Entosthodon fascicularis,(Hedw.) Müll.Hal.,,banded cord-moss,Plantae,Bryophyta,,,Bryopsida,,,Funariales,,,Funariaceae,,,Entosthodon,fascicularis,,,,native,S2S3 (2015),1-SC (2006),new 2022,observed,,,,,,2022-05-11,Andrew Simon,iNat:116636215,,162342,BRY,accepted,162342,Entosthodon fascicularis,Entosthodon fascicularis,Entosthodon fascicularis
Entosthodon muhlenbergii,(Turner) Fife,,Muhlenberg’s cord-moss,Plantae,Bryophyta,,,Bryopsida,,,Funariales,,,Funariaceae,,,Entosthodon,muhlenbergii,,,,native,S3? (2011),,confirmed,observed,2010-01-26,Terry McIntosh,Bryos and Lichens of Mt Sutil Inventory 2010,,,2013-03-22,Ryan Batten,iNat:9142562,,917753,BRY,accepted,917753,Entosthodon muhlenbergii,Entosthodon muhlenbergii,Entosthodon muhlenbergii
Funaria hygrometrica,Hedw.,,common cord-moss,Plantae,Bryophyta,,,Bryopsida,,,Funariales,,,Funariaceae,,,Funaria,hygrometrica,,,,native,S4S5 (2015),,new 2018,observed,,,,,,2018-03-09,Andrew Simon,iNat:10169600,,120000,BRY,accepted,120000,Funaria hygrometrica,Funaria hygrometrica,Funaria hygrometrica
Tetraplodon mnioides,(Sw. ex Hedw.) Bruch & Schimp,,slender cruet-moss,Plantae,Bryophyta,,,Bryopsida,,,Splachnales,,,Splachnaceae,,,Tetraplodon,mnioides,,,,native,S4 (2015),,new 2013,observed,,,,,,2013-03-22,Ryan Batten,iNat:9142637,,133496,BRY,accepted,133496,Tetraplodon mnioides,Tetraplodon mnioides,Tetraplodon mnioides
Grimmia cf montana,Bruch & Schimp.,,montane dry rock moss,Plantae,Bryophyta,,,Bryopsida,,,Grimmiales,,,Grimmiaceae,,,Grimmia,montana,,,,native,S3S4 (2011),,reported,unobserved,2010-04-17,Kent Brothers,VMS,,,,,,,154180,BRY,accepted,154180,Grimmia montana,Grimmia montana,
Grimmia leibergii,Paris,,Leiberg’s Grimmia,Plantae,Bryophyta,,,Bryopsida,,,Grimmiales,,,Grimmiaceae,,,Grimmia,leibergii,,,,native,S2S3 (2015),,confirmed,observed,2015,Terry McIntosh,Bryophytes and Lichens from Galiano Island 2010–2015,,,2015-03-21,Lauren Magner & Andrew Simon,iNat:2605709,,163390,BRY,accepted,163390,Grimmia leibergii,Grimmia leibergii,error
Grimmia lisae,De Not.,,rockmoss,Plantae,Bryophyta,,,Bryopsida,,,Grimmiales,,,Grimmiaceae,,,Grimmia,lisae,,,,native,SU (2015),,new 2015,observed,,,,,,2015-08-28,Lauren Magner & Andrew Simon,iNat:3734915,,163391,BRY,accepted,163391,Grimmia lisae,Grimmia lisae,Grimmia lisae
Grimmia ovalis,(Hedw.) Lindb. ,,flat-rock Grimmia,Plantae,Bryophyta,,,Bryopsida,,,Grimmiales,,,Grimmiaceae,,,Grimmia,ovalis,,,,native,S4? (2015),,new 2022,observed,,,,,,2022-04-30,Andrew Simon,iNat:114122128,,163397,BRY,accepted,163397,Grimmia ovalis,Grimmia ovalis,Grimmia ovalis
Grimmia pulvinata,(Hedw.) Sm.,,grey-cushioned Grimmia,Plantae,Bryophyta,,,Bryopsida,,,Grimmiales,,,Grimmiaceae,,,Grimmia,pulvinata,,,,native,S4S5 (2015),,confirmed,observed,1962-06-04,Wilfred B. Schofield,UBC,B113701,,2016-12-22,Andrew Simon,iNat:4837303,,56117,BRY,accepted,56117,Grimmia pulvinata,Grimmia pulvinata,Grimmia pulvinata
Grimmia ramondii,(Lam. & DC.) Margad.,,spreading-leaved Grimmia,Plantae,Bryophyta,,,Bryopsida,,,Grimmiales,,,Grimmiaceae,,,Grimmia,ramondii,,,,native,S4S5 (2011),,new 2021,observed,,,,,,2021-06-12,Dan Tucker & Andrew Simon,iNat:82929629,,338191,BRY,accepted,338191,Grimmia ramondii,Grimmia ramondii,Grimmia ramondii
Grimmia trichophylla,Grev.,,hair-pointed Grimmia,Plantae,Bryophyta,,,Bryopsida,,,Grimmiales,,,Grimmiaceae,,,Grimmia,trichophylla,,,,native,S4S5 (2015),,confirmed,observed,2010-01-26,Terry McIntosh,Bryos and Lichens of Mt Sutil Inventory 2010,,,2017-04-02,Andrew Simon,iNat:5551251,,163406,BRY,accepted,163406,Grimmia trichophylla,Grimmia trichophylla,Grimmia trichophylla
Racomitrium aciculare,Bridel,,yellow fringe-moss,Plantae,Bryophyta,,,Bryopsida,,,Grimmiales,,,Grimmiaceae,,,Racomitrium,aciculare,,,,native,S4S5 (2015),,new 2018,observed,,,,,,2018-04-01,"Steve Joya, Olivia Lee & Andrew Simon",iNat:13879692,,129655,BRY,accepted,129655,Racomitrium aciculare,Racomitrium aciculare,Racomitrium aciculare
Racomitrium affine,Lindberg,,lesser fringe-moss,Plantae,Bryophyta,,,Bryopsida,,,Grimmiales,,,Grimmiaceae,,,Racomitrium,affine,,,,native,S2S3 (2015),,confirmed,observed,1962-06-04,Frank M. Boas & Wilfred B. Schofield,WTU,B-036060,,2022-04-10,Andrew Simon,iNat:111053090,,167675,BRY,accepted,167675,Racomitrium affine,Racomitrium affine,Racomitrium affine
Racomitrium elongatum,Ehrhart ex Frisvoll,,long fringe-moss,Plantae,Bryophyta,,,Bryopsida,,,Grimmiales,,,Grimmiaceae,,,Racomitrium,elongatum,,,,native,S4S5,,confirmed,observed,2010-01-26,Terry McIntosh,Bryos and Lichens of Mt Sutil Inventory 2010,,,2015-03-21,Lauren Magner & Andrew Simon,iNat:2608522,,167681,BRY,accepted,167681,Racomitrium elongatum,Racomitrium elongatum,Racomitrium elongatum
Racomitrium heterostichum,(Hedw.) Brid.,,yellow-green rockmoss,Plantae,Bryophyta,,,Bryopsida,,,Grimmiales,,,Grimmiaceae,,,Racomitrium,heterostichum,,,,native,S4S5 (2015),,confirmed,observed,2010-01-26,Terry McIntosh,Bryos and Lichens of Mt Sutil Inventory 2010,,,2016-05-14,Lauren Magner & Andrew Simon,iNat:3181042,,167683,BRY,accepted,167683,Racomitrium heterostichum,Racomitrium heterostichum,Racomitrium heterostichum
Racomitrium lanuginosum,(Hedw.) Brid.,,woolly fringe-moss,Plantae,Bryophyta,,,Bryopsida,,,Grimmiales,,,Grimmiaceae,,,Racomitrium,lanuginosum,,,,native,S3S5 (2015),,confirmed,observed,2014,Terry McIntosh,Bryophytes and Lichens from Galiano Island 2010–2015,,,2015-03-28,Lauren Magner & Andrew Simon,iNat:2663632,,167684,BRY,accepted,167684,Racomitrium lanuginosum,Racomitrium lanuginosum,Racomitrium lanuginosum
Racomitrium occidentale,Renauld & Cardot,,western rockmoss,Plantae,Bryophyta,,,Bryopsida,,,Grimmiales,,,Grimmiaceae,,,Racomitrium,occidentale,,,,native,S4S5 (2015),,reported,unobserved,1974-04-21,Wilfred B. Schofield,UBC,B45921,,,,,check this specimen,167690,BRY,accepted,167690,Racomitrium occidentale,Racomitrium occidentale,
Racomitrium pacificum, Ireland & Spence,,Pacific rockmoss,Plantae,Bryophyta,,,Bryopsida,,,Grimmiales,,,Grimmiaceae,,,Racomitrium,pacificum,,,,native,S3 (2015),,confirmed,observed,,,,,,2022-05-29,Andrew Simon,iNat:119369428,,167691,BRY,accepted,167691,Racomitrium pacificum,Racomitrium pacificum,Racomitrium pacificum
Racomitrium varium,Jaeger,,rockmoss,Plantae,Bryophyta,,,Bryopsida,,,Grimmiales,,,Grimmiaceae,,,Racomitrium,varium,,,,native,S4S5 (2015),,new 2016,observed,,,,,,2016-12-22,Andrew Simon,iNat:4841453,,167696,BRY,accepted,167696,Racomitrium varium,Racomitrium varium,Racomitrium varium
Schistidium maritimum,(Turner ex Robt. Scott) Bruch & Schimp,,seaside Grimmia,Plantae,Bryophyta,,,Bryopsida,,,Grimmiales,,,Grimmiaceae,,,Schistidium,maritimum,,,,native,S4S5 (2015),,confirmed,observed,2015,Terry McIntosh,Bryophytes and Lichens from Galiano Island 2010–2015,,,2015-03-21,Lauren Magner & Andrew Simon,iNat:2608657,,168578,BRY,accepted,168578,Schistidium maritimum,Schistidium maritimum,Schistidium maritimum
Schistidium pulchrum,H.H. Blom,,showy bloom moss,Plantae,Bryophyta,,,Bryopsida,,,Grimmiales,,,Grimmiaceae,,,Schistidium,pulchrum,,,,native,S3 (2015),,reported,unobserved,2012-06-09,Terry McIntosh,UBC,B229138,,,,,,168582,BRY,accepted,168582,Schistidium pulchrum,Schistidium pulchrum,
Ptychomitrium gardneri,Lesq.,,Gardner’s Ptychomitrium moss,Plantae,Bryophyta,,,Bryopsida,,,Grimmiales,,,Ptychomitriaceae,,,Ptychomitrium,gardneri,,,,native,S3S4 (2015),,reported,unobserved,1974-04-21,Wilfred B. Schofield,UBC,B149847,,,,,north of Cook Rd.,167566,BRY,accepted,167566,Ptychomitrium gardneri,Ptychomitrium gardneri,
Calliergonella cuspidata,(Hedw.) Loeske,,pointed spear-moss,Plantae,Bryophyta,,,Bryopsida,,,Hypnales,,,Pylaisiaceae,,,Calliergonella,cuspidata,,,,native,S4S5 (2015),,new 2016,observed,,,,,,2016-03-03,Andrew Simon,iNat:2763242,,159669,BRY,accepted,159669,Calliergonella cuspidata,Calliergonella cuspidata,Calliergonella cuspidata
Brachytheciastrum velutinum,(Hedw.) Ignatov & Huttunen,,velvet feather-moss,Plantae,Bryophyta,,,Bryopsida,,,Hypnales,,,Brachytheciaceae,,,Brachytheciastrum,velutinum,,,,native,S4S5 (2011),,new 2018,observed,,,,,,2018-04-01,"Steve Joya, Olivia Lee & Andrew Simon",iNat:10999575,,917745,BRY,accepted,917745,Brachytheciastrum velutinum,Brachytheciastrum velutinum,Brachytheciastrum velutinum
Brachythecium albicans,(Hedw.) Schimp.,,whitish feather-moss,Plantae,Bryophyta,,,Bryopsida,,,Hypnales,,,Brachytheciaceae,,,Brachythecium,albicans,,,,native,S4S5 (2015),,confirmed,observed,2010-01-26,Terry McIntosh,Bryos and Lichens of Mt Sutil Inventory 2010,,,2017-03-19,Sarah Tweedale & Andrew Simon,iNat:5411692,,123771,BRY,accepted,123771,Brachythecium albicans,Brachythecium albicans,Brachythecium albicans
Brachythecium frigidum,(Müll. Hal.) Besch.,,cold brachythecium moss,Plantae,Bryophyta,,,Bryopsida,,,Hypnales,,,Brachytheciaceae,,,Brachythecium,frigidum,,,,native,S5? (2015),,new 2017,observed,,,,,,2017-04-27,Andrew Simon,iNat:6189981,,123270,BRY,accepted,123270,Brachythecium frigidum,Brachythecium frigidum,Brachythecium frigidum
Brachythecium sp.,,,,Plantae,Bryophyta,,,Bryopsida,,,Hypnales,,,Brachytheciaceae,,,Brachythecium,,,,,,,,new 2018,observed,,,,,,2018-02-14,Andrew Simon,iNat:14547001,temporarily reported as Brachythecium erythrorrhizon var. erythrorrhizon,239648,BRY,accepted,67860,Brachythecium,Brachythecium erythrorrhizon erythrorrhizon,Brachythecium erythrorrhizon erythrorrhizon
Eurhynchiastrum pulchellum,(Hedw.) Ignatov & Huttunen,,elegant beaked moss,Plantae,Bryophyta,,,Bryopsida,,,Hypnales,,,Brachytheciaceae,,,Eurhynchiastrum,pulchellum,,,,native,S4S5 (2011),,new 2020,observed,,,,,,2020-11-10,Randal Mindell,iNat:64809837,,447837,BRY,accepted,447837,Eurhynchiastrum pulchellum,Eurhynchiastrum pulchellum,Eurhynchiastrum pulchellum
Homalothecium aeneum,(Mitt.) E. Lawton,,golden curl-moss,Plantae,Bryophyta,,,Bryopsida,,,Hypnales,,,Brachytheciaceae,,,Homalothecium,aeneum,,,,native,unlisted,,confirmed,observed,2010-01-26,Terry McIntosh,Bryos and Lichens of Mt Sutil Inventory 2010,,,2017-05-13,Andrew Simon,iNat:6217932,,163824,BRY,accepted,163824,Homalothecium aeneum,Homalothecium aeneum,Homalothecium aureum
Homalothecium arenarium,(Lesq.) E. Lawton,,sandwort Homalothecium,Plantae,Bryophyta,,,Bryopsida,,,Hypnales,,,Brachytheciaceae,,,Homalothecium,arenarium,,,,native,S3S4,,new 2017,observed,,,,,,2017-04-14,Andrew Simon,iNat:5715309,,163825,BRY,accepted,163825,Homalothecium arenarium,Homalothecium arenarium,Homalothecium arenarium
Homalothecium aureum,(Spruce) H. Rob.,,golden curl-moss,Plantae,Bryophyta,,,Bryopsida,,,Hypnales,,,Brachytheciaceae,,,Homalothecium,aureum,,,,native,S4? (2015),,confirmed,observed,2010-01-26,Terry McIntosh,Bryos and Lichens of Mt Sutil Inventory 2010,,,2016-04-03,Andrew Simon,iNat:2890007,,451921,BRY,accepted,451921,Homalothecium aureum,Homalothecium aureum,Homalothecium
Homalothecium fulgescens,(Mitt. ex Müll. Hal.) A. Jaeger,,yellow curl-moss,Plantae,Bryophyta,,,Bryopsida,,,Hypnales,,,Brachytheciaceae,,,Homalothecium,fulgescens,,,,native,S4S5,,confirmed,observed,2010-01-26,Terry McIntosh,Bryos and Lichens of Mt Sutil Inventory 2010,,,2016-10-02,Andrew Simon,iNat:4266710,,123819,BRY,accepted,123819,Homalothecium fulgescens,Homalothecium fulgescens,Homalothecium fulgescens
Homalothecium megaptilum,(Sull.) H. Rob.,,great-feathered moss,Plantae,Bryophyta,,,Bryopsida,,,Hypnales,,,Brachytheciaceae,,,Homalothecium,megaptilum,,,,native,S4? (2015),,confirmed,observed,2010-01-26,Terry McIntosh,Bryos and Lichens of Mt Sutil Inventory 2010,,,2016-03-22,Andrew Simon,iNat:2819490,,236885,BRY,accepted,236885,Homalothecium megaptilum,Homalothecium megaptilum,Homalothecium megaptilum
Homalothecium nuttallii,(Wilson) A. Jaeger,,Nuttall’s Homalothecium,Plantae,Bryophyta,,,Bryopsida,,,Hypnales,,,Brachytheciaceae,,,Homalothecium,nuttallii,,,,native,S4S5,,confirmed,observed,2010-01-26,Terry McIntosh,Bryos and Lichens of Mt Sutil Inventory 2010,,,2016-10-20,Andrew Simon,iNat:4414492,,67892,BRY,accepted,67892,Homalothecium nuttallii,Homalothecium nuttallii,Homalothecium nuttallii
Kindbergia oregana,(Sull.) Ochyra,,Oregon beaked moss,Plantae,Bryophyta,,,Bryopsida,,,Hypnales,,,Brachytheciaceae,,,Kindbergia,oregana,,,,native,S5,,confirmed,observed,2010-01-26,"Terry McIntosh, O. Scholz & K. Millard",UBC,B229525,,2009-07-08,Shera Street,iNat:2635223,,120909,BRY,accepted,120909,Kindbergia oregana,Kindbergia oregana,Kindbergia oregana
Kindbergia praelonga,(Hedw.) Ochyra,,common feather moss,Plantae,Bryophyta,,,Bryopsida,,,Hypnales,,,Brachytheciaceae,,,Kindbergia,praelonga,,,,native,S5,,confirmed,observed,2010-01-26,Terry McIntosh,Bryos and Lichens of Mt Sutil Inventory 2010,,,2015-03-04,Andrew Simon,iNat:2566358,,1122172,BRY,accepted,1122172,Kindbergia praelonga,Kindbergia praelonga,Kindbergia praelonga
Pseudisothecium cristatum,"(Hampe) Ignatova, Fedosov & Ignatov",,isothecium moss,Plantae,Bryophyta,,,Bryopsida,,,Hypnales,,,Lembophyllaceae,,,Pseudisothecium,cristatum,,,,native,S4,,confirmed,observed,2010-01-26,Terry McIntosh,Bryos and Lichens of Mt Sutil Inventory 2010,,,2015-03-26,Andrew Simon,iNat:2588114,,1262637,BRY,accepted,1262637,Pseudisothecium cristatum,Pseudisothecium cristatum,Pseudisothecium cristatum
Pseudisothecium stoloniferum,(Brid.) Grout,,cat's tail moss,Plantae,Bryophyta,,,Bryopsida,,,Hypnales,,,Lembophyllaceae,,,Pseudisothecium,stoloniferum,,,,native,S4S5,,confirmed,observed,2010-01-26,Terry McIntosh,Bryos and Lichens of Mt Sutil Inventory 2010,,,2015-09-27,Andrew Simon,iNat:2632499,,1262643,BRY,accepted,1262643,Pseudisothecium stoloniferum,Pseudisothecium stoloniferum,Pseudisothecium stoloniferum
Pseudoscleropodium purum,(Hedw.) M. Fleisch.,,neat feather-moss,Plantae,Bryophyta,,,Bryopsida,,,Hypnales,,,Brachytheciaceae,,,Pseudoscleropodium,purum,,,,exotic,unlisted,,confirmed,observed,1974-04-21,Wilfred B. Schofield,UBC,B151546,,2016-03-10,Lauren Magner & Andrew Simon,iNat:2767783,,123645,BRY,accepted,123645,Pseudoscleropodium purum,Pseudoscleropodium purum,Pseudoscleropodium purum
Scleropodium cespitans,L.F. Koch,,tufted feather-moss,Plantae,Bryophyta,,,Bryopsida,,,Hypnales,,,Brachytheciaceae,,,Scleropodium,cespitans,,,,native,S4S5 (2015),,new 2020,observed,,,,,,2020-04-10,Andrew Simon,iNat:41881707,,67909,BRY,accepted,67909,Scleropodium cespitans,Scleropodium cespitans,Scleropodium cespitans
Scleropodium obtusifolium,(Mitt.) Kindb.,,blunt-leaved Scleropodium,Plantae,Bryophyta,,,Bryopsida,,,Hypnales,,,Brachytheciaceae,,,Scleropodium,obtusifolium,,,,native,S4S5 (2015),,confirmed,observed,2015,Terry McIntosh,Bryophytes and Lichens from Galiano Island 2010–2015,,,2015-03-04,Andrew Simon,iNat:2566343,,123794,BRY,accepted,123794,Scleropodium obtusifolium,Scleropodium obtusifolium,Scleropodium obtusifolium
Scleropodium touretii,(Brid.) L.F. Koch,,glasswort feather-moss,Plantae,Bryophyta,,,Bryopsida,,,Hypnales,,,Brachytheciaceae,,,Scleropodium,touretii,,,,native,S4? (2015),,confirmed,observed,2010-01-26,Terry McIntosh,Bryos and Lichens of Mt Sutil Inventory 2010,,,2016-10-23,Andrew Simon,iNat:4425675,,67907,BRY,accepted,67907,Scleropodium touretii,Scleropodium touretii,Scleropodium touretii
Calliergon cf giganteum,(Schimp.) Kindb.,,giant spearmoss,Plantae,Bryophyta,,,Bryopsida,,,Hypnales,,,Calliergonaceae,,,Calliergon,giganteum,,,,native,S4 (2015),,reported,unobserved,2000-06-12,Hans Roemer,ER 128 Inventory,,,,,,,159661,BRY,accepted,159661,Calliergon giganteum,Calliergon giganteum,
Hylocomiadelphus triquetrus,(Hedw.) Ochyra & Stebel,,stairstep moss,Plantae,Bryophyta,,,Bryopsida,,,Hypnales,,,Hylocomiaceae,,,Hylocomiadelphus,triquetrus,,,,native,S5,,confirmed,observed,2010-01-26,Terry McIntosh,Bryos and Lichens of Mt Sutil Inventory 2010,,,2011-12-22,T. Abe Lloyd,iNat:37307666,,123923,BRY,accepted,1138381,Hylocomiadelphus triquetrus,Rhytidiadelphus triquetrus,Hylocomiadelphus triquetrus
Hylocomium splendens,(Hedw.) Schimp.,,glittering wood-moss,Plantae,Bryophyta,,,Bryopsida,,,Hypnales,,,Hylocomiaceae,,,Hylocomium,splendens,,,,native,S5,,confirmed,observed,2010-01-26,Terry McIntosh,Bryos and Lichens of Mt Sutil Inventory 2010,,,2015-02-12,Lauren Magner & Andrew Simon,iNat:2565050,,122555,BRY,accepted,122555,Hylocomium splendens,Hylocomium splendens,Hylocomium splendens
Pleurozium schreberi,(Willd. ex Brid.) Mitt.,,red-stemmed feather moss,Plantae,Bryophyta,,,Bryopsida,,,Hypnales,,,Hylocomiaceae,,,Pleurozium,schreberi,,,,native,S5 (2015),,confirmed,observed,2000-06-12,Hans Roemer,ER 128 Inventory,,,2016-01-24,Andrew Simon,iNat:2615499,,130677,BRY,accepted,130677,Pleurozium schreberi,Pleurozium schreberi,Pleurozium schreberi
Rhytidiadelphus loreus,(Hedw.) Warnst.,,lanky moss,Plantae,Bryophyta,,,Bryopsida,,,Hypnales,,,Hylocomiaceae,,,Rhytidiadelphus,loreus,,,,native,S5,,confirmed,observed,2015,Terry McIntosh,Bryophytes and Lichens from Galiano Island 2010–2015,,,2015-03-21,Lauren Magner & Andrew Simon,iNat:2605256,,124422,BRY,accepted,124422,Rhytidiadelphus loreus,Rhytidiadelphus loreus,Rhytidiadelphus loreus
Rhytidiadelphus squarrosus,(Hedw.) Warnst.,,square gooseneck moss,Plantae,Bryophyta,,,Bryopsida,,,Hypnales,,,Hylocomiaceae,,,Rhytidiadelphus,squarrosus,,,,native,S5 (2015),,confirmed,observed,1962-06-04,Frank M. Boas & Wilfred B. Schofield,WTU,B-038847,,2016-02-16,Andrew Simon,iNat:2692275,,123754,BRY,accepted,123754,Rhytidiadelphus squarrosus,Rhytidiadelphus squarrosus,Rhytidiadelphus squarrosus
Hypnum circinale,Hook.,,coiled-leaf claw-moss,Plantae,Bryophyta,,,Bryopsida,,,Hypnales,,,Hypnaceae,,,Hypnum,circinale,,,,native,S5,,confirmed,observed,1962-06-04,Wilfred B. Schofield,UBC,B181156,,2015-03-21,Lauren Magner & Andrew Simon,iNat:2608763,,125464,BRY,accepted,125464,Hypnum circinale,Hypnum circinale,Hypnum circinale
Hypnum cupressiforme,Hedw.,,cypess-leaved plaitmoss,Plantae,Bryophyta,,,Bryopsida,,,Hypnales,,,Hypnaceae,,,Hypnum,cupressiforme,,,,native,S4S5 (2011),,confirmed,observed,1974-04-21,Wilfred B. Schofield,UBC,B181388,,2020-04-21,Andrew Simon,iNat:42826205,Virago Point? (north end Galiano); on rocks at and above sea level; also at Montague,163992,BRY,accepted,163992,Hypnum cupressiforme,Hypnum cupressiforme,Hypnum cupressiforme
Stereodon subimponens,Lesq.,,curly claw-moss,Plantae,Bryophyta,,,Bryopsida,,,Hypnales,,,Stereodontaceae,,,Stereodon,subimponens,,,,native,S4S5 (2015),,confirmed,observed,2010-01-26,Terry McIntosh,Bryos and Lichens of Mt Sutil Inventory 2010,,,2014-09-27,Andrew Simon,iNat:2632395,,130684,BRY,accepted,1123573,Stereodon subimponens,Hypnum subimponens,Stereodon subimponens
Plagiothecium denticulatum,"(Hedwig) Bruch, Schimper & W. Gümbel",,dentate silk-moss,Plantae,Bryophyta,,,Bryopsida,,,Hypnales,,,Plagiotheciaceae,,,Plagiothecium,denticulatum,,,,native,S4S5 (2015),,new 2021,observed,,,,,,2021-11-03,Randal Mindell,iNat:100262258,,166993,BRY,accepted,166993,Plagiothecium denticulatum,Plagiothecium denticulatum,Plagiothecium denticulatum
Plagiothecium laetum,Schimp.,,bright silk-moss,Plantae,Bryophyta,,,Bryopsida,,,Hypnales,,,Plagiotheciaceae,,,Plagiothecium,laetum,,,,native,S4S5 (2015),,new 2021,observed,,,,,,2020-04-30,Andrew Simon,iNat:44439264,,123563,BRY,accepted,123563,Plagiothecium laetum,Plagiothecium laetum,Plagiothecium laetum
Plagiothecium undulatum,(Hedw.) Schimp.,,waved silk-moss,Plantae,Bryophyta,,,Bryopsida,,,Hypnales,,,Plagiotheciaceae,,,Plagiothecium,undulatum,,,,native,S4 (2015),,confirmed,observed,2014,Terry McIntosh,Bryophytes and Lichens from Galiano Island 2010–2015,,,2015-03-27,Lauren Magner & Andrew Simon,iNat:2575128,,123586,BRY,accepted,123586,Plagiothecium undulatum,Plagiothecium undulatum,Plagiothecium undulatum
Pseudotaxiphyllum elegans,(Brid.) Z. Iwats.,,elegant silk-moss,Plantae,Bryophyta,,,Bryopsida,,,Hypnales,,,Plagiotheciaceae,,,Pseudotaxiphyllum,elegans,,,,native,S4S5 (2015),,new 2016,observed,,,,,,2016-05-29,Sarah Tweedale,iNat:3343438,,67917,BRY,accepted,67917,Pseudotaxiphyllum elegans,Pseudotaxiphyllum elegans,Pseudotaxiphyllum elegans
Hygrohypnella ochracea,(Turner ex Wilson) Ignatov & Ignatova,,claw brook-moss,Plantae,Bryophyta,,,Bryopsida,,,Hypnales,,,Scorpidiaceae,,,Hygrohypnella,ochracea,,,,native,S4S5 (2015),,new 2016,observed,,,,,,2016-03-22,Andrew Simon,iNat:2822816,,1124079,BRY,accepted,1124079,Hygrohypnella ochracea,Hygrohypnella ochracea,Hygrohypnella ochracea
Sanionia uncinata var. symmetrica,(Hedw.) Loeske,,(Renauld & Cardot) H.A.Crum & L.E.Anderson,Plantae,Bryophyta,,,Bryopsida,,,Hypnales,,,Scorpidiaceae,,,Sanionia,uncinata,,,symmetrica,native,S4 (2015),,new 2020,observed,,,,,,2020-06-01,Andrew Simon,iNat:48201530,,242754,BRY,accepted,242754,Sanionia uncinata symmetrica,Sanionia uncinata symmetrica,Sanionia uncinata symmetrica
Bryolawtonia vancouveriensis,(Kindb.) D.H. Norris & Enroth,,creekbed moss,Plantae,Bryophyta,,,Bryopsida,,,Hypnales,,,Thamnobryaceae,,,Bryolawtonia,vancouveriensis,,,,native,S4? (2015),,new 2018,observed,,,,,,2018-04-01,"Steve Joya, Olivia Lee & Andrew Simon",iNat:10565047,,67861,BRY,accepted,67861,Bryolawtonia vancouveriensis,Bryolawtonia vancouveriensis,Bryolawtonia vancouveriensis
Claopodium bolanderi,Best,,Bolander’s Claopodium moss,Plantae,Bryophyta,,,Bryopsida,,,Hypnales,,,Brachytheciaceae,,,Claopodium,bolanderi,,,,native,S4S5 (2015),,confirmed,observed,2014,Terry McIntosh,Bryophytes and Lichens from Galiano Island 2010–2015,,,2017-02-23,Andrew Simon,iNat:5174342,,160663,BRY,accepted,160663,Claopodium bolanderi,Claopodium bolanderi,Claopodium bolanderi
Claopodium crispifolium,(Hook.) Renauld & Cardot,,rough moss,Plantae,Bryophyta,,,Bryopsida,,,Hypnales,,,Brachytheciaceae,,,Claopodium,crispifolium,,,,native,S4S5 (2015),,confirmed,observed,2010-01-26,Terry McIntosh,Bryos and Lichens of Mt Sutil Inventory 2010,,,2016-03-14,Andrew Simon,iNat:2784486,,128661,BRY,accepted,128661,Claopodium crispifolium,Claopodium crispifolium,Claopodium crispifolium
Claopodium whippleanum,(Sull.) Renauld & Cardot,,Whipple's Claopodium moss,Plantae,Bryophyta,,,Bryopsida,,,Hypnales,,,Brachytheciaceae,,,Claopodium,whippleanum,,,,native,S3S4 (2015),,new 2018,observed,,,,,,2018-04-01,"Steve Joya, Olivia Lee & Andrew Simon",iNat:10565143,,67868,BRY,accepted,67868,Claopodium whippleanum,Claopodium whippleanum,Claopodium whippleanum
Dichelyma uncinatum,Mitten,,sickle dichelyma,Plantae,Bryophyta,,,Bryopsida,,,Hypnales,,,Fontinalaceae,,,Dichelyma,uncinatum,,,,native,S3S4,,confirmed,observed,2015,Terry McIntosh,Bryophytes and Lichens from Galiano Island 2010–2015,,,2015-03-04,Andrew Simon,iNat:2566347,,161818,BRY,accepted,161818,Dichelyma uncinatum,Dichelyma uncinatum,Dichelyma uncinatum
Fontinalis antipyretica,Hedw.,,willow moss,Plantae,Bryophyta,,,Bryopsida,,,Hypnales,,,Fontinalaceae,,,Fontinalis,antipyretica,,,,native,S4S5 (2015),,new 2016,observed,,,,,,2016-06-05,Andrew Simon,iNat:3403066,,123790,BRY,accepted,123790,Fontinalis antipyretica,Fontinalis antipyretica,Fontinalis antipyretica
Hedwigia stellata,Hedenäs,,starry hoar-moss,Plantae,Bryophyta,,,Bryopsida,,,Hedwigiales,,,Hedwigiaceae,,,Hedwigia,stellata,,,,native,S3S4 (2015),,confirmed,observed,2010-01-26,Terry McIntosh,Bryos and Lichens of Mt Sutil Inventory 2010,,,2015-03-26,Andrew Simon,iNat:2588108,,163552,BRY,accepted,163552,Hedwigia stellata,Hedwigia stellata,Hedwigia stellata
Pseudobraunia californica,(Lesq.) Broth.,,California Pseudobraunia moss,Plantae,Bryophyta,,,Bryopsida,,,Hedwigiales,,,Hedwigiaceae,,,Pseudobraunia,californica,,,,native,S3S4 (2015),,new 2017,observed,,,,,,2017-05-13,Andrew Simon & Steve Joya,iNat:6217959,,156472,BRY,accepted,156472,Pseudobraunia californica,Pseudobraunia californica,Pseudobraunia californica
Alsia californica,(Hooker & Arnott),,California alsia moss,Plantae,Bryophyta,,,Bryopsida,,,Hypnales,,,Leucodontaceae,,,Alsia,californica,,,,native,S4S5 (2015),,confirmed,observed,1962-06-04,Frank M. Boas & Wilfred B. Schofield,WTU,B-035944,,2021-06-12,Daniel Tucker,iNat:82960318,UBC specimen erroneously identified as Pseudoleskeella tectorum,55323,BRY,accepted,55323,Alsia californica,Alsia californica,Alsia californica
Antitrichia californica,Sull.,,California Antitrichia moss,Plantae,Bryophyta,,,Bryopsida,,,Hypnales,,,Antitrichiaceae,,,Antitrichia,californica,,,,native,S4 (2015),,confirmed,observed,2010-01-26,Terry McIntosh,Bryos and Lichens of Mt Sutil Inventory 2010,,,2016-01-28,Andrew Simon,iNat:2626838,,67846,BRY,accepted,67846,Antitrichia californica,Antitrichia californica,Antitrichia californica
Antitrichia curtipendula,(Timm ex Hedw.) Brid.,,pendulous wing-moss,Plantae,Bryophyta,,,Bryopsida,,,Hypnales,,,Antitrichiaceae,,,Antitrichia,curtipendula,,,,native,S5 (2015),,confirmed,observed,2010-01-26,Terry McIntosh,Bryos and Lichens of Mt Sutil Inventory 2010,,,2018-02-15,Andrew Simon,iNat:9903552,,126107,BRY,accepted,126107,Antitrichia curtipendula,Antitrichia curtipendula,Antitrichia curtipendula
Dendroalsia abietina,(Hook.) E. Britton,,plume moss,Plantae,Bryophyta,,,Bryopsida,,,Hypnales,,,Leucodontaceae,,,Dendroalsia,abietina,,,,native,S3S4 (2015),,confirmed,observed,2010-01-26,Terry McIntosh,Bryos and Lichens of Mt Sutil Inventory 2010,,,2016-05-29,Andrew Simon,iNat:3340528,,55340,BRY,accepted,55340,Dendroalsia abietina,Dendroalsia abietina,Dendroalsia abietina
Nogopterium gracile,(Hedw.) Crosby & W.R. Buck,,bird's-foot wing-moss,Plantae,Bryophyta,,,Bryopsida,,,Hypnales,,,Leucodontaceae,,,Nogopterium,gracile,,,,native,S2 (2015),,confirmed,observed,2010-01-26,Terry McIntosh,Bryos and Lichens of Mt Sutil Inventory 2010,,,2017-05-13,Andrew Simon,iNat:6217934,,518546,BRY,accepted,518546,Nogopterium gracile,Nogopterium gracile,Nogopterium gracile
Neckera douglasii,Hook.,,Douglas’ Neckera moss,Plantae,Bryophyta,,,Bryopsida,,,Hypnales,,,Neckeraceae,,,Neckera,douglasii,,,,native,S4S5 (2011),,confirmed,observed,2015,Terry McIntosh,Bryophytes and Lichens from Galiano Island 2010–2015,,,2015-03-27,Lauren Magner & Andrew Simon,iNat:2575119,,69912,BRY,accepted,69912,Neckera douglasii,Neckera douglasii,Neckera douglasii
Neckera menziesii,Drumm.,,Menzies’ Metaneckera,Plantae,Bryophyta,,,Bryopsida,,,Hypnales,,,Neckeraceae,,,Neckera,menziesii,,,,native,S4S5 (2015),,confirmed,observed,2010-01-26,Terry McIntosh,Bryos and Lichens of Mt Sutil Inventory 2010,,,2016-03-10,Lauren Magner & Andrew Simon,iNat:2767797,,1149640,BRY,accepted,1149640,Neckera menziesii,Neckera menziesii,Neckera menziesii
Porotrichum bigelovii,(Sull.) Kindb.,,Bigelow’s porotrichum moss,Plantae,Bryophyta,,,Bryopsida,,,Hypnales,,,Neckeraceae,,,Porotrichum,bigelovii,,,,native,S4S5 (2015),,confirmed,observed,2015,Terry McIntosh,Bryophytes and Lichens from Galiano Island 2010–2015,,,2016-05-29,Sarah Tweedale & Andrew Simon,iNat:3343438,,67841,BRY,accepted,67841,Porotrichum bigelovii,Porotrichum bigelovii,Pseudotaxiphyllum elegans
Amphidium californicum,(Hampe ex Müll. Hal.) Broth.,,California yoke moss,Plantae,Bryophyta,,,Bryopsida,,,Dicranales,,,Amphidiaceae,,,Amphidium,californicum,,,,native,S4 (2015),,confirmed,observed,1962-06-03,Wilfred B. Schofield & F. M. Boas,UBC,B45016,,2017-03-23,Andrew Simon,iNat:9370700,,158304,BRY,accepted,158304,Amphidium californicum,Amphidium californicum,Amphidium californicum
Lewinskya rupestris,"(Schleich. ex Schwägr.) F.Lara, Garilleti & Goffinet",,rock bristle-moss,Plantae,Bryophyta,,,Bryopsida,,,Orthotrichales,,,Orthotrichaceae,,,Lewinskya,rupestris,,,,native,S4 (2015),,confirmed,observed,2010-01-26,Terry McIntosh,Bryos and Lichens of Mt Sutil Inventory 2010,,,2015-03-21,Lauren Magner & Andrew Simon,iNat:2608530,,589145,BRY,accepted,589145,Lewinskya rupestris,Lewinskya rupestris,Lewinskya rupestris
Orthotrichum columbicum,Mitt.,,bristle-moss,Plantae,Bryophyta,,,Bryopsida,,,Orthotrichales,,,Orthotrichaceae,,,Orthotrichum,columbicum,,,,unlisted,unlisted,,new 2017,observed,,,,,,2017-06-20,Andrew Simon,iNat:7280594,,524294,BRY,accepted,524294,Orthotrichum columbicum,Orthotrichum columbicum,Orthotrichum columbicum
Orthotrichum consimile,Mitt.,,bristle-moss,Plantae,Bryophyta,,,Bryopsida,,,Orthotrichales,,,Orthotrichaceae,,,Orthotrichum,consimile,,,,native,S4S5 (2015),,new 2016,observed,,,,,,2016-10-04,Andrew Simon,iNat:4282586,,165946,BRY,accepted,165946,Orthotrichum consimile,Orthotrichum consimile,Orthotrichum consimile
Orthotrichum pulchellum,Brunt.,,elegant bristle-moss,Plantae,Bryophyta,,,Bryopsida,,,Orthotrichales,,,Orthotrichaceae,,,Orthotrichum,pulchellum,,,,native,S3S4 (2015),,new 2017,observed,,,,,,2017-03-14,Andrew Simon,iNat:5309832,,165965,BRY,accepted,165965,Orthotrichum pulchellum,Orthotrichum pulchellum,Orthotrichaceae
Plenogemma phyllantha,"(Brid.) Sawicki, Plášek & Ochyra",,frizzled pincushion,Plantae,Bryophyta,,,Bryopsida,,,Orthotrichales,,,Orthotrichaceae,,,Plenogemma,phyllantha,,,,native,S4S5 (2015),,confirmed,observed,1962-06-04,Wilfred B. Schofield & F. M. Boas,UBC,B134325,,2020-04-30,Andrew Simon,iNat:44459097,,1123493,BRY,accepted,1123493,Plenogemma phyllantha,Plenogemma phyllantha,Plenogemma phyllantha
Pulvigera papillosa,"(Hampe) F. Lara, Draper & Garilleti.",,papillose bristle-moss,Plantae,Bryophyta,,,Bryopsida,,,Orthotrichales,,,Orthotrichaceae,,,Pulvigera,papillosa,,,,native,S5 (2023) ,,new 2021,observed,,,,,,2021-11-03,Andrew Simon,iNat:100205989,,1237477,BRY,accepted,1237477,Pulvigera papillosa,Pulvigera papillosa,Pulvigera papillosa
Pulvigera pringlei,"(Müll.Hal.) F.Lara, Draper & Garilleti",,bristle-moss,Plantae,Bryophyta,,,Bryopsida,,,Orthotrichales,,,Orthotrichaceae,,,Pulvigera,pringlei,,,,native,S4 (2023),,confirmed,observed,2010-01-26,Terry McIntosh,Bryos and Lichens of Mt Sutil Inventory 2010,,,2017-02-16,Andrew Simon,iNat:5123215,reported as Pulvigera lyellii,1309257,BRY,accepted,1309257,Pulvigera pringlei,Pulvigera pringlei,Pulvigera pringlei
Zygodon rupestris,W.P.Schimper ex Lorentz,,green yoke-moss,Plantae,Bryophyta,,,Bryopsida,,,Orthotrichales,,,Orthotrichaceae,,,Zygodon,rupestris,,,,native,S4S5 (2011),,confirmed,observed,2010-01-26,Terry McIntosh,Bryos and Lichens of Mt Sutil Inventory 2010,,,2016-10-05,Andrew Simon,iNat:4317941,reported as Zygodon viridissimus,981326,BRY,accepted,981326,Zygodon rupestris,Zygodon rupestris,Zygodon viridissimus
Atrichum selwynii,Austin,,crane's-bill moss,Plantae,Bryophyta,,,Polytrichopsida,,,Polytrichales,,,Polytrichaceae,,,Atrichum,selwynii,,,,native,S5? (2015),,confirmed,observed,2011-05-14,Kent Brothers,VMS,,,2014-09-27,Andrew Simon,iNat:2632385,,55331,BRY,accepted,55331,Atrichum selwynii,Atrichum selwynii,Atrichum selwynii
Atrichum undulatum,(Hedw.) P. Beauv.,,common smooth cap,Plantae,Bryophyta,,,Polytrichopsida,,,Polytrichales,,,Polytrichaceae,,,Atrichum,undulatum,,,,native,S5 (2015),,confirmed,observed,2014,Terry McIntosh,Bryophytes and Lichens from Galiano Island 2010–2015,,,2020-04-30,Andrew Simon,iNat:44569736,,124155,BRY,accepted,124155,Atrichum undulatum,Atrichum undulatum,Atrichum undulatum
Polytrichum commune,Hedw.,,common haircap moss,Plantae,Bryophyta,,,Polytrichopsida,,,Polytrichales,,,Polytrichaceae,,,Polytrichum,commune,,,,native,S5 (2015),,confirmed,observed,1964-05-03,Wilfred B. Schofield,UBC,B106132,,2022-05-29,Andrew Simon,iNat:119369452,,68293,BRY,accepted,68293,Polytrichum commune,Polytrichum commune,Polytrichum commune
Polytrichum juniperinum,Hedw.,,juniper haircap moss,Plantae,Bryophyta,,,Polytrichopsida,,,Polytrichales,,,Polytrichaceae,,,Polytrichum,juniperinum,,,,native,S5 (2015),,confirmed,observed,2010-01-26,Terry McIntosh,Bryos and Lichens of Mt Sutil Inventory 2010,,,2014-02-11,L. Hurteau,iNat:16788083,,68286,BRY,accepted,68286,Polytrichum juniperinum,Polytrichum juniperinum,Polytrichum juniperinum
Polytrichum piliferum,Hedw.,,bristly haircap moss,Plantae,Bryophyta,,,Polytrichopsida,,,Polytrichales,,,Polytrichaceae,,,Polytrichum,piliferum,,,,native,S5 (2015),,confirmed,observed,2010-01-26,Terry McIntosh,Bryos and Lichens of Mt Sutil Inventory 2010,,,2015-03-27,Lauren Magner & Andrew Simon,iNat:2575106,,67905,BRY,accepted,67905,Polytrichum piliferum,Polytrichum piliferum,Polytrichum piliferum
Encalypta ciliata,Hedw.,,fringed extinguisher-moss,Plantae,Bryophyta,,,Bryopsida,,,Encalyptales,,,Encalyptaceae,,,Encalypta,ciliata,,,,native,S4S5 (2011),,reported,unobserved,1962-06-03,Wilfred B. Schofield & F. M. Boas,UBC,B27908,,,,,Bodega Ridge; cliff crevice; did you see this at Dionisio?,162304,BRY,accepted,162304,Encalypta ciliata,Encalypta ciliata,
Crumia latifolia,(Kindb.) W.B. Schofield,,wideleaf Crumia moss,Plantae,Bryophyta,,,Bryopsida,,,Pottiales,,,Pottiaceae,,,Crumia,latifolia,,,,native,S3 (2015),,new 2020,observed,,,,,,2020-04-25,Andrew Simon,iNat:43505768,,161177,BRY,accepted,161177,Crumia latifolia,Crumia latifolia,Crumia latifolia
Geheebia cf. fallax,(Hedw.) R.H.Zander,,moss,Plantae,Bryophyta,,,Bryopsida,,,Pottiales,,,Pottiaceae,,,Geheebia,fallax,,,,native,S4 (2015),,new 2017,observed,,,,,,2017-02-11,Andrew Simon,iNat:5095226,,1282046,BRY,unknown,,,Geheebia fallax,Geheebia fallax
Gymnostomum sp.,,,,Plantae,Bryophyta,,,Bryopsida,,,Pottiales,,,Pottiaceae,,,Gymnostomum,,,,,,,,new 2017,observed,,,,,,2017-12-30,Andrew Simon,iNat:45753689,,157223,BRY,accepted,157223,Gymnostomum,Gymnostomum,Gymnostomum
Syntrichia laevipila,Brid.,,twisted oak moss,Plantae,Bryophyta,,,Bryopsida,,,Pottiales,,,Pottiaceae,,,Syntrichia,laevipila,,,,native,S3 (2015),,new 2016,observed,,,,,,2021-05-03,Andrew Simon,iNat:81147017,,406381,BRY,accepted,406381,Syntrichia laevipila,Syntrichia laevipila,Syntrichia laevipila
Syntrichia princeps,(De Not.) Mitt.,,brown screw-moss,Plantae,Bryophyta,,,Bryopsida,,,Pottiales,,,Pottiaceae,,,Syntrichia,princeps,,,,native,S4S5 (2015),,confirmed,observed,2010-01-26,Terry McIntosh,Bryos and Lichens of Mt Sutil Inventory 2010,,,2016-01-22,Andrew Simon,iNat:2609301,,67915,BRY,accepted,67915,Syntrichia princeps,Syntrichia princeps,Syntrichia princeps
Syntrichia ruraliformis,(Besch.) Cardot,,sand-hill screw-moss,Plantae,Bryophyta,,,Bryopsida,,,Pottiales,,,Pottiaceae,,,Syntrichia,ruraliformis,,,,unlisted,unlisted,,new 2017,observed,,,,,,2017-04-14,Andrew Simon,iNat:5715321,,1151702,BRY,accepted,1151702,Syntrichia ruraliformis,Syntrichia ruraliformis,Syntrichia ruraliformis
Syntrichia ruralis,(Hedw.) F. Weber & D. Mohr,,star moss,Plantae,Bryophyta,,,Bryopsida,,,Pottiales,,,Pottiaceae,,,Syntrichia,ruralis,,,,native,S5 (2015),,confirmed,observed,2010-01-26,Terry McIntosh,Bryos and Lichens of Mt Sutil Inventory 2010,,,2017-03-04,Andrew Simon,iNat:5228044,,244075,BRY,accepted,244075,Syntrichia ruralis,Syntrichia ruralis,Syntrichia ruralis
Timmiella crassinervis,(Hampe) L.F. Koch,,timmiella moss,Plantae,Bryophyta,,,Bryopsida,,,Pottiales,,,Pottiaceae,,,Timmiella,crassinervis,,,,native,S3S4 (2015),,confirmed,observed,2010-01-26,Terry McIntosh,Bryos and Lichens of Mt Sutil Inventory 2010,,,2017-12-31,Andrew Simon,iNat:9329291,,169775,BRY,accepted,169775,Timmiella crassinervis,Timmiella crassinervis,Timmiella crassinervis
Tortella sp.,,,crisp-moss,Plantae,Bryophyta,,,Bryopsida,,,Pottiales,,,Pottiaceae,,,Tortella,,,,,,,,reported,unobserved,2010,Terry McIntosh,Bryophytes and Lichens from Galiano Island 2010–2015,,,,,,,134216,BRY,accepted,134216,Tortella,Tortella,
Tortella tortuosa,Limpricht,,tortured tortella ,Plantae,Bryophyta,,,Bryopsida,,,Pottiales,,,Pottiaceae,,,Tortella,tortuosa,,,,native,S4S5 (2011),,new 2021,observed,,,,,,2021-10-23,Andrew Simon,iNat:99510042,,134215,BRY,accepted,134215,Tortella tortuosa,Tortella tortuosa,Tortella tortuosa
Tortula muralis,Hedw.,,wall screw-moss,Plantae,Bryophyta,,,Bryopsida,,,Pottiales,,,Pottiaceae,,,Tortula,muralis,,,,native,S4? (2015),,confirmed,observed,2010-01-26,Terry McIntosh,Bryos and Lichens of Mt Sutil Inventory 2010,,,2016-03-16,Sarah Tweedale,iNat:2790212,,123498,BRY,accepted,123498,Tortula muralis,Tortula muralis,Tortula muralis
Trichostomum tenuirostre,(Hook. & Taylor) Lindb.,,narrow-fruited crisp-moss,Plantae,Bryophyta,,,Bryopsida,,,Pottiales,,,Pottiaceae,,,Chionoloma,tenuirostre,,,,native,S4S5 (2011),,reported,unobserved,2010-01-26,Terry McIntosh,UBC,B229507,,,,,,274953,BRY,unaccepted,1138348,Chionoloma tenuirostre,Trichostomum tenuirostre,
Triquetrella californica,(Lesq.) Grout,,coastal Triquetrella,Plantae,Bryophyta,,,Bryopsida,,,Pottiales,,,Pottiaceae,,,Triquetrella,californica,,,,native,S1S2 (2018),,confirmed,observed,2017-04-22,Olivia Lee,UBC,B233200,,2017-05-29,Andrew Simon,iNat:6434810,,154411,BRY,accepted,154411,Triquetrella californica,Triquetrella californica,Triquetrella californica
Vinealobryum eckeliae,R.H. Zander,,beard-moss,Plantae,Bryophyta,,,Bryopsida,,,Pottiales,,,Pottiaceae,,,Vinealobryum,eckeliae,,,,native,S4 (2015),,reported,unobserved,2010-01-26,Terry McIntosh,Bryos and Lichens of Mt Sutil Inventory 2010,,,,,,reported as Didymodon eckeliae,161878,BRY,accepted,1282315,Vinealobryum eckeliae,Didymodon eckeliae,
Vinealobryum norrisii,R.H. Zander,,Norris’ beard-moss,Plantae,Bryophyta,,,Bryopsida,,,Pottiales,,,Pottiaceae,,,Vinealobryum,norrisii,,,,native,S1S3 (2015),,confirmed,observed,2011,Terry McIntosh,Bryophytes and Lichens from Galiano Island 2010–2015,,,2022-04-09,Andrew Simon,iNat:110932096,reported as Didymodon norrisii,148214,BRY,accepted,1282316,Vinealobryum norrisii,Didymodon norrisii,Vinealobryum norrisii
Vinealobryum vineale,(Brid.) R.H. Zander,,soft-tufted beard-moss,Plantae,Bryophyta,,,Bryopsida,,,Pottiales,,,Pottiaceae,,,Vinealobryum,vineale,,,,native,S5 (2015),,confirmed,observed,2010-01-26,Terry McIntosh,Bryos and Lichens of Mt Sutil Inventory 2010,,,2017-02-25,Andrew Simon,iNat:5197422,reported as Didymodon vinealis,161892,BRY,accepted,1282317,Vinealobryum vineale,Didymodon vinealis,Vinealobryum vineale
Weissia controversa,Hedw.,,green-tufted stubble-moss,Plantae,Bryophyta,,,Bryopsida,,,Pottiales,,,Pottiaceae,,,Weissia,controversa,,,,native,S4 (2015),,confirmed,observed,2010-01-26,Terry McIntosh,Bryos and Lichens of Mt Sutil Inventory 2010,,,2016-03-05,Andrew Simon,iNat:45163970,,170306,BRY,accepted,170306,Weissia controversa,Weissia controversa,Weissia controversa
Schistostega pennata,(Hedw.) F. Weber & D. Mohr,,luminous moss,Plantae,Bryophyta,,,Bryopsida,,,Dicranales,,,Schistostegaceae,,,Schistostega,pennata,,,,native,S4 (2015),,reported,unobserved,2012-05-12,Kent Brothers,VMS,,,,,,,168594,BRY,accepted,168594,Schistostega pennata,Schistostega pennata,
Blindia acuta,(Hedw.) Bruch & Schimp.,,sharp-leaved Blindia,Plantae,Bryophyta,,,Bryopsida,,,Grimmiales,,,Seligeriaceae,,,Blindia,acuta,,,,native,S5 (2015),,new 2018,observed,,,,,,2018-04-01,"Steve Joya, Olivia Lee & Andrew Simon",iNat:10672025,,156309,BRY,accepted,156309,Blindia acuta,Blindia acuta,Blindia acuta
Sphagnum capillifolium,(Ehrh.) Hedw.,,red bogmoss,Plantae,Bryophyta,,,Sphagnopsida,,,Sphagnales,,,Sphagnaceae,,,Sphagnum,capillifolium,,,,native,S4S5 (2015),,confirmed,observed,2000-06-12,Hans Roemer,ER 128 Inventory,,,2021-11-03,Randal Mindell,iNat:100262251,,123958,BRY,accepted,123958,Sphagnum capillifolium,Sphagnum capillifolium,Sphagnum capillifolium
Sphagnum fuscum,(Schimp.) H. Klinggr.,,brown peatmoss,Plantae,Bryophyta,,,Sphagnopsida,,,Sphagnales,,,Sphagnaceae,,,Sphagnum,fuscum,,,,native,S5 (2015),,confirmed,observed,2000-06-12,Hans Roemer,ER 128 Inventory,,,2021-11-03,Randal Mindell,iNat:100262231,,132803,BRY,accepted,132803,Sphagnum fuscum,Sphagnum fuscum,Sphagnum fuscum
Sphagnum pacificum,Flatberg,,Pacific peatmoss,Plantae,Bryophyta,,,Sphagnopsida,,,Sphagnales,,,Sphagnaceae,,,Sphagnum,pacificum,,,,native,S4S5 (2015),,confirmed,observed,2000-06-12,Hans Roemer,ER 128 Inventory,,,2021-11-03,Randal Mindell,iNat:100262232,,169227,BRY,accepted,169227,Sphagnum pacificum,Sphagnum pacificum,Sphagnum pacificum
Sphagnum palustre,L.,,blunt-leaved bogmoss,Plantae,Bryophyta,,,Sphagnopsida,,,Sphagnales,,,Sphagnaceae,,,Sphagnum,palustre,,,,native,S4S5 (2015),,confirmed,observed,2000-06,Hans Roemer,ER 128 Inventory,,,2021-11-03,Randal Mindell,iNat:100262244,,169228,BRY,accepted,169228,Sphagnum palustre,Sphagnum palustre,Sphagnum palustre
Sphagnum papillosum,Lindb.,,papillose peat-moss,Plantae,Bryophyta,,,Sphagnopsida,,,Sphagnales,,,Sphagnaceae,,,Sphagnum,papillosum,,,,native,S4S5 (2015),,reported,unobserved,1980-03-29,Hans Roemer,ER 128 Inventory,,,,,,,143516,BRY,accepted,143516,Sphagnum papillosum,Sphagnum papillosum,
Sphagnum squarrosum,Crome,,spiky bog-moss,Plantae,Bryophyta,,,Sphagnopsida,,,Sphagnales,,,Sphagnaceae,,,Sphagnum,squarrosum,,,,native,S5 (2015),,confirmed,observed,2000-06-12,Hans Roemer,ER 128 Inventory,,,2021-11-03,Andrew Simon,iNat:100206004,,132807,BRY,accepted,132807,Sphagnum squarrosum,Sphagnum squarrosum,Sphagnum squarrosum
Sphagnum tenellum,(Bridel) Bory,,slender sphagnum,Plantae,Bryophyta,,,Sphagnopsida,,,Sphagnales,,,Sphagnaceae,,,Sphagnum,tenellum,,,,native,S4S5 (2015),,new 2021,observed,,,,,,2021-11-03,Randal Mindell,iNat:100262234,,132798,BRY,accepted,132798,Sphagnum tenellum,Sphagnum tenellum,Sphagnum tenellum
Sphagnum teres,(Schimper) Ångstrom,,sphagnum,Plantae,Bryophyta,,,Sphagnopsida,,,Sphagnales,,,Sphagnaceae,,,Sphagnum,teres,,,,native,S4S5 (2015),,new 2021,observed,,,,,,2021-11-03,Randal Mindell,iNat:100262241,,132805,BRY,accepted,132805,Sphagnum teres,Sphagnum teres,Sphagnum teres
Tetraphis pellucida,Hedw.,,tetraphis moss,Plantae,Bryophyta,,,Tetraphidopsida,,,Tetraphidales,,,Tetraphidaceae,,,Tetraphis,pellucida,,,,native,S4S5 (2015),,new 2020,observed,,,,,,2020-05-09,Andrew Simon,iNat:45445993,,124385,BRY,accepted,124385,Tetraphis pellucida,Tetraphis pellucida,Tetraphis pellucida
Fossombronia longiseta,(Austin) Austin,,liverwort,Plantae,Marchantiophyta,,,Jungermanniopsida,Pelliidae,,Fossombroniales,,,Fossombroniaceae,,,Fossombronia,longiseta,,,,native,S3S4 (2023),,,,,,,,,2022-03-24,Andrew Simon,iNat:109429667,,56444,BRY,accepted,56444,Fossombronia longiseta,Fossombronia longiseta,Fossombronia longiseta
Calypogeia trichomanis,(L.) Corda,,hairy pouchwort,Plantae,Marchantiophyta,,,Jungermanniopsida,Jungermanniidae,,Jungermanniales,Jungermanniineae,,Calypogeiaceae,,,Calypogeia,trichomanis,,,,native,S3S4 (2015),,reported,unobserved,1974-04-21,"Judith D. Godfrey, G.A. Godfrey & Wilfred B. Schofield",UBC,B76670,,,,,,159721,BRY,accepted,159721,Calypogeia trichomanis,Calypogeia trichomanis,
Cephalozia lunulifolia,Lindb.,,liverwort,Plantae,Marchantiophyta,,,Jungermanniopsida,Jungermanniidae,,Jungermanniales,Cephaloziineae,,Cephaloziaceae,,,Fuscocephaloziopsis,lunulifolia,,,,unlisted,unlisted,,reported,unobserved,1962-06-04,Wilfred B. Schofield & Frank M. Boas,UBC,B47420,,,,,Reported as Cephalozia media (syn); Lot 89,56493,BRY,unaccepted,1020174,Fuscocephaloziopsis lunulifolia,Cephalozia lunulifolia,
Fuscocephaloziopsis lunulifolia,(Dumort.) Váňa & L.Söderstr.,,moon-leaved pincerwort,Plantae,Marchantiophyta,,,Jungermanniopsida,Jungermanniidae,,Jungermanniales,Cephaloziineae,,Cephaloziaceae,,,Fuscocephaloziopsis,lunulifolia,,,,native,S4 (2021),,new 2021,observed,,,,,,2021-11-03,Randal,iNat:100262245,,1020174,BRY,accepted,1020174,Fuscocephaloziopsis lunulifolia,Fuscocephaloziopsis lunulifolia,Fuscocephaloziopsis lunulifolia
Cephaloziella byssacea,R.M. Schust.,,liverwort,Plantae,Marchantiophyta,,,Jungermanniopsida,Jungermanniidae,,Jungermanniales,Cephaloziineae,,Cephaloziellaceae,,,Cephaloziella,byssacea,,,,unlisted,unlisted,,reported,unobserved,1981-04-02,Wilfred B. Schofield,UBC,B23948,,,,,Taxon not recognized in BC,400634,BRY,accepted,400634,Cephaloziella byssacea,Cephaloziella byssacea,
Cephaloziella divaricata,(Sm.) Warnst.,,spreading threadwort,Plantae,Marchantiophyta,,,Jungermanniopsida,Jungermanniidae,,Jungermanniales,Cephaloziineae,,Cephaloziellaceae,,,Cephaloziella,divaricata,,,,unlisted,unlisted,,confirmed,observed,1964-05-03,Wilfred B. Schofield,UBC,B68393,,2018-04-01,"Steve Joya, Olivia Lee & Andrew Simon",iNat:13879693,,56495,BRY,accepted,56495,Cephaloziella divaricata,Cephaloziella divaricata,Cephaloziella divaricata
Marsupella emarginata,(Ehrh.) Dumort.,,notched rustwort,Plantae,Marchantiophyta,,,Jungermanniopsida,Jungermanniidae,,Jungermanniales,Jungermanniineae,,Gymnomitriaceae,,,Marsupella,emarginata,,,,unlisted,unlisted,,confirmed,observed,1962-06-04,Wilfred B. Schofield & F. M. Boas,UBC,B89417,,2020-05-04,Andrew Simon,iNat:44942165,,165172,BRY,accepted,165172,Marsupella emarginata,Marsupella emarginata,Marsupella emarginata
Nardia sp.,,,,Plantae,Marchantiophyta,,,Jungermanniopsida,Jungermanniidae,,Jungermanniales,Jungermanniineae,,Gymnomitriaceae,,,Nardia,,,,,,,,new 2021,observed,,,,,,2021-11-03,Andrew Simon & Randal Mindell,iNat:100206005,,156718,BRY,accepted,156718,Nardia,Nardia,Nardia
Lophozia incisa,(Schrad.) Dumort.,,ragged-leaf liverwort,Plantae,Marchantiophyta,,,Jungermanniopsida,Jungermanniidae,,Jungermanniales,Cephaloziineae,,Scapaniaceae,,,Schistochilopsis,incisa,,,,unlisted,unlisted,,reported,unobserved,1962-06-04,Wilfred B. Schofield & F. M. Boas,UBC,B79935,,,,,,85415,BRY,unaccepted,786089,Schistochilopsis incisa,Lophozia incisa,
Lophozia obtusa,(Lindb.) A. Evans,,obtuse notchwort,Plantae,Marchantiophyta,,,Jungermanniopsida,Jungermanniidae,,Jungermanniales,Cephaloziineae,,Scapaniaceae,,,Obtusifolium,obtusum,,,,native,S3S4 (2015),,reported,unobserved,1974-04-21,Judith D. Godfrey,UBC,B80560,,,,,,164800,BRY,unaccepted,1004040,Obtusifolium obtusum,Lophozia obtusa,
Lophozia ventricosa,(Dicks.) Dumort.,,tumid notchwort,Plantae,Marchantiophyta,,,Jungermanniopsida,Jungermanniidae,,Jungermanniales,Cephaloziineae,,Lophoziaceae,,,Lophozia,ventricosa,,,,unlisted,unlisted,,confirmed,observed,1962-06-04,Wilfred B. Schofield & F. M. Boas,UBC,B237112,,2018-04-01,"Steve Joya, Olivia Lee & Andrew Simon",iNat:13879698,,164810,BRY,accepted,164810,Lophozia ventricosa,Lophozia ventricosa,Lophozia ventricosa
Lepidozia reptans,(L.) Dumort.,,little hands liverwort,Plantae,Marchantiophyta,,,Jungermanniopsida,Jungermanniidae,,Jungermanniales,Lophocoleineae,,Lepidoziaceae,Lepidozioideae,,Lepidozia,reptans,,,,unlisted,unlisted,,confirmed,observed,1974-04-21,Judith D. Godfrey,UBC,B74778,,2020-04-27,Andrew Simon,iNat:44093042,Georgeson Bay Road; rotting wood in stream drainage; forest; partial shade,123769,BRY,accepted,123769,Lepidozia reptans,Lepidozia reptans,Lepidozia reptans
Chiloscyphus polyanthos,(L.) Corda,,pale liverwort,Plantae,Marchantiophyta,,,Jungermanniopsida,Jungermanniidae,,Jungermanniales,Lophocoleineae,,Lophocoleaceae,,,Chiloscyphus,polyanthos,,,,native,S4S5 (2015),,confirmed,observed,1962-06-04,Wilfred B. Schofield & F. M. Boas,UBC,B95476,,2021-10-23,Daniel Tucker,iNat:99661789,base of “Quadra Hill” (MClure Road?),56506,BRY,accepted,56506,Chiloscyphus polyanthos,Chiloscyphus polyanthos,Chiloscyphus polyanthos
Lophocolea bidentata,(L.) Dumort.,,crestwort,Plantae,Marchantiophyta,,,Jungermanniopsida,Jungermanniidae,,Jungermanniales,Lophocoleineae,,Lophocoleaceae,,,Lophocolea,bidentata,,,,unlisted,unlisted,,confirmed,observed,1974-04-21,Judith D. Godfrey,UBC,B95895,,2018-04-01,"Steve Joya, Olivia Lee & Andrew Simon",iNat:13879383,syn. L. cuspidata,83960,BRY,accepted,83960,Lophocolea bidentata,Lophocolea bidentata,Lophocolea bidentata
Lophocolea heterophylla,(Schrad.) Dumort.,,variable-leaved crestwort,Plantae,Marchantiophyta,,,Jungermanniopsida,Jungermanniidae,,Jungermanniales,Lophocoleineae,,Lophocoleaceae,,,Lophocolea,heterophylla,,,,native,S4 (2021),,new 2020,observed,,,,,,2020-05-12,Andrew Simon,iNat:45751453,,164771,BRY,accepted,164771,Lophocolea heterophylla,Lophocolea heterophylla,Lophocolea heterophylla
Mylia anomala,(Hook.) Gray,,Mylie anomale,Plantae,Marchantiophyta,,,Jungermanniopsida,Jungermanniidae,,Jungermanniales,Myliineae,,Myliaceae,,,Mylia,anomala,,,,native,S4 (2021),,confirmed,observed,2000-06-12,Hans Roemer,ER 128 Inventory,,,2021-11-03,Randal Mindell,iNat:100262242,Roemer reports Mylia sp.,165595,BRY,accepted,165595,Mylia anomala,Mylia anomala,Mylia anomala
Plagiochila porelloides,(Torr. ex Nees) Lindbenb.,,cedar shake liverwort,Plantae,Marchantiophyta,,,Jungermanniopsida,Jungermanniidae,,Jungermanniales,Lophocoleineae,,Plagiochilaceae,,,Plagiochila,porelloides,,,,unlisted,unlisted,,confirmed,observed,2010-04-17,Kent Brothers,VMS,,,2021-10-23,Andrew Simon,iNat:99510056,,123945,BRY,accepted,123945,Plagiochila porelloides,Plagiochila porelloides,Plagiochila porelloides
Porella cordaeana,(Huebener) Moore,,cliff scalewort,Plantae,Marchantiophyta,,,Jungermanniopsida,Jungermanniidae,,Porellales,,,Porellaceae,,,Porella,cordaeana,,,,native,S5? (2015),,confirmed,observed,1962-06-04,Wilfred B. Schofield & Frank M. Boas,UBC,B119899,,2019-01-20,Andrew Simon,iNat:19775494,,67839,BRY,accepted,67839,Porella cordaeana,Porella cordaeana,Porella cordaeana
Porella navicularis,(Lehm. & Lindenb.) Pfeiff.,,tree ruffle liverwort,Plantae,Marchantiophyta,,,Jungermanniopsida,Jungermanniidae,,Porellales,,,Porellaceae,,,Porella,navicularis,,,,native,S5,,confirmed,observed,2010-04-17,Kent Brothers,VMS,,,2015-03-27,Lauren Magner & Andrew Simon,iNat:2575121,,55255,BRY,accepted,55255,Porella navicularis,Porella navicularis,Porella navicularis
Ptilidium californicum,(Austin) Underw.,,Pacific fuzzwort,Plantae,Marchantiophyta,,,Jungermanniopsida,Jungermanniidae,,Ptilidiales,,,Ptilidiaceae,,,Ptilidium,californicum,,,,native,S5? (2015),,confirmed,observed,1962-06-04,Wilfred B. Schofield & F. M. Boas,UBC,B65612,,2021-11-03,Andrew Simon,iNat:100205994,S Strait of George; base of “Quadra” Hill,129002,BRY,accepted,129002,Ptilidium californicum,Ptilidium californicum,Ptilidium californicum
Diplophyllum obtusifolium,(Hook.) Dumort.,,blunt-leaved earwort,Plantae,Marchantiophyta,,,Jungermanniopsida,Jungermanniidae,,Jungermanniales,Cephaloziineae,,Scapaniaceae,,,Diplophyllum,obtusifolium,,,,unlisted,unlisted,,reported,unobserved,1974-04-21,"Judith D. Godfrey, G.A. Godfrey & Wilfred B. Schofield",UBC,B90626,,,,,Sturdies Bay; Soil over root in dry woods,56507,BRY,accepted,56507,Diplophyllum obtusifolium,Diplophyllum obtusifolium,
Scapania americana,K. Müller,,American earwort,Plantae,Marchantiophyta,,,Jungermanniopsida,Jungermanniidae,,Jungermanniales,Cephaloziineae,,Scapaniaceae,,,Scapania,americana,,,,native, S5 (2023),,confirmed,observed,1974-04-21,"Judith D. Godfrey, G.A. Godfrey & Wilfred B. Schofield",UBC,B92060,,2018-02-16,Andrew Simon,iNat:13795634,,168492,BRY,accepted,168492,Scapania americana,Scapania americana,Scapania americana
Scapania bolanderi,Austin,,yellow-ladle earwort,Plantae,Marchantiophyta,,,Jungermanniopsida,Jungermanniidae,,Jungermanniales,Cephaloziineae,,Scapaniaceae,,,Scapania,bolanderi,,,,native,S5 (2015),,confirmed,observed,1974-04-21,"Judith D. Godfrey, G.A. Godfrey & Wilfred B. Schofield",UBC,B92346,,2017-03-10,Andrew Simon,iNat:5280802,,123692,BRY,accepted,123692,Scapania bolanderi,Scapania bolanderi,Scapania bolanderi
Scapania undulata,(L.) Dumort.,,water earwort,Plantae,Marchantiophyta,,,Jungermanniopsida,Jungermanniidae,,Jungermanniales,Cephaloziineae,,Scapaniaceae,,,Scapania,undulata,,,,unlisted,unlisted,,confirmed,observed,1974-04-21,Judith D. Godfrey,UBC,B93951,,2019-05-04,"Steve Joya, Olivia Lee & Andrew Simon",iNat:24653183,,123973,BRY,accepted,123973,Scapania undulata,Scapania undulata,Scapania undulata
Schistochilopsis incisa,(Schrad.) Konstant.,,liverwort,Plantae,Marchantiophyta,,,Jungermanniopsida,Jungermanniidae,,Jungermanniales,Cephaloziineae,,Scapaniaceae,,,Schistochilopsis,incisa,,,,native,S4 (2021),,new 2022,observed,,,,,,2022-04-30,Jack Bindernagel,iNat:114745530,,786089,BRY,accepted,786089,Schistochilopsis incisa,Schistochilopsis incisa,Schistochilopsis incisa
Riccardia chamedryfolia,(With.) Grolle,,coral moss,Plantae,Marchantiophyta,,,Jungermanniopsida,Metzgeriidae,,Metzgeriales,,,Aneuraceae,,,Riccardia,chamedryfolia,,,,native,S3 (2021),,new 2021,observed,,,,,,2021-10-23,Daniel Tucker,iNat:99661788,,56462,BRY,accepted,56462,Riccardia chamedryfolia,Riccardia chamedryfolia,Riccardia chamedryfolia
Pellia neesiana,(Gottsche) Limpr.,,ring pellia,Plantae,Marchantiophyta,,,Jungermanniopsida,Pelliidae,,Pelliales,,,Pelliaceae,,,Pellia,neesiana,,,,native,S4 (2021),,new 2017,observed,,,,,,2017-05-27,Alexander J. Wright,iNat:6411241,,56461,BRY,accepted,56461,Pellia neesiana,Pellia neesiana,Pellia neesiana
Frullania californica,(Austin ex Underw.) A. Evans,,liverwort,Plantae,Marchantiophyta,,,Jungermanniopsida,Jungermanniidae,,Porellales,,,Frullaniaceae,,,Frullania,californica,,,,native,S3 (2015),,reported,unobserved,1962-06-04,Wilfred B. Schofield & F. M. Boas,UBC,B121820,,,,,Lot 89; streamlet and seabench,56520,BRY,accepted,56520,Frullania californica,Frullania californica,
Frullania nisquallensis,Sull.,,hanging millipede liverwort,Plantae,Marchantiophyta,,,Jungermanniopsida,Jungermanniidae,,Porellales,,,Frullaniaceae,,,Frullania,nisquallensis,,,,native,S5 (2015),,confirmed,observed,1974-04-21,Judith D. Godfrey,UBC,B16217,,2020-07-13,Andrew Simon,iNat:53064708,reported as Frullania tamarisci ssp. nisquallensis,123818,BRY,accepted,123818,Frullania nisquallensis,Frullania nisquallensis,Frullania nisquallensis
Porella roellii,Steph.,,scalewort,Plantae,Marchantiophyta,,,Jungermanniopsida,Jungermanniidae,,Porellales,,,Porellaceae,,,Porella,roellii,,,,native,S4 (2021),,new 2021,observed,,,,,,2021-11-03,Randal Mindell,iNat:100262253,,123909,BRY,accepted,123909,Porella roellii,Porella roellii,Porella roellii
Radula bolanderi,Gottsche ex Steph.,,scalewort,Plantae,Marchantiophyta,,,Jungermanniopsida,Jungermanniidae,,Porellales,,,Radulaceae,,,Radula,bolanderi,,,,native,S4 (2021),,new 2021,observed,,,,,,2021-10-23,Daniel Tucker,iNat:99661786,,167702,BRY,accepted,167702,Radula bolanderi,Radula bolanderi,Radula bolanderi
Radula complanata,(L.) Dumort.,,flat-leaved scalewort,Plantae,Marchantiophyta,,,Jungermanniopsida,Jungermanniidae,,Porellales,,,Radulaceae,,,Radula,complanata,,,,native,S4 (2021),,new 2020,observed,,,,,,2020-07-13,Andrew Simon,iNat:53064686,,67842,BRY,accepted,67842,Radula complanata,Radula complanata,Radula complanata
Marchantia polymorpha ssp. montivagans,L.,Bischl. & Boisselier,umbrella liverwort,Plantae,Marchantiophyta,,,Marchantiopsida,Marchantiidae,,Marchantiales,,,Marchantiaceae,,,Marchantia,polymorpha,,montivagans,,native,S3 (2015),,new 2022,observed,,,,,,2022-11-26,Aimee Ernest,iNat:142999435,,1020190,BRY,accepted,1020190,Marchantia polymorpha montivagans,Marchantia polymorpha montivagans,Marchantia polymorpha montivagans
Mannia gracilis,(F. Weber) D. B. Schill & D.G. Long,,thin starwort,Plantae,Marchantiophyta,,,Marchantiopsida,Marchantiidae,,Marchantiales,,,Aytoniaceae,,,Mannia,gracilis,,,,native,S4 (2021),,new 2021,observed,,,,,,2021-04-15,Andrew Simon,iNat:74104784,,818550,BRY,accepted,818550,Mannia gracilis,Mannia gracilis,Mannia gracilis
Riccia beyrichiana,Hampe ex Lehm.,,crystalwort,Plantae,Marchantiophyta,,,Marchantiopsida,Marchantiidae,,Marchantiales,,,Ricciaceae,,,Riccia,beyrichiana,,,,native,S2S3 (2015),,confirmed,observed,1981-04-02,Wilfred B. Schofield,UBC,B23945,,2021-05-03,Andrew Simon,iNat:79240744,near Sturdies Bay,56409,BRY,accepted,56409,Riccia beyrichiana,Riccia beyrichiana,Riccia beyrichiana
Riccia fluitans,L.,,floating crystalwort,Plantae,Marchantiophyta,,,Marchantiopsida,Marchantiidae,,Marchantiales,,,Ricciaceae,,,Riccia,fluitans,,,,unlisted,unlisted,,confirmed,observed,2000-06-12,Hans Roemer,ER 128 Inventory,,,2017-04-07,Judith Holm,iNat:5640391,,56415,BRY,accepted,56415,Riccia fluitans,Riccia fluitans,Riccia fluitans
Riccia sorocarpa,Bisch.,,common crystalwort,Plantae,Marchantiophyta,,,Marchantiopsida,Marchantiidae,,Marchantiales,,,Ricciaceae,,,Riccia,sorocarpa,,,,native,S4S5 (2015),,confirmed,observed,1981-04-02,Wilfred B. Schofield,UBC,B23943,,2021-10-23,Daniel Tucker,iNat:99661802,near Sturdies Bay,56420,BRY,accepted,56420,Riccia sorocarpa,Riccia sorocarpa,Riccia sorocarpa
Ricciocarpos natans,L. (Corda),,purple-fringed Riccia,Plantae,Marchantiophyta,,,Marchantiopsida,Marchantiidae,,Marchantiales,,,Ricciaceae,,,Ricciocarpos,natans,,,,unlisted,unlisted,,new 2016,observed,,,,,,2016-06-05,Andrew Simon,iNat:3672171,,56422,BRY,accepted,56422,Ricciocarpos natans,Ricciocarpos natans,Ricciocarpos natans
Targionia hypophylla,L.,,orobus-seed liverwort,Plantae,Marchantiophyta,,,Marchantiopsida,Marchantiidae,,Marchantiales,,,Targioniaceae,,,Targionia,hypophylla,,,,native,S1S2 (2015),,new 2018,observed,,,,,,2018-04-11,Ryan Batten,iNat:10840176,,56289,BRY,accepted,56289,Targionia hypophylla,Targionia hypophylla,Targionia hypophylla
Sphaerocarpos texanus,Austin,,Texas balloon-wort,Plantae,Marchantiophyta,,,Marchantiopsida,Marchantiidae,,Sphaerocarpales,,,Sphaerocarpaceae,,,Sphaerocarpos,texanus,,,,native,S2 (2005),,new 2013,observed,,,,,,2013-03-22,Ryan Batten,iNat:5304375,,56436,BRY,accepted,56436,Sphaerocarpos texanus,Sphaerocarpos texanus,Sphaerocarpos texanus
