Taxon,Taxon Author,Subtaxon Author,Common Name,Kingdom,Phylum,Subphylum,Superclass,Class,Subclass,Superorder,Order,Suborder,Superfamily,Family,Subfamily,Tribe,Genus,Species,Hybrid,Subspecies,Variety,Origin,Provincial Status,National Status,Reporting Status,Observation,Collected/Reported (y-m-d),Collector/Source,Collection/List,Accession Number,GBIF ID,First Observed,Observer,iNaturalist Link,Notes,ID,Stats Code
Achnanthes sp.,,,diatom,Chromista,Ochrophyta,,,Bacillariophyceae,Bacillariophycidae,,Mastogloiales,,,Achnanthaceae,,,Achnanthes,,,,,unlisted,unlisted,,new 2004,observed,,,,,,2004-07-22,Mark Webber,https://www.inaturalist.org/observations/5197598,,339308,ALG
Achnanthes subconstricta,(F.Meister) K.Toyoda,,diatom,Chromista,Ochrophyta,,,Bacillariophyceae,Bacillariophycidae,,Mastogloiales,,,Achnanthaceae,,,Achnanthes,subconstricta,,,,unlisted,unlisted,,new 2010,observed,,,,,,2010-07-26,Mark Webber,https://www.inaturalist.org/observations/50191595,,1100778,ALG
Acrosiphonia coalita,"(Ruprecht) Scagel, Garbary, Golden & M.W.Hawkes",,green rope,Plantae,Chlorophyta,,,Ulvophyceae,,,Ulotrichales,,,Ulotrichaceae,,,Acrosiphonia,coalita,,,,unlisted,unlisted,,confirmed,observed,2009-06-12,Andy Lamb & Donna Gibbs,PMLS,,,2019-05-04,Bridgette Clarkston,https://www.inaturalist.org/observations/25859551,common and has been recorded from here,429957,ALG
Actinoptychus senarius,(Ehrenberg) Ehrenberg,,diatom,Chromista,Ochrophyta,,,Bacillariophyceae,Coscinodiscophycidae,,Coscinodiscales,,,Hemipeltaceae,,,Actinoptychus,senarius,,,,unlisted,unlisted,,new 2010,observed,,,,,,2010-09-12,Mark Webber,https://www.inaturalist.org/observations/4874664,,475747,ALG
Agarum clathratum,Dumortier,,sea colander kelp,Chromista,Ochrophyta,,,Phaeophyceae,Fucophycidae,,Laminariales,,,Agaraceae,,,Agarum,clathratum,,,,unlisted,unlisted,,reported,unobserved,2016-01-23,Andy Lamb & Donna Gibbs,PMLS,,,,,,"has been recorded from the area as A. cribrosum, species distribution includes Galiano",182956,ALG
Alaria marginata,Postels & Ruprecht,,winged kelp,Chromista,Ochrophyta,,,Phaeophyceae,Fucophycidae,,Laminariales,,,Alariaceae,,,Alaria,marginata,,,,unlisted,unlisted,,confirmed,observed,1996-09-28,Andy Lamb & Donna Gibbs,PMLS,,,2016-07-18,Andrew Simon,https://www.inaturalist.org/observations/3701137,common and has been recorded from here,124814,ALG
Amphora sp.,,,diatom,Chromista,Ochrophyta,,,Bacillariophyceae,Bacillariophycidae,,Thalassiophysales,,,Catenulaceae,,,Amphora,,,,,unlisted,unlisted,,new 2006,observed,,,,,,2006-07-21,Mark Webber,https://www.inaturalist.org/observations/4874677,,325558,ALG
Amplisiphonia pacifica,Hollenberg,,red alga,Plantae,Rhodophyta,Eurhodophytina,,Florideophyceae,Rhodymeniophycidae,,Ceramiales,,,Rhodomelaceae,,,Amplisiphonia,pacifica,,,,unlisted,unlisted,,reported,unobserved,2011,G.W. Saunders & K. Hind,BOLD,KU564427,,,,,"""Amplisiphonia pacifica"" Barcoded; for some reason GBIF doesn't have BOLD info here, but this specimen is on BOLD site (but think this isn't supposed to be accessible, doesn't come up when doing public search for this species). Assuming taxonomy uncertain, putting name in quotes.",1292322,ALG
Analipus japonicus,(Harvey) M.J.Wynne,,bottlebrush seaweed,Chromista,Ochrophyta,,,Phaeophyceae,Fucophycidae,,Ectocarpales,,,Chordariaceae,,,Analipus,japonicus,,,,unlisted,unlisted,,new 2019,observed,,,,,,2019-05-04,Bridgette Clarkston,https://www.inaturalist.org/observations/25860485,,130230,ALG
Antithamnionella pacifica,(Harvey) E.M.Wollaston,,red alga,Plantae,Rhodophyta,Eurhodophytina,,Florideophyceae,Rhodymeniophycidae,,Ceramiales,,,Ceramiaceae,,,Antithamnionella,pacifica,,,,unlisted,unlisted,,confirmed,observed,1977-11-27,Michael W. Hawkes,UBC,A57488,,2019-05-04,Bridgette Clarkston,https://www.inaturalist.org/observations/25861010,reported as Antithamnionella pacifica var. pacifica; species distribution includes Galiano,1031132,ALG
Arachnoidiscus schmidtii,Hajós,,diatom,Chromista,Ochrophyta,,,Bacillariophyceae,Coscinodiscophycidae,,Arachnoidiscales,,,Arachnoidiscaceae,,,Arachnoidiscus,schmidtii,,,,unlisted,unlisted,,new 2005,observed,,,,,,2005-01-31,Mark Webber,https://www.inaturalist.org/observations/4874715,,521732,ALG
Asterionellopsis glacialis,(Castracane) Round,,diatom,Chromista,Ochrophyta,,,Bacillariophyceae,Fragilariophycidae,,Fragilariales,,,Fragilariaceae,,,Asterionellopsis,glacialis,,,,unlisted,unlisted,,new 2004,observed,,,,,,2004-07-25,Mark Webber,https://www.inaturalist.org/observations/4848898,,428503,ALG
Asteromphalus heptactis,(Brébisson) Ralfs,,diatom,Chromista,Ochrophyta,,,Bacillariophyceae,Coscinodiscophycidae,,Asterolamprales,,,Asterolampraceae,,,Asteromphalus,heptactis,,,,unlisted,unlisted,,new 2007,observed,,,,,,2007-07-13,Mark Webber,https://www.inaturalist.org/observations/4874751,,521735,ALG
Attheya longicornis,(Gardner & Crawford),,diatom,Chromista,Ochrophyta,,,Bacillariophyceae,Coscinodiscophycidae,,Chaetocerotales,,,Attheyaceae,,,Attheya,longicornis,,,,unlisted,unlisted,,new 2009,observed,,,,,,2009-07-12,Mark Webber,https://www.inaturalist.org/observations/40715776,,988154,ALG
Attheya septentrionalis,(Østrup) R.M.Crawford,,diatom,Chromista,Ochrophyta,,,Bacillariophyceae,Coscinodiscophycidae,,Chaetocerotales,,,Attheyaceae,,,Attheya,septentrionalis,,,,unlisted,unlisted,,new 2009,observed,,,,,,2009-12-16,Mark Webber,https://www.inaturalist.org/observations/9291446,,623138,ALG
Aulacodiscus sp.,,,diatom,Chromista,Ochrophyta,,,Bacillariophyceae,Coscinodiscophycidae,,Coscinodiscales,,,Aulacodiscaceae,,,Aulacodiscus,,,,,unlisted,unlisted,,new 2010,observed,,,,,,2010-12-29,Mark Webber,https://www.inaturalist.org/observations/4874758,,521736,ALG
Biddulphia antediluviana,(Ehrenberg) Van Heurck,,diatom,Chromista,Ochrophyta,,,Bacillariophyceae,Coscinodiscophycidae,,Biddulphiales,,,Biddulphiaceae,,,Biddulphia,antediluviana,,,,unlisted,unlisted,,new 2011,observed,,,,,,2011-01-05,Mark Webber,https://www.inaturalist.org/observations/4876139,,521743,ALG
Biddulphia biddulphiana,(J.E. Smith) Boyer,,diatom,Chromista,Ochrophyta,,,Bacillariophyceae,Coscinodiscophycidae,,Biddulphiales,,,Biddulphiaceae,,,Biddulphia,biddulphiana,,,,unlisted,unlisted,,new 2008,observed,,,,,,2008-07-19,Mark Webber,https://www.inaturalist.org/observations/4876149,,372546,ALG
Blidingia minima var. vexata,(Setchell & N.L.Gardner) J.N.Norris,,tiny-tube sea lettuce,Plantae,Chlorophyta,,,Ulvophyceae,,,Ulvales,,,Ulvaceae,,,Blidingia,minima,,,vexata,unlisted,unlisted,,reported,unobserved,2007-12-15,Andy Lamb & Donna Gibbs,PMLS,,,,,,"This would be very difficult to identify. Without microscopic images, a voucher or D sequence this record is not verifiable. It is recorded from this area however. If there was collection information it may help",338996,ALG
Bonnemaisonia nootkana,(Esper) P.C.Silva,,delicately-branched red seaweed,Plantae,Rhodophyta,Eurhodophytina,,Florideophyceae,,,Bonnemaisoniales,,,Bonnemaisoniaceae,,,Bonnemaisonia,nootkana,,,,unlisted,unlisted,,reported,unobserved,2005-12-10,Andy Lamb & Donna Gibbs,PMLS,,,,,,"B. nootkana is recorded from the area based on records from herbaria, however it is not included in the keys to the area. This record is difficult to confirm without a photo or specimen.",873866,ALG
Bossiella orbigniana,(Decaisne) P.C.Silva,,,Plantae,Rhodophyta,Eurhodophytina,,Florideophyceae,Corallinophycidae,,Corallinales,,,Corallinaceae,Corallinoideae,,Bossiella,orbigniana,,,,unlisted,unlisted,,reported,unobserved,2011,G.W. Saunders & K. Hind,BOLD,KJ637753,,,,,"Barcoded; for some reason GBIF doesn't have BOLD info here, but this specimen is on BOLD site",,ALG
Bossiella sp.,,,leaf coral seaweed,Plantae,Rhodophyta,Eurhodophytina,,Florideophyceae,Corallinophycidae,,Corallinales,,,Corallinaceae,Corallinoideae,,Bossiella,,,,,unlisted,unlisted,,confirmed,observed,1985-12-08,Andy Lamb & Donna Gibbs,PMLS,,,2019-05-04,Bridgette Clarkston,https://www.inaturalist.org/observations/25861026,,127155,ALG
Branchioglossum bipinnatifidum,(Montagne) M.J.Wynne,,,Plantae,Rhodophyta,Eurhodophytina,,Florideophyceae,Rhodymeniophycidae,,Ceramiales,,,Delesseriaceae,,,Branchioglossum,bipinnatifidum,,,,unlisted,unlisted,,reported,unobserved,2011-05-04,"G.W. Saunders, K. Hind & B. Clarkston",BOLD,GWS027448,,,,,Barcoded,,ALG
Bryopsis corticulans,Setchell,,,Plantae,Chlorophyta,,,Ulvophyceae,,,Bryopsidales,,,Bryopsidaceae,,,Bryopsis,corticulans,,,,unlisted,unlisted,,reported,unobserved,2008,Andy Lamb & Donna Gibbs,PMLS,,,,,,"B. corticulans is rare in this area, often found on the outer coast or north coast. Hard to confirm without photo or specimen.",,ALG
Calliarthron sp.,,,leaf coral seaweed,Plantae,Rhodophyta,Eurhodophytina,,Florideophyceae,Corallinophycidae,,Corallinales,,,Corallinaceae,Corallinoideae,,Calliarthron,,,,,unlisted,unlisted,,reported,unobserved,1995-02-26,Andy Lamb & Donna Gibbs,PMLS,,,,,,,127154,ALG
Calliarthron tuberculosum,(Postels & Ruprecht) E.Y.Dawson,,articulated coralline algae,Plantae,Rhodophyta,Eurhodophytina,,Florideophyceae,Corallinophycidae,,Corallinales,,,Corallinaceae,Corallinoideae,,Calliarthron,tuberculosum,,,,unlisted,unlisted,,confirmed,observed,1995,Andy Lamb & Donna Gibbs,PMLS,,,2022-02-28,Caitlin Robinson,https://www.inaturalist.org/observations/107677379,"no change (KH). Common here, most likely C. tuberculosum",446884,ALG
Callithamnion acutum,Kylin,,,Plantae,Rhodophyta,Eurhodophytina,,Florideophyceae,Rhodymeniophycidae,,Ceramiales,,,Ceramiaceae,,,Callithamnion,acutum,,,,unlisted,unlisted,,new 2019,observed,,,,,,2019-05-04,Bridgette Clarkston,https://www.inaturalist.org/observations/25859555,,895196,ALG
Callithamnion pikeanum,Harvey,,beauty bush,Plantae,Rhodophyta,Eurhodophytina,,Florideophyceae,Rhodymeniophycidae,,Ceramiales,,,Ceramiaceae,,,Callithamnion,pikeanum,,,,unlisted,unlisted,,reported,unobserved,2006-09-29,Andy Lamb & Donna Gibbs,PMLS,,,,,,Common here and we observed during the Bioblitz,117770,ALG
Callophyllis crenulata,Setchell,,,Plantae,Rhodophyta,Eurhodophytina,,Florideophyceae,Rhodymeniophycidae,,Gigartinales,,,Kallymeniaceae,,,Callophyllis,crenulata,,,,unlisted,unlisted,,reported,unobserved,2011-05-04,"G.W. Saunders, K. Hind & B. Clarkston",BOLD,GWS027457,,,,,Barcoded,345268,ALG
Callophyllis edentata,Kylin,,,Plantae,Rhodophyta,Eurhodophytina,,Florideophyceae,Rhodymeniophycidae,,Gigartinales,,,Kallymeniaceae,,,Callophyllis,edentata,,,,unlisted,unlisted,,new 2019,observed,,,,,,2019-05-04,Bridgette Clarkston,https://www.inaturalist.org/observations/25861012,,895191,ALG
Callophyllis flabellulata,Harvey,,,Plantae,Rhodophyta,Eurhodophytina,,Florideophyceae,Rhodymeniophycidae,,Gigartinales,,,Kallymeniaceae,,,Callophyllis,flabellulata,,,,unlisted,unlisted,,new 2019,observed,,,,,,2019-05-04,Bridgette Clarkston,https://www.inaturalist.org/observations/25860491,,446885,ALG
Callophyllis heanophylla,Setchell,,,Plantae,Rhodophyta,Eurhodophytina,,Florideophyceae,Rhodymeniophycidae,,Gigartinales,,,Kallymeniaceae,,,Callophyllis,heanophylla,,,,unlisted,unlisted,,reported,unobserved,2011-05-04,"G.W. Saunders, K. Hind & B. Clarkston",BOLD,GWS027451,,,,,Barcoded,1292323,ALG
Callophyllis pinnata,Setchell & Swezy in Setchell,,,Plantae,Rhodophyta,Eurhodophytina,,Florideophyceae,Rhodymeniophycidae,,Gigartinales,,,Kallymeniaceae,,,Callophyllis,pinnata,,,,unlisted,unlisted,,reported,unobserved,2011-05-04,"G.W. Saunders, K. Hind & B. Clarkston",BOLD,GWS027453,,,,,Barcoded,544812,ALG
Callophyllis schneideri,Clarkston & G.W.Saunders,,,Plantae,Rhodophyta,Eurhodophytina,,Florideophyceae,Rhodymeniophycidae,,Gigartinales,,,Kallymeniaceae,,,Callophyllis,schneideri,,,,unlisted,unlisted,,reported,unobserved,2011-05-04,"G.W. Saunders, K. Hind & B. Clarkston",BOLD,GWS027442,,,,,Barcoded,,ALG
Callophyllis variforma,"Filloramo, Selivanova & G.W.Saunders",,,Plantae,Rhodophyta,Eurhodophytina,,Florideophyceae,Rhodymeniophycidae,,Gigartinales,,,Kallymeniaceae,,,Callophyllis,variforma,,,,unlisted,unlisted,,reported,unobserved,2011-05-04,"G.W. Saunders, K. Hind & B. Clarkston",BOLD,GWS027443,,,,,Barcoded,,ALG
Ceramium gardneri,Kylin,,,Plantae,Rhodophyta,Eurhodophytina,,Florideophyceae,Rhodymeniophycidae,,Ceramiales,,,Ceramiaceae,,,Ceramium,gardneri,,,,unlisted,unlisted,,new 2019,observed,,,,,,2019-05-04,Bridgette Clarkston,https://www.inaturalist.org/observations/25859909,,345256,ALG
Ceramium pacificum,(Collins) Kylin,,hairy pottery seaweed,Plantae,Rhodophyta,Eurhodophytina,,Florideophyceae,Rhodymeniophycidae,,Ceramiales,,,Ceramiaceae,,,Ceramium,pacificum,,,,unlisted,unlisted,,confirmed,observed,2006-11-11,Andy Lamb & Donna Gibbs,PMLS,,,2016-09-01,Andrew Simon,http://www.inaturalist.org/observations/4017037,,429948,ALG
Cerataulina pelagica,(Cleve) Hendey,,diatom,Chromista,Ochrophyta,,,Bacillariophyceae,Coscinodiscophycidae,,Hemiaulales,,,Hemiaulaceae,,,Cerataulina,pelagica,,,,unlisted,unlisted,,new 2008,observed,,,,,,2008-07-11,Mark Webber,https://www.inaturalist.org/observations/9290781,,448296,ALG
Ceratium fusus,(Ehrenberg) Dujardin,,dinoflagellate,Chromista,Miozoa,,,Dinophyceae,,,Gonyaulacales,,,Ceratiaceae,,,Ceratium,fusus,,,,unlisted,unlisted,,new 2005,observed,,,,,,2005-07-14,Mark Webber,https://www.inaturalist.org/observations/4848820,,203749,ALG
Ceratium lineatum,(Ehrenberg) Cleve,,dinoflagellate,Chromista,Miozoa,,,Dinophyceae,,,Gonyaulacales,,,Ceratiaceae,,,Ceratium,lineatum,,,,unlisted,unlisted,,new 2006,observed,,,,,,2006-01-21,Mark Webber,https://www.inaturalist.org/observations/9291462,,345251,ALG
Chaetoceros affinis,Lauder,,diatom,Chromista,Ochrophyta,,,Bacillariophyceae,Chaetocerotophycidae,,Chaetocerotales,,,Chaetocerotaceae,,,Chaetoceros,affinis,,,,unlisted,unlisted,,new 2004,observed,,,,,,2004-07-28,Mark Webber,https://www.inaturalist.org/observations/4876445,,423795,ALG
Chaetoceros concavicornis,L.A. Mangin,,diatom,Chromista,Ochrophyta,,,Bacillariophyceae,Chaetocerotophycidae,,Chaetocerotales,,,Chaetocerotaceae,,,Chaetoceros,concavicornis,,,,unlisted,unlisted,,new 2006,observed,,,,,,2006-01-13,Mark Webber,https://www.inaturalist.org/observations/4876451,,521748,ALG
Chaetoceros curvisetus,Cleve,,diatom,Chromista,Ochrophyta,,,Bacillariophyceae,Chaetocerotophycidae,,Chaetocerotales,,,Chaetocerotaceae,,,Chaetoceros,curvisetus,,,,unlisted,unlisted,,new 2006,observed,,,,,,2006-01-02,Mark Webber,https://www.inaturalist.org/observations/4876455,,504135,ALG
Chaetoceros decipiens,Cleve,,diatom,Chromista,Ochrophyta,,,Bacillariophyceae,Chaetocerotophycidae,,Chaetocerotales,,,Chaetocerotaceae,,,Chaetoceros,decipiens,,,,unlisted,unlisted,,new 2008,observed,,,,,,2008-11-09,Mark Webber,https://www.inaturalist.org/observations/4876188,,446735,ALG
Chaetoceros didymus,Ehrenberg,,diatom,Chromista,Ochrophyta,,,Bacillariophyceae,Chaetocerotophycidae,,Chaetocerotales,,,Chaetocerotaceae,,,Chaetoceros,didymus,,,,unlisted,unlisted,,new 2006,observed,,,,,,2006-01-01,Mark Webber,https://www.inaturalist.org/observations/4849241,,448287,ALG
Chaetoceros laciniosus,F. Schütt,,diatom,Chromista,Ochrophyta,,,Bacillariophyceae,Chaetocerotophycidae,,Chaetocerotales,,,Chaetocerotaceae,,,Chaetoceros,laciniosus,,,,unlisted,unlisted,,new 2009,observed,,,,,,2009-08-11,Mark Webber,https://www.inaturalist.org/observations/4876214,,521745,ALG
Chaetoceros lorenzianus,Grunow,,diatom,Chromista,Ochrophyta,,,Bacillariophyceae,Chaetocerotophycidae,,Chaetocerotales,,,Chaetocerotaceae,,,Chaetoceros,lorenzianus,,,,unlisted,unlisted,,new 2008,observed,,,,,,2008-11-15,Mark Webber,https://www.inaturalist.org/observations/4876441,,521747,ALG
Chaetoceros radicans,F. Schütt,,diatom,Chromista,Ochrophyta,,,Bacillariophyceae,Chaetocerotophycidae,,Chaetocerotales,,,Chaetocerotaceae,,,Chaetoceros,radicans,,,,unlisted,unlisted,,new 2006,observed,,,,,,2006-01-21,Mark Webber,https://www.inaturalist.org/observations/4876457,,521749,ALG
Chaetoceros socialis,H.S. Lauder,,diatom,Chromista,Ochrophyta,,,Bacillariophyceae,Chaetocerotophycidae,,Chaetocerotales,,,Chaetocerotaceae,,,Chaetoceros,socialis,,,,unlisted,unlisted,,new 2008,observed,,,,,,2008-11-15,Mark Webber,https://www.inaturalist.org/observations/4876466,,411126,ALG
Chondracanthus exasperatus,(Harvey & Bailey) Hughey,,Turkish towel,Plantae,Rhodophyta,Eurhodophytina,,Florideophyceae,Rhodymeniophycidae,,Gigartinales,,,Gigartinaceae,,,Chondracanthus,exasperatus,,,,unlisted,unlisted,,confirmed,observed,1996-04-02,E. McNeil,UBC,A82321,,2015-08-28,Lauren Magner,http://www.inaturalist.org/observations/3734901,,127153,ALG
Cladophora columbiana,Collins,,green pin-cushion alga,Plantae,Chlorophyta,,,Ulvophyceae,,,Cladophorales,,,Cladophoraceae,,,Cladophora,columbiana,,,,unlisted,unlisted,,new 2016,observed,,,,,,2016-09-01,Andrew Simon,http://www.inaturalist.org/observations/4017201,,117775,ALG
Cladophora sp.,,,sea moss,Plantae,Chlorophyta,,,Ulvophyceae,,,Cladophorales,,,Cladophoraceae,,,Cladophora,,,,,unlisted,unlisted,,reported,unobserved,2013-05-17,Andy Lamb & Donna Gibbs,PMLS,,,,,,,53707,ALG
Clathromorphum sp.,,,crustose coralline,Plantae,Rhodophyta,Eurhodophytina,,Florideophyceae,Corallinophycidae,,Corallinales,,,Corallinaceae,,,Clathromorphum,,,,,unlisted,unlisted,,reported,unobserved,1993-08-16,Andy Lamb & Donna Gibbs,PMLS,,,,,,,326286,ALG
Closterium ehrenbergii,Meneghini ex Ralfs,,desmid,Plantae,Charophyta,,,Conjugatophyceae,,,Zygnematales,,,Closteriaceae,,,Closterium,ehrenbergii,,,,unlisted,unlisted,,new 2017,observed,,,,,,2017-11-15,Mark Webber,https://www.inaturalist.org/observations/9096764,,470518,ALG
Closterium praelongum,Brébisson,,desmid,Plantae,Charophyta,,,Conjugatophyceae,,,Zygnematales,,,Closteriaceae,,,Closterium,praelongum,,,,unlisted,unlisted,,new 2012,observed,,,,,,2012-12-21,Mark Webber,https://www.inaturalist.org/observations/5036392,,526977,ALG
Cocconeis sp.,,,diatom,Chromista,Ochrophyta,,,Bacillariophyceae,Bacillariophycidae,,Cocconeidales,,,Cocconeidaceae,,,Cocconeis,,,,,unlisted,unlisted,,new 2005,observed,,,,,,2005-07-19,Mark Webber,https://www.inaturalist.org/observations/5197578,,339306,ALG
Codium fragile,Hariot,,sea staghorn,Plantae,Chlorophyta,,,Ulvophyceae,,,Bryopsidales,,,Codiaceae,,,Codium,fragile,,,,unlisted,unlisted,,reported,unobserved,1977-11-27,Michael W. Hawkes,UBC,A57498,,,,,cf Codium fragile subsp. californicum (J.Agardh) Maggs & J.Kelly,67555,ALG
Codium setchellii,N.L.Gardner,,spongy cushion,Plantae,Chlorophyta,,,Ulvophyceae,,,Bryopsidales,,,Codiaceae,,,Codium,setchellii,,,,unlisted,unlisted,,reported,unobserved,1994-10-22,Andy Lamb & Donna Gibbs,PMLS,,,,,,,117776,ALG
Colpomenia peregrina,Sauvageau,,round brown bag,Chromista,Ochrophyta,,,Phaeophyceae,,,Scytosiphonales,,,Scytosiphonaceae,,,Colpomenia,peregrina,,,,unlisted,unlisted,,confirmed,observed,2006-09-28,Andy Lamb & Donna Gibbs,PMLS,,,2015-08-28,Lauren Magner,https://www.inaturalist.org/observations/3734842,,129737,ALG
Constantinea simplex,Setchell,,cup and saucer seaweed,Plantae,Rhodophyta,Eurhodophytina,,Florideophyceae,Rhodymeniophycidae,,Gigartinales,,,Dumontiaceae,,,Constantinea,simplex,,,,unlisted,unlisted,,confirmed,observed,1995-02-24,Andy Lamb & Donna Gibbs,PMLS,,,2019-12-09,Penelope Bridge-Battle,https://www.inaturalist.org/observations/36661545,,345231,ALG
Constantinea subulifera,Setchell,,giant cup and saucer seaweed,Plantae,Rhodophyta,Eurhodophytina,,Florideophyceae,Rhodymeniophycidae,,Gigartinales,,,Dumontiaceae,,,Constantinea,subulifera,,,,unlisted,unlisted,,confirmed,observed,2016-02-07,Andy Lamb & Donna Gibbs,PMLS,,,2019-05-05,Bridgette Clarkston,https://www.inaturalist.org/observations/25927075,,473053,ALG
Corallina officinalis var. chilensis,Linnaeus,(Decaisne) Kützing,pink feather coralline,Plantae,Rhodophyta,Eurhodophytina,,Florideophyceae,Corallinophycidae,,Corallinales,,,Corallinaceae,,,Corallina,officinalis,,,chilensis,unlisted,unlisted,,reported,unobserved,2006-09-28,Andy Lamb & Donna Gibbs,PMLS,,,,,,,345230,ALG
Corallina vancouveriensis,Yendo,,graceful coralline,Plantae,Rhodophyta,Eurhodophytina,,Florideophyceae,Corallinophycidae,,Corallinales,,,Corallinaceae,,,Corallina,vancouveriensis,,,,unlisted,unlisted,,reported,unobserved,1995-02-24,Andy Lamb & Donna Gibbs,PMLS,,,,,,,126448,ALG
Corethron hystrix,Hensen,,diatom,Chromista,Ochrophyta,,,Bacillariophyceae,Coscinodiscophycidae,,Corethrales,,,Corethraceae,,,Corethron,hystrix,,,,unlisted,unlisted,,new 2006,observed,,,,,,2006-01-06,Mark Webber,https://www.inaturalist.org/observations/49989060,,484134,ALG
Coscinodiscus granii,L.F. Gough,,diatom,Chromista,Ochrophyta,,,Bacillariophyceae,Coscinodiscophycidae,,Coscinodiscales,,,Coscinodiscaceae,,,Coscinodiscus,granii,,,,unlisted,unlisted,,new 2009,observed,,,,,,2009-08-02,Mark Webber,https://www.inaturalist.org/observations/9291001,,570485,ALG
Coscinodiscus radiatus,Ehrenberg,,diatom,Chromista,Ochrophyta,,,Bacillariophyceae,Coscinodiscophycidae,,Coscinodiscales,,,Coscinodiscaceae,,,Coscinodiscus,radiatus,,,,unlisted,unlisted,,new 2009,observed,,,,,,2009-12-15,Mark Webber,https://www.inaturalist.org/observations/40704549,,424382,ALG
Coscinodiscus wailesii,Gran & Angst,,diatom,Chromista,Ochrophyta,,,Bacillariophyceae,Coscinodiscophycidae,,Coscinodiscales,,,Coscinodiscaceae,,,Coscinodiscus,wailesii,,,,unlisted,unlisted,,new 2019,observed,,,,,,2019-09-18,Mark Webber,https://www.inaturalist.org/observations/44884072,,549788,ALG
Costaria costata,(C. Agardh) De A. Saunders,,seersucker kelp,Chromista,Ochrophyta,,,Phaeophyceae,Fucophycidae,,Laminariales,,,Laminariaceae,,,Costaria,costata,,,,unlisted,unlisted,,confirmed,observed,1993-05-09,Andy Lamb & Donna Gibbs,PMLS,,,2017-04-08,Tyrel Froese,https://www.inaturalist.org/observations/5620533,,125877,ALG
Cryptopleura lobulifera,(J.Agardh) Kylin,,,Plantae,Rhodophyta,Eurhodophytina,,Florideophyceae,Rhodymeniophycidae,,Ceramiales,,,Delesseriaceae,,Cryptopleureae,Cryptopleura,lobulifera,,,,unlisted,unlisted,,reported,unobserved,1999,Andy Lamb & Donna Gibbs,PMLS,,,,,,"no change (KH). Has been found in this area, but difficult to confirm. It is noted as being rare in the local area in the key.",,ALG
Cryptopleura ruprechtiana,(J.Agardh) Kylin,,hidden rib,Plantae,Rhodophyta,Eurhodophytina,,Florideophyceae,Rhodymeniophycidae,,Ceramiales,,,Delesseriaceae,,Cryptopleureae,Cryptopleura,ruprechtiana,,,,unlisted,unlisted,,new 2019,observed,,,,,,2019-05-04,Bridgette Clarkston,https://www.inaturalist.org/observations/25861039,,327014,ALG
Cryptopleura sp.,,,,Plantae,Rhodophyta,Eurhodophytina,,Florideophyceae,Rhodymeniophycidae,,Ceramiales,,,Delesseriaceae,,Cryptopleureae,Cryptopleura,,,,,unlisted,unlisted,,confirmed,observed,1999-10-02,Andy Lamb & Donna Gibbs,PMLS,,,2016-08-21,Tyrel Froese,http://www.inaturalist.org/observations/4005089,,243907,ALG
Cryptosiphonia woodii,(J.Agardh) J.Agardh,,dark branching-tube seaweed,Plantae,Rhodophyta,Eurhodophytina,,Florideophyceae,Rhodymeniophycidae,,Gigartinales,,,Dumontiaceae,,,Cryptosiphonia,woodii,,,,unlisted,unlisted,,confirmed,observed,2009-03-20,Andy Lamb & Donna Gibbs,PMLS,,,2019-05-04,John D. Reynolds,https://www.inaturalist.org/observations/24708735,,117777,ALG
Cumathamnion decipiens,(J.Agardh) M.J.Wynne & G.W.Saunders,,winged rib,Plantae,Rhodophyta,Eurhodophytina,,Florideophyceae,Rhodymeniophycidae,,Ceramiales,,,Delesseriaceae,,,Cumathamnion,decipiens,,,,unlisted,unlisted,,confirmed,observed,2002-03-23,Andy Lamb & Donna Gibbs,PMLS,,,2021-03-13,Dave “Zeuss” Cochrane,https://inaturalist.ca/observations/71178850,reported as Delesseria decipiens,496909,ALG
Cyclotella sp.,,,diatom,Chromista,Ochrophyta,,,Bacillariophyceae,Thalassiosirophycidae,,Stephanodiscales,,,Stephanodiscaceae,,,Cyclotella,,,,,unlisted,unlisted,,new 2006,observed,,,,,,2006-01-24,Mark Webber,https://www.inaturalist.org/observations/49991081,,345199,ALG
Cylindrotheca closterium,(Ehrenberg) Reimann & J.C.Lewin,,diatom,Chromista,Ochrophyta,,,Bacillariophyceae,Bacillariophycidae,,Bacillariales,,,Bacillariaceae,,,Cylindrotheca,closterium,,,,unlisted,unlisted,,new 2006,observed,,,,,,2006-07-21,Mark Webber,https://www.inaturalist.org/observations/5197566,,203739,ALG
Cymathaere triplicata,(Postels & Ruprecht) J.Agardh,,three-ribbed kelp,Chromista,Ochrophyta,,,Phaeophyceae,Fucophycidae,,Laminariales,,,Laminariaceae,,,Cymathaere,triplicata,,,,unlisted,unlisted,,reported,unobserved,2008-08-29,Andy Lamb & Donna Gibbs,PMLS,,,,,,"Possible, no photo to check",429947,ALG
Cymbella sp.,,,diatom,Chromista,Ochrophyta,,,Bacillariophyceae,Bacillariophycidae,,Cymbellales,,,Cymbellaceae,,,Cymbella,,,,,unlisted,unlisted,,new 2006,observed,,,,,,2006-01-10,Mark Webber,https://www.inaturalist.org/observations/5197569,,123878,ALG
Dactyliosolen fragilissimus,(Bergon) Hasle,,diatom,Chromista,Ochrophyta,,,Bacillariophyceae,Coscinodiscophycidae,,Rhizosoleniales,,,Rhizosoleniaceae,,,Dactyliosolen,fragilissimus,,,,unlisted,unlisted,,new 2020,observed,,,,,,2020-04-25,Mark Webber,https://www.inaturalist.org/observations/50047033,,429201,ALG
Desmarestia aculeata,(Linnaeus) J.V.Lamouroux,,wiry acid weed,Chromista,Ochrophyta,,,Phaeophyceae,Fucophycidae,,Desmarestiales,,,Desmarestiaceae,,,Desmarestia,aculeata,,,,unlisted,unlisted,,reported,unobserved,2008-02-16,Andy Lamb & Donna Gibbs,PMLS,,,,,,"Possible, no photo to check",182896,ALG
Desmarestia herbacea,(Turner) J.V.Lamouroux,,colour changer,Chromista,Ochrophyta,,,Phaeophyceae,Fucophycidae,,Desmarestiales,,,Desmarestiaceae,,,Desmarestia,herbacea,,,,unlisted,unlisted,,new 2009,observed,,,,,,2009-07-08,Shera Street,http://www.inaturalist.org/observations/2635150,,345459,ALG
Desmarestia ligulata,(Stackhouse) J.V. Lamouroux,,flattened acid kelp,Chromista,Ochrophyta,,,Phaeophyceae,Fucophycidae,,Desmarestiales,,,Desmarestiaceae,,,Desmarestia,ligulata,,,,unlisted,unlisted,,confirmed,observed,1994-09-10,Andy Lamb & Donna Gibbs,PMLS,,,2019-05-04,Isabelle M. Côté,https://www.inaturalist.org/observations/129150963,"Possible, no photo to check",328357,ALG
Desmarestia viridis,(O.F. Müller) J.V. Lamouroux,,stringy acid weed,Chromista,Ochrophyta,,,Phaeophyceae,Fucophycidae,,Desmarestiales,,,Desmarestiaceae,,,Desmarestia,viridis,,,,unlisted,unlisted,,confirmed,observed,1999-05-05,Andy Lamb & Donna Gibbs,PMLS,,,2017-04-08,Tyrel Froese,https://www.inaturalist.org/observations/5620551,,182892,ALG
Detonula pumila,(Castracane) Gran,,diatom,Chromista,Ochrophyta,,,Bacillariophyceae,Thalassiosirophycidae,,Thalassiosirales,,,Thalassiosiraceae,,,Detonula,pumila,,,,unlisted,unlisted,,new 2005,observed,,,,,,2005-07-14,Mark Webber,https://www.inaturalist.org/observations/5197581,,468053,ALG
Devaleraea callophylloides,"(M.W.Hawkes & Scagel) G.W.Saunders, Jackson & Salomaki",,,Plantae,Rhodophyta,Eurhodophytina,,Florideophyceae,,,Palmariales,,,Palmariaceae,,,Devaleraea,callophylloides,,,,unlisted,unlisted,,reported,unobserved,2005,Andy Lamb & Donna Gibbs,PMLS,,,,,,"No update, No UBC or iNat record for species ID; authority added",747468,ALG
Devaleraea mollis,"(Setchell & N.L.Gardner) G.W.Saunders, C.J.Jackson & Salomaki",,thin dulse,Plantae,Rhodophyta,Eurhodophytina,,Florideophyceae,,,Palmariales,,,Palmariaceae,,,Devaleraea,mollis,,,,unlisted,unlisted,,reported,unobserved,2005-12-10,Andy Lamb & Donna Gibbs,PMLS,,,,,,reported as Palmaria mollis,747472,ALG
Dictyocha crux,Ehrenberg,,golden alga,Chromista,Ochrophyta,,,Chrysophyceae,,,Dictyochales,,,Dictyochaceae,,,Dictyocha,crux,,,,unlisted,unlisted,,new 2006,observed,,,,,,2006-07-13,Mark Webber,https://www.inaturalist.org/observations/5197588,,534455,ALG
Dictyocha fibula,Ehrenberg,,golden alga,Chromista,Ochrophyta,,,Chrysophyceae,,,Dictyochales,,,Dictyochaceae,,,Dictyocha,fibula,,,,unlisted,unlisted,,new 2005,observed,,,,,,2005-01-20,Mark Webber,https://www.inaturalist.org/observations/4849190,,424389,ALG
Dictyocha speculum,Ehrenberg,,golden alga,Chromista,Ochrophyta,,,Chrysophyceae,,,Dictyochales,,,Dictyochaceae,,,Dictyocha,speculum,,,,unlisted,unlisted,,new 2005,observed,,,,,,2005-07-19,Mark Webber,https://www.inaturalist.org/observations/48042848,,473993,ALG
Dictyota binghamiae,J.Agardh,,mermaid's gloves,Chromista,Ochrophyta,,,Phaeophyceae,,,Dictyotales,,,Dictyotaceae,,,Dictyota,binghamiae,,,,unlisted,unlisted,,reported,unobserved,1999-05-04,Andy Lamb & Donna Gibbs,PMLS,,,,,,"Possible, no photo to check",124829,ALG
Dinophysis acuminata,Claparède & Lachmann,,dinoflagellate,Chromista,Miozoa,,,Dinophyceae,,,Dinophysiales,,,Dinophysiaceae,,,Dinophysis,acuminata,,,,unlisted,unlisted,,new 2012,observed,,,,,,2012-08-05,Mark Webber,https://www.inaturalist.org/observations/4849148,,320121,ALG
Diploneis sp.,,,diatom,Chromista,Ochrophyta,,,Bacillariophyceae,Bacillariophycidae,,Naviculales,Diploneidineae,,Diploneidaceae,,,Diploneis,,,,,unlisted,unlisted,,new 2006,observed,,,,,,2006-01-22,Mark Webber,https://www.inaturalist.org/observations/50195051,,345801,ALG
Ditylum brightwellii,(T. West) Grunow,,diatom,Chromista,Ochrophyta,,,Bacillariophyceae,Coscinodiscophycidae,,Lithodesmidales,,,Lithodesmiaceae,,,Ditylum,brightwellii,,,,unlisted,unlisted,,new 2011,observed,,,,,,2011-11-19,Mark Webber,https://www.inaturalist.org/observations/4848365,,424387,ALG
Ectocarpus sp.,,,brown tuft,Chromista,Ochrophyta,,,Phaeophyceae,Fucophycidae,,Ectocarpales,,,Ectocarpaceae,,,Ectocarpus,,,,,unlisted,unlisted,,reported,unobserved,2006-06-30,Andy Lamb & Donna Gibbs,PMLS,,,,,,,182843,ALG
Endocladia muricata,(Endlicher) J.Agardh,,nail brush seaweed,Plantae,Rhodophyta,Eurhodophytina,,Florideophyceae,Rhodymeniophycidae,,Gigartinales,,,Endocladiaceae,,,Endocladia,muricata,,,,unlisted,unlisted,,confirmed,observed,2006-11-11,Andy Lamb & Donna Gibbs,PMLS,,,2019-05-05,Bridgette Clarkston,https://www.inaturalist.org/observations/25927063,,117781,ALG
Ephemera cf plana,,,diatom,Chromista,Ochrophyta,,,Bacillariophyceae,Bacillariophycidae,,Bacillariales,Naviculineae,,Plagiotropidaceae,,,Ephemera,plana,,,,unlisted,unlisted,,new 2008,observed,,,,,,2008-07-19,Mark Webber,https://www.inaturalist.org/observations/4856515,,,ALG
Eucampia zodiacus,Ehrenberg,,diatom,Chromista,Ochrophyta,,,Bacillariophyceae,Coscinodiscophycidae,,Hemiaulales,,,Hemiaulaceae,,,Eucampia,zodiacus,,,,unlisted,unlisted,,new 2004,observed,,,,,,2004-07-23,Mark Webber,https://www.inaturalist.org/observations/4848935,,468045,ALG
Eupyxidicula turris,(Greville) S.Blanco & C.E.Wetzel,,diatom,Chromista,Ochrophyta,,,Bacillariophyceae,Archaegladiopsophycidae,,Stephanopyxales,,,Stephanopyxidaceae,,,Eupyxidicula,turris,,,,unlisted,unlisted,,new 2005,observed,,,,,,2005-07-14,Mark Webber,https://www.inaturalist.org/observations/4848947,,1268528,ALG
Farlowia mollis,(Harvey & Bailey) Farlow & Setchell,,tattered red seaweed,Plantae,Rhodophyta,Eurhodophytina,,Florideophyceae,Rhodymeniophycidae,,Gigartinales,,,Dumontiaceae,,,Farlowia,mollis,,,,unlisted,unlisted,,confirmed,observed,2006-03-05,Andy Lamb & Donna Gibbs,PMLS,,,2019-05-04,Bridgette Clarkston,https://www.inaturalist.org/observations/25861009,,117783,ALG
Fragilaria capucina,Desmazières,,diatom,Chromista,Ochrophyta,,,Bacillariophyceae,Fragilariophycidae,,Fragilariales,,,Fragilariaceae,,,Fragilaria,capucina,,,,unlisted,unlisted,,new 2004,observed,,,,,,2004-07-20,Mark Webber,https://www.inaturalist.org/observations/5197628,,345512,ALG
Fragilariopsis cf oceanica,(Cleve) Hasle,,diatom,Chromista,Ochrophyta,,,Bacillariophyceae,Bacillariophycidae,,Bacillariales,,,Bacillariaceae,,,Fragilariopsis,oceanica,,,,unlisted,unlisted,,new 2006,observed,,,,,,2006-01-24,Mark Webber,https://www.inaturalist.org/observations/5197620,,,ALG
Fredericqia chiton,"(M.Howe) Maggs, L.Le Gall, Mineur, Provan & G.W. Saunders",,thin forked seaweed,Plantae,Rhodophyta,Eurhodophytina,,Florideophyceae,Rhodymeniophycidae,,Gigartinales,,,Phyllophoraceae,,,Fredericqia,chiton,,,,unlisted,unlisted,,reported,unobserved,2016-03-27,Andy Lamb & Donna Gibbs,PMLS,,,,,,reported as Gymnogongrus chiton,957351,ALG
Fredericqia deveauniensis,"Maggs, L.Le Gall, Mineur, Provan & G.W.Saunders",,,Plantae,Rhodophyta,Eurhodophytina,,Florideophyceae,Rhodymeniophycidae,,Gigartinales,,,Phyllophoraceae,,,Fredericqia,deveauniensis,,,,unlisted,unlisted,,new 2019,observed,,,,,,2019-05-05,Bridgette Clarkston,https://www.inaturalist.org/observations/25927077,,564944,ALG
Fryeella gardneri,(Setchell) Kylin,,arched red seaweed,Plantae,Rhodophyta,Eurhodophytina,,Florideophyceae,Rhodymeniophycidae,,Rhodymeniales,,,Fryeellaceae,,,Fryeella,gardneri,,,,unlisted,unlisted,,reported,unobserved,1977-11-27,Michael W. Hawkes,UBC,A57499,,,,,"no change, but no photos to confirm",500286,ALG
Fucus distichus,L.,,rockweed,Chromista,Ochrophyta,,,Phaeophyceae,,,Fucales,,,Fucaceae,,,Fucus,distichus,,,,unlisted,unlisted,,confirmed,observed,1994-09-10,Andy Lamb & Donna Gibbs,PMLS,,,2014-02-11,lhurteau,https://www.inaturalist.org/observations/16788084,syn. Fucus distichus ssp. evanescens,69155,ALG
Gloiocladia fryeana,(Setchell) N.Sánchez & Rodríguez-Prieto,,margined blue branching seaweed,Plantae,Rhodophyta,Eurhodophytina,,Florideophyceae,Rhodymeniophycidae,,Rhodymeniales,,,Faucheaceae,,,Gloiocladia,fryeana,,,,unlisted,unlisted,,reported,unobserved,2006-09-29,Andy Lamb & Donna Gibbs,PMLS,,,,,,reported as Fauchea fryeana,865801,ALG
Gloiocladia laciniata,(J.Agardh) Sánchez & Rodríguez-Prieto,,blue branching seaweed,Plantae,Rhodophyta,Eurhodophytina,,Florideophyceae,Rhodymeniophycidae,,Rhodymeniales,,,Faucheaceae,,,Gloiocladia,laciniata,,,,unlisted,unlisted,,confirmed,observed,1995-02-24,Andy Lamb & Donna Gibbs,PMLS,,,2019-05-04,Isabelle M. Côté,https://www.inaturalist.org/observations/129284352,,429862,ALG
Gomphonema acuminatum,Ehrenberg,,diatom,Chromista,Ochrophyta,,,Bacillariophyceae,Bacillariophycidae,,Cymbellales,,,Gomphonemataceae,,,Gomphonema,acuminatum,,,,unlisted,unlisted,,new 2004,observed,,,,,,2004-07-21,Mark Webber,https://www.inaturalist.org/observations/9291305,,333685,ALG
Gomphonema sp.,,,diatom,Chromista,Ochrophyta,,,Bacillariophyceae,Bacillariophycidae,,Cymbellales,,,Gomphonemataceae,,,Gomphonema,,,,,unlisted,unlisted,,new 2004,observed,,,,,,2004-07-21,Mark Webber,https://www.inaturalist.org/observations/4849029,,123886,ALG
Gracilaria pacifica,Abbott,,California limu,Plantae,Rhodophyta,Eurhodophytina,,Florideophyceae,Rhodymeniophycidae,,Gracilariales,,,Gracilariaceae,,,Gracilaria,pacifica,,,,unlisted,unlisted,,reported,unobserved,1996-04-02,E. McNeil,UBC,A82320,,,,,"no change, but no photos to confirm",497324,ALG
Gracilariophila oryzoides,Setchell & H.L.Wilson,,,Plantae,Rhodophyta,Eurhodophytina,,Florideophyceae,Rhodymeniophycidae,,Gracilariales,,,Gracilariaceae,,,Gracilariophila,oryzoides,,,,unlisted,unlisted,,new 2021,observed,,,,,,2021-04-10,Kevin Toomer,https://www.inaturalist.org/observations/73655263,,339047,ALG
Gracilariopsis andersonii,(Grunow) E.Y.Dawson,,,Plantae,Rhodophyta,Eurhodophytina,,Florideophyceae,Rhodymeniophycidae,,Gracilariales,,,Gracilariaceae,,,Gracilariopsis,andersonii,,,,unlisted,unlisted,,new 2019,observed,,,,,,2019-05-04,Bridgette Clarkston,https://www.inaturalist.org/observations/25861429,Can't identify for certain without reproduction or D,360321,ALG
Griffithsia pacifica,Kylin,,orange-coloured red alga,Plantae,Rhodophyta,Eurhodophytina,,Florideophyceae,Rhodymeniophycidae,,Ceramiales,,,Ceramiaceae,,,Griffithsia,pacifica,,,,unlisted,unlisted,,reported,unobserved,1977-11-27,Michael W. Hawkes,UBC,A57492,,,,,"no change, but no photos to confirm",326993,ALG
Guinardia delicatula,(Cleve) Hasle,,diatom,Chromista,Ochrophyta,,,Bacillariophyceae,Coscinodiscophycidae,,Rhizosoleniales,,,Rhizosoleniaceae,,,Guinardia,delicatula,,,,unlisted,unlisted,,new 2006,observed,,,,,,2006-07-21,Mark Webber,https://www.inaturalist.org/observations/4873172,,429202,ALG
Guinardia striata,(Stolterfoth) Hasle,,diatom,Chromista,Ochrophyta,,,Bacillariophyceae,Coscinodiscophycidae,,Rhizosoleniales,,,Rhizosoleniaceae,,,Guinardia,striata,,,,unlisted,unlisted,,new 2007,observed,,,,,,2007-01-23,Mark Webber,https://www.inaturalist.org/observations/4873173,,416666,ALG
Halamphora coffaeiformis,(C. Agardh) Kützing,,diatom,Chromista,Ochrophyta,,,Bacillariophyceae,Bacillariophycidae,,Thalassiophysales,,,Catenulaceae,,,Amphora,coffaeiformis,,,,unlisted,unlisted,,new 2005,observed,,,,,,2005-07-19,Mark Webber,https://www.inaturalist.org/observations/4874695,,521731,ALG
Halosaccion glandiforme,(S.G. Gmelin) Ruprecht,,sea sacs,Plantae,Rhodophyta,Eurhodophytina,,Florideophyceae,,,Palmariales,,,Palmariaceae,,,Halosaccion,glandiforme,,,,unlisted,unlisted,,confirmed,observed,1996-09-28,Andy Lamb & Donna Gibbs,PMLS,,,2016-08-17,Andrew Simon,http://www.inaturalist.org/observations/3910080,,123649,ALG
Herposiphonia plumula,(J.Agardh) Falkenberg,,,Plantae,Rhodophyta,Eurhodophytina,,Florideophyceae,Rhodymeniophycidae,,Ceramiales,,,Rhodomelaceae,,,Herposiphonia,plumula,,,,unlisted,unlisted,,reported,unobserved,2011,G.W. Saunders & K. Hind,BOLD,MF120830,,,,,"""Herposiphonia plumula"" COI Sequenced; for some reason GBIF doesn't have BOLD info here, but this specimen is on BOLD site (but think this isn't supposed to be accessible, doesn't come up when doing public search for this species). Assuming taxonomy uncertain, putting name in quotes.",1238397,ALG
Hildenbrandia rubra,(Sommerfelt) Meneghini,,rusty rock,Plantae,Rhodophyta,Eurhodophytina,,Florideophyceae,,,Hildenbrandiales,,,Hildenbrandiaceae,,,Hildenbrandia,rubra,,,,unlisted,unlisted,,new 2019,observed,,,,,,2019-05-04,Bridgette Clarkston,https://www.inaturalist.org/observations/25859343,,183033,ALG
Hincksia sp.,,,brown tuft,Chromista,Ochrophyta,,,Phaeophyceae,Fucophycidae,,Ectocarpales,,,Acinetosporaceae,,,Hincksia,,,,,unlisted,unlisted,,reported,unobserved,2006-06-30,Andy Lamb & Donna Gibbs,PMLS,,,,,,,372715,ALG
Hobaniella longicruris,(Greville) P.A.Sims & D.M.Williams,,diatom,Chromista,Ochrophyta,,,Bacillariophyceae,,,incertae sedis,,,incertae sedis,,,Hobaniella,longicruris,,,,unlisted,unlisted,,new 2005,observed,,,,,,2005-07-14,Mark Webber,https://www.inaturalist.org/observations/50022381,,1269705,ALG
Hymenena sp.,,,black-lined red seaweed,Plantae,Rhodophyta,Eurhodophytina,,Florideophyceae,Rhodymeniophycidae,,Ceramiales,,,Delesseriaceae,,,Hymenena,,,,,unlisted,unlisted,,reported,unobserved,2005-12-10,Andy Lamb & Donna Gibbs,PMLS,,,,,,,339066,ALG
Isthmia nervosa,Kützing,,diatom,Chromista,Ochrophyta,,,Bacillariophyceae,Coscinodiscophycidae,,Biddulphiales,,,Biddulphiaceae,,,Isthmia,nervosa,,,,unlisted,unlisted,,new 2008,observed,,,,,,2008-07-20,Mark Webber,https://www.inaturalist.org/observations/5197632,,348140,ALG
Laminaria setchellii,P.C.Silva,,split kelp,Chromista,Ochrophyta,,,Phaeophyceae,Fucophycidae,,Laminariales,,,Laminariaceae,,,Laminaria,setchellii,,,,unlisted,unlisted,,reported,unobserved,2008-04-27,Andy Lamb & Donna Gibbs,PMLS,,,,,,"No UBC accession or iNat record to check, but species distribution includes Galiano; authority added",81896,ALG
Leathesia marina,(Lyngbye) Decaisne,,sea cauliflower,Chromista,Ochrophyta,,,Phaeophyceae,Fucophycidae,,Ectocarpales,,,Chordariaceae,,,Leathesia,marina,,,,unlisted,unlisted,,new 2015,observed,,,,,,2015-08-28,Lauren Magner,http://www.inaturalist.org/observations/3636580,,502380,ALG
Leptocylindrus danicus,Cleve,,diatom,Chromista,Ochrophyta,,,Bacillariophyceae,Coscinodiscophycidae,,Chaetocerotales,,,Leptocylindraceae,,,Leptocylindrus,danicus,,,,unlisted,unlisted,,new 2012,observed,,,,,,2012-08-05,Mark Webber,https://www.inaturalist.org/observations/50001446,,521678,ALG
Leptocylindrus minimus,Gran,,diatom,Chromista,Ochrophyta,,,Bacillariophyceae,Coscinodiscophycidae,,Chaetocerotales,,,Leptocylindraceae,,,Leptocylindrus,minimus,,,,unlisted,unlisted,,new 2012,observed,,,,,,2012-07-30,Mark Webber,https://www.inaturalist.org/observations/4849113,,469827,ALG
Lessoniopsis littoralis,(Farlow & Setchell ex Tilden) Reinke,,strap kelp,Chromista,Ochrophyta,,,Phaeophyceae,Fucophycidae,,Laminariales,,,Lessoniaceae,,,Lessoniopsis,littoralis,,,,unlisted,unlisted,,reported,unobserved,1996-02-24,Andy Lamb & Donna Gibbs,PMLS,,,,,,species distribution includes San Juan Islands so is plausible; authority added,464963,ALG
Licmophora flabellata,(Greville) C.Agardh,,diatom,Chromista,Ochrophyta,,,Bacillariophyceae,Fragilariophycidae,,Licmophorales,,,Licmophoraceae,,,Licmophora,flabellata,,,,unlisted,unlisted,,new 2011,observed,,,,,,2011-11-19,Mark Webber,https://www.inaturalist.org/observations/50058346,,474014,ALG
Lithothamnion sp.,,,,Plantae,Rhodophyta,Eurhodophytina,,Florideophyceae,Corallinophycidae,,Corallinales,,,Corallinaceae,,,Lithothamnion,,,,,unlisted,unlisted,,new 2015,observed,,,,,,2015-01-01,Peter Luckham,https://www.inaturalist.org/observations/2797300,,117829,ALG
Lomentaria hakodatensis,Yendo,,,Plantae,Rhodophyta,Eurhodophytina,,Florideophyceae,Rhodymeniophycidae,,Rhodymeniales,,,Lomentariaceae,,,Lomentaria,hakodatensis,,,,unlisted,unlisted,,new 2019,observed,,,,,,2019-05-24,Bridgette Clarkston,https://www.inaturalist.org/observations/25861437,,345348,ALG
Loranthophycus californicus,E.Y.Dawson,,,Plantae,Rhodophyta,Eurhodophytina,,Florideophyceae,Rhodymeniophycidae,,Ceramiales,,,Delesseriaceae,,,Loranthophycus,californicus,,,,unlisted,unlisted,,reported,unobserved,2011-05-04,"G.W. Saunders, K. Hind & B. Clarkston",BOLD,GWS027463,,,,,"""Loranthophycus californicus” COI Sequenced; name updated from Holmesia californica (E.Y.Dawson) E.Y.Dawson (from algaebase, but doesn't appear to be a new update yet G&L key still lists Holmesia with no comment); for some reason GBIF doesn't have BOLD info here, but this specimen is on BOLD site (but think this isn't supposed to be accessible, doesn't come up when doing public search for this species). Assuing taxonomy uncertain, putting name in quotes.",,ALG
Mastocarpus papillatus,(C.Agardh) Kützing,,Turkish washcloth,Plantae,Rhodophyta,Eurhodophytina,,Florideophyceae,Rhodymeniophycidae,,Gigartinales,,,Phyllophoraceae,,,Mastocarpus,papillatus,,,,unlisted,unlisted,,new 2015,observed,,,,,,2015-08-05,Andrew Simon,http://www.inaturalist.org/observations/2599389,Need an expert or D to confirm,117807,ALG
Mazzaella oregona,"(Doty) Hughey, P.C.Silva & Hommersand",,,Plantae,Rhodophyta,Eurhodophytina,,Florideophyceae,Rhodymeniophycidae,,Gigartinales,,,Gigartinaceae,,,Mazzaella,oregona,,,,unlisted,unlisted,,new 2019,observed,,,,,,2019-05-04,Bridgette Clarkston,https://www.inaturalist.org/observations/25861031,,362211,ALG
Mazzaella parksii,"(Setchell & N.L.Gardner) Hughey, P.C.Silva & Hommersand",,,Plantae,Rhodophyta,Eurhodophytina,,Florideophyceae,Rhodymeniophycidae,,Gigartinales,,,Gigartinaceae,,,Mazzaella,parksii,,,,unlisted,unlisted,,new 2017,observed,,,,,,2017-04-14,Andrew Simon,https://www.inaturalist.org/observations/5715306,,429950,ALG
Mazzaella splendens,(Setchell & N.L. Gardner) Fredericq,,iridescent seaweed,Plantae,Rhodophyta,Eurhodophytina,,Florideophyceae,Rhodymeniophycidae,,Gigartinales,,,Gigartinaceae,,,Mazzaella,splendens,,,,unlisted,unlisted,,confirmed,observed,1993-05-09,Andy Lamb & Donna Gibbs,PMLS,,,2016-07-11,Adam Huggins & Tyrel Froese,http://www.inaturalist.org/observations/3684445,,71118,ALG
Melanosiphon intestinalis,(De A.Saunders) M.J.Wynne,,twisted sea tubes,Chromista,Ochrophyta,,,Phaeophyceae,Fucophycidae,,Ectocarpales,,,Chordariaceae,,,Melanosiphon,intestinalis,,,,unlisted,unlisted,,new 2019,observed,,,,,,2019-05-04,Bridgette Clarkston,https://www.inaturalist.org/observations/25859913,,345332,ALG
Melosira moniliformis,C.Agardh,,diatom,Chromista,Ochrophyta,,,Bacillariophyceae,Coscinodiscophycidae,,Melosirales,,,Melosiraceae,,,Melosira,moniliformis,,,,unlisted,unlisted,,new 2012,observed,,,,,,2012-07-13,Mark Webber,https://www.inaturalist.org/observations/4873148,,359966,ALG
Melosira nummuloides,C. Agardh.,,diatom,Chromista,Ochrophyta,,,Bacillariophyceae,Coscinodiscophycidae,,Melosirales,,,Melosiraceae,,,Melosira,nummuloides,,,,unlisted,unlisted,,new 2010,observed,,,,,,2010-12-26,Mark Webber,https://www.inaturalist.org/observations/50020707,,460262,ALG
Membraneis challengeri,(Grunow) Paddock,,diatom,Chromista,Ochrophyta,,,Bacillariophyceae,Bacillariophycidae,,Naviculales,Naviculineae,,Naviculaceae,,,Membraneis,challengeri,,,,unlisted,unlisted,,new 2005,observed,,,,,,2005-07-14,Mark Webber,https://www.inaturalist.org/observations/50275774,,521233,ALG
Membranoptera platyphylla,(Setchell & N.L.Gardner) Kylin,,feather-veined red seaweed,Plantae,Rhodophyta,Eurhodophytina,,Florideophyceae,Rhodymeniophycidae,,Ceramiales,,,Delesseriaceae,Delesserioideae,,Membranoptera,platyphylla,,,,unlisted,unlisted,,confirmed,observed,1977-11-27,Michael W. Hawkes,UBC,A57497,,2022-02-24,Andrew Simon & Matt Whalen,https://www.inaturalist.org/observations/107423008,reported as Membranoptera multiramosa,873897,ALG
Micrasterias rotata,Ralfs,,desmid,Plantae,Charophyta,,,Conjugatophyceae,,,Zygnematales,,,Desmidiaceae,,,Micrasterias,rotata,,,,unlisted,unlisted,,new 2016,observed,,,,,,2016-12-18,Mark Webber,https://www.inaturalist.org/observations/4847621,,468235,ALG
Microcladia borealis,Ruprecht,,coarse sea lace,Plantae,Rhodophyta,Eurhodophytina,,Florideophyceae,Rhodymeniophycidae,,Ceramiales,,,Ceramiaceae,,,Microcladia,borealis,,,,unlisted,unlisted,,confirmed,observed,2006-11-11,Andy Lamb & Donna Gibbs,PMLS,,,2019-05-04,Bridgette Clarkston,https://www.inaturalist.org/observations/25860480,,339006,ALG
Microcladia coulteri,Harvey,,delicate sea lace,Plantae,Rhodophyta,Eurhodophytina,,Florideophyceae,Rhodymeniophycidae,,Ceramiales,,,Ceramiaceae,,,Microcladia,coulteri,,,,unlisted,unlisted,,confirmed,observed,2006-11-18,Andy Lamb & Donna Gibbs,PMLS,,,2016-07-11,Adam Huggins & Tyrel Froese,http://www.inaturalist.org/observations/3684449,,71116,ALG
Minidiscus sp.,,,diatom,Chromista,Ochrophyta,,,Bacillariophyceae,Thalassiosirophycidae,,Thalassiosirales,,,Thalassiosiraceae,,,Minidiscus,,,,,unlisted,unlisted,,new 2005,observed,,,,,,2005-07-24,Mark Webber,https://www.inaturalist.org/observations/4873137,,521677,ALG
Monostroma grevillei,(Thuret) Wittrock,,sea cellophane,Plantae,Chlorophyta,,,Ulvophyceae,,,Ulotrichales,,,Monostromataceae,,,Monostroma,grevillei,,,,unlisted,unlisted,,new 2019,observed,,,,,,2019-05-04,Bridgette Clarkston,https://www.inaturalist.org/observations/25859558,,465247,ALG
Navicula septentrionalis,Cleve,,diatom,Chromista,Ochrophyta,,,Bacillariophyceae,Bacillariophycidae,,Naviculales,Naviculineae,,Naviculaceae,,,Navicula,septentrionalis,,,,unlisted,unlisted,,new 2008,observed,,,,,,2008-07-23,Mark Webber,https://www.inaturalist.org/observations/4874617,,1269159,ALG
Neoagarum fimbriatum,(Harvey) H.Kawai & T.Hanyuda,,fringed sea colander kelp,Chromista,Ochrophyta,,,Phaeophyceae,Fucophycidae,,Laminariales,,,Agaraceae,,,Neoagarum,fimbriatum,,,,unlisted,unlisted,,confirmed,observed,1994-10-07,Andy Lamb & Donna Gibbs,PMLS,,,2019-05-04,Isabelle M. Côté,https://www.inaturalist.org/observations/129151046,,895193,ALG
Neocalyptrella robusta,(G. Norman ex Ralfs) Hernández-Becerril & Meave del Castillo,,diatom,Chromista,Ochrophyta,,,Bacillariophyceae,Coscinodiscophycidae,,Rhizosoleniales,,,Rhizosoleniaceae,,,Neocalyptrella,robusta,,,,unlisted,unlisted,,new 2010,observed,,,,,,2010-12-26,Mark Webber,https://www.inaturalist.org/observations/4873124,,493946,ALG
Neogastroclonium subarticulatum,"(Turner) L.Le Gall, Dalen & G.W.Saunders",,,Plantae,Rhodophyta,Eurhodophytina,,Florideophyceae,Rhodymeniophycidae,,Rhodymeniales,,,Champiaceae,,,Neogastroclonium,subarticulatum,,,,unlisted,unlisted,,new 2019,observed,,,,,,2019-05-04,Bridgette Clarkston,https://www.inaturalist.org/observations/25861014,,339052,ALG
Neorhodomela larix,(Turner) Masuda,,black pine seaweed,Plantae,Rhodophyta,Eurhodophytina,,Florideophyceae,Rhodymeniophycidae,,Ceramiales,,,Rhodomelaceae,,,Neorhodomela,larix,,,,unlisted,unlisted,,confirmed,observed,2008-02-17,Andy Lamb & Donna Gibbs,PMLS,,,2017-01-27,Tyrel Froese,https://www.inaturalist.org/observations/5020868,,67413,ALG
Nereocystis luetkeana,(K.Mertens) Postels & Ruprecht,,bull kelp,Chromista,Ochrophyta,,,Phaeophyceae,Fucophycidae,,Laminariales,,,Lessoniaceae,,,Nereocystis,luetkeana,,,,unlisted,unlisted,,confirmed,observed,1985-07-29,Andy Lamb & Donna Gibbs,PMLS,,,2015-08-28,Lauren Magner,http://www.inaturalist.org/observations/3735010,,120499,ALG
Nitella sp.,,,green alga,Plantae,Charophyta,,,Charophyceae,,,Charales,,,Characeae,,,Nitella,,,,,unlisted,unlisted,,reported,unobserved,2000-06-12,Hans Roemer,ER 128 Inventory,,,,,,,180574,ALG
Nitzschia reversa,W.Smith,,diatom,Chromista,Ochrophyta,,,Bacillariophyceae,Bacillariophycidae,,Bacillariales,,,Bacillariaceae,,,Nitzschia,reversa,,,,unlisted,unlisted,,new 2006,observed,,,,,,2006-01-11,lamawebber,https://www.inaturalist.org/observations/50303688,,479914,ALG
Octactis speculum,"(Ehrenberg) F.H.Chang, J.M.Grieve & J.E.Sutherland",,golden alga,Chromista,Ochrophyta,,,Dictyochophyceae,,,Dictyochales,,,Dictyochaceae,,,Octactis,speculum,,,,unlisted,unlisted,,new 2005,observed,,,,,,2005-07-19,Mark Webber,https://www.inaturalist.org/observations/48042848,,1073308,ALG
Odontella aurita,(Lyngbye) C.Agardh,,diatom,Chromista,Ochrophyta,,,Bacillariophyceae,Coscinodiscophycidae,,Triceratiales,,,Triceratiaceae,,,Odontella,aurita,,,,unlisted,unlisted,,new 2005,observed,,,,,,2005-07-14,Mark Webber,https://www.inaturalist.org/observations/50022943,,359948,ALG
Odontella longicruris,(Greville) M.A. Hoban,,diatom,Chromista,Ochrophyta,,,Bacillariophyceae,Coscinodiscophycidae,,Triceratiales,,,Triceratiaceae,,,Odontella,longicruris,,,,unlisted,unlisted,,new 2005,observed,,,,,,2005-07-14,Mark Webber,https://www.inaturalist.org/observations/50022381,,472093,ALG
Odonthalia floccosa,(Esper) Falkenberg,,sea brush,Plantae,Rhodophyta,Eurhodophytina,,Florideophyceae,Rhodymeniophycidae,,Ceramiales,,,Rhodomelaceae,,,Odonthalia,floccosa,,,,unlisted,unlisted,,new 2019,observed,,,,,,2019-05-04,Bridgette Clarkston,https://www.inaturalist.org/observations/25859912,,322180,ALG
Opuntiella californica,(Farlow) Kylin,,prickly pear seaweed,Plantae,Rhodophyta,Eurhodophytina,,Florideophyceae,Rhodymeniophycidae,,Gigartinales,,,Areschougiaceae,,,Opuntiella,californica,,,,unlisted,unlisted,,reported,unobserved,1994-09-10,Andy Lamb & Donna Gibbs,PMLS,,,,,,species distribution includes Galiano; authority added,349218,ALG
Osmundea spectabilis,(Postels & Ruprecht) K.W. Nam,,sea laurel,Plantae,Rhodophyta,Eurhodophytina,,Florideophyceae,Rhodymeniophycidae,,Ceramiales,,,Rhodomelaceae,,,Osmundea,spectabilis,,,,unlisted,unlisted,,confirmed,observed,2006-03-05,Andy Lamb & Donna Gibbs,PMLS,,,2016-08-07,Tyrel Froese,http://www.inaturalist.org/observations/3925818,,339015,ALG
Palmaria callophylloides,M.W.Hawkes & Scagel,,Callophyllis-like dulse,Plantae,Rhodophyta,Eurhodophytina,,Florideophyceae,,,Palmariales,,,Palmariaceae,,,Palmaria,callophylloides,,,,unlisted,unlisted,,reported,unobserved,2005-12-10,Andy Lamb & Donna Gibbs,PMLS,,,,,,,341794,ALG
Paralia sulcata,(Ehrenberg) Cleve,,diatom,Chromista,Ochrophyta,,,Bacillariophyceae,Coscinodiscophycidae,,Paraliales,,,Paraliaceae,,,Paralia,sulcata,,,,unlisted,unlisted,,new 2006,observed,,,,,,2006-01-15,Mark Webber,https://www.inaturalist.org/observations/4873115,,203738,ALG
Petalonia fascia,(O.F.Müller) Kuntze,,false kelp,Chromista,Ochrophyta,,,Phaeophyceae,,,Scytosiphonales,,,Scytosiphonaceae,,,Petalonia,fascia,,,,unlisted,unlisted,,new 2019,observed,,,,,,2019-05-05,Bridgette Clarkston,https://www.inaturalist.org/observations/25861435,,117816,ALG
Phalacroma rotundatum,(Claparéde & Lachmann) Kofoid & Michener,,dinoflagellate,Chromista,Miozoa,,,Dinophyceae,,,Dinophysiales,,,Dinophysiaceae,,,Phalacroma,rotundatum,,,,unlisted,unlisted,,new 2006,observed,,,,,,2006-01-18,Mark Webber,https://www.inaturalist.org/observations/5197633,,320131,ALG
Phycodrys isabellae,R.E.Norris & M.J.Wynne,,,Plantae,Rhodophyta,Eurhodophytina,,Florideophyceae,Rhodymeniophycidae,,Ceramiales,,,Delesseriaceae,,,Phycodrys,isabellae,,,,unlisted,unlisted,,reported,unobserved,2011,G.W. Saunders & K. Hind,BOLD,KM254391,,,,,"COI Sequenced; found D sequence in genbank, for some reason isn't on BOLD site. Is listed on Genbank as part of kelp conveyor hypothesis paper. Several more of this species barcoded, assuming is correct ID",,ALG
Pilayella sp.,,,brown tuft,Chromista,Ochrophyta,,,Phaeophyceae,Fucophycidae,,Ectocarpales,,,Acinetosporaceae,,,Pylaiella,,,,,unlisted,unlisted,,reported,unobserved,2006-06-30,Andy Lamb & Donna Gibbs,PMLS,,,,,,,202294,ALG
Plagiotropis lepidoptera,(W.Gregory) Kuntze,,diatom,Chromista,Ochrophyta,,,Bacillariophyceae,Bacillariophycidae,,Naviculales,Naviculineae,,Plagiotropidaceae,,,Plagiotropis,lepidoptera,,,,unlisted,unlisted,,new 2008,observed,,,,,,2008-11-19,Mark Webber,https://www.inaturalist.org/observations/50272686,,485228,ALG
Planktoniella sol,(G.C. Wallich) Schütt,,diatom,Chromista,Ochrophyta,,,Bacillariophyceae,Thalassiosirophycidae,,Thalassiosirales,,,Thalassiosiraceae,,,Planktoniella,sol,,,,unlisted,unlisted,,new 2006,observed,,,,,,2006-07-21,Mark Webber,https://www.inaturalist.org/observations/4873113,,521675,ALG
Pleonosporium vancouverianum,(J. Agardh) Setchell,,red alga,Plantae,Rhodophyta,Eurhodophytina,,Florideophyceae,Rhodymeniophycidae,,Ceramiales,,,Ceramiaceae,,,Pleonosporium,vancouverianum,,,,unlisted,unlisted,,reported,unobserved,1977-11-27,Michael W. Hawkes,UBC,A57491,,,,,"No update, UBC accession has no photo to check, but species distribution includes Galiano",500288,ALG
Pleurophycus gardneri,Setchell & Saunders ex Tilden,,broad-rib kelp,Chromista,Ochrophyta,,,Phaeophyceae,Fucophycidae,,Laminariales,,,Alariaceae,,,Pleurophycus,gardneri,,,,unlisted,unlisted,,reported,unobserved,2006-09-29,Andy Lamb & Donna Gibbs,PMLS,,,,,,species distribution includes Salish Sea; authority added,429872,ALG
Pleurosigma normanii,Ralfs,,diatom,Chromista,Ochrophyta,,,Bacillariophyceae,Bacillariophycidae,,Naviculales,Naviculineae,,Pleurosigmataceae,,,Pleurosigma,normanii,,,,unlisted,unlisted,,new 2007,observed,,,,,,2007-07-13,Mark Webber,https://www.inaturalist.org/observations/4873106,,4873106,ALG
Plocamium cartilagineum ssp. pacificum,,,sea braid,Plantae,Rhodophyta,Eurhodophytina,,Florideophyceae,Rhodymeniophycidae,,Plocamiales,,,Plocamiaceae,,,Plocamium,cartilagineum,,pacificum,,unlisted,unlisted,,confirmed,observed,2007-10-21,Andy Lamb & Donna Gibbs,PMLS,,,2019-05-04,Bridgette Clarkston,https://www.inaturalist.org/observations/25861013,=P. pacificum,339051,ALG
Polyneura latissima,(Harvey) Kylin,,crisscross network,Plantae,Rhodophyta,Eurhodophytina,,Florideophyceae,Rhodymeniophycidae,,Ceramiales,,,Delesseriaceae,,,Polyneura,latissima,,,,unlisted,unlisted,,confirmed,observed,1977-11-27,Michael W. Hawkes,UBC,A57496,,2022-02-25,Andrew Simon & Matt Whalen,https://www.inaturalist.org/observations/107457361,syn. Nitophyllum nottii; species distribution includes Salish Sea,339014,ALG
Polysiphonia sp.,,,,Plantae,Rhodophyta,Eurhodophytina,,Florideophyceae,Rhodymeniophycidae,,Ceramiales,,,Rhodomelaceae,,Polysiphonieae,Polysiphonia,,,,,unlisted,unlisted,,new 2021,observed,,,,,,2021-03-07,Siobhan Schenk,https://www.inaturalist.org/observations/70916544,,117836,ALG
Porphyra sp.,,,nori,Plantae,Rhodophyta,Eurhodophytina,,Bangiophyceae,,,Bangiales,,,Bangiaceae,,,Porphyra,,,,,,,,new 2017,observed,,,,,,2017-03-10,Andrew Simon,https://www.inaturalist.org/observations/5279665,,123633,ALG
Prasiola furfuracea,(Hornemann) Trevisan,,green alga,Plantae,Chlorophyta,,,Trebouxiophyceae,,,Prasiolales,,,Prasiolaceae,,,Prasiola,furfuracea,,,,unlisted,unlisted,,reported,unobserved,1981-11-15,D. Garbary,UBC,A64646,,,,,"an Atlantic species only, not in BC key",182814,ALG
Prasiola meridionalis,Setchell & N.L. Gardner,,short sea lettuce,Plantae,Chlorophyta,,,Trebouxiophyceae,,,Prasiolales,,,Prasiolaceae,,,Prasiola,meridionalis,,,,unlisted,unlisted,,reported,unobserved,1981-11-15,D. Garbary,UBC,A64665,,,,,,429864,ALG
Prionitis lanceolata,(Harvey) Harvey,,red alga,Plantae,Rhodophyta,Eurhodophytina,,Florideophyceae,Rhodymeniophycidae,,Halymeniales,,,Halymeniaceae,,,Prionitis,lanceolata,,,,unlisted,unlisted,,new 2016,observed,,,,,,2016-09-01,Andrew Simon,http://www.inaturalist.org/observations/4017216,reported as Grateloupia americana,117820,ALG
Prionitis sternbergii,(C.Agardh) J.Agardh,,,Plantae,Rhodophyta,Eurhodophytina,,Florideophyceae,Rhodymeniophycidae,,Halymeniales,,,Halymeniaceae,,,Prionitis,sternbergii,,,,unlisted,unlisted,,new 2019,observed,,,,,,2019-05-04,Bridgette Clarkston,https://www.inaturalist.org/observations/25861017,,347988,ALG
Protocystis sp.,,,filose amoeba,Chromista,Bigyra,,,Labyrinthulea,,,Phaeodaria,,,Challengeridae,,,Protocystis,,,,,unlisted,unlisted,,new 2016,observed,,,,,,2016-01-18,Mark Webber,https://www.inaturalist.org/observations/4849188,,521012,ALG
Pseudo-nitzschia cf fraudulenta,(Cleve) Hasle,,diatom,Chromista,Ochrophyta,,,Bacillariophyceae,Bacillariophycidae,,Bacillariales,,,Bacillariaceae,,,Pseudo-nitzschia,fraudulenta,,,,unlisted,unlisted,,new 2006,observed,,,,,,2006-01-20,Mark Webber,https://www.inaturalist.org/observations/4873093,,,ALG
Pseudolithophyllum sp.,,,encrusting coralline algae,Plantae,Rhodophyta,Eurhodophytina,,Florideophyceae,Corallinophycidae,,Corallinales,,,Corallinaceae,,,Pseudolithophyllum,,,,,unlisted,unlisted,,new 2021,observed,,,,,,2021-02-19,Dave “Zeuss” Cochrane,https://www.inaturalist.org/observations/69845928,,345846,ALG
Pterochondria woodii,(Harvey) Hollenberg,,cartilage-wing seaweed,Plantae,Rhodophyta,Eurhodophytina,,Florideophyceae,Rhodymeniophycidae,,Ceramiales,,,Rhodomelaceae,,,Pterochondria,woodii,,,,unlisted,unlisted,,reported,unobserved,2005-12-10,Andy Lamb & Donna Gibbs,PMLS,,,,,,"No update, No UBC accession or iNat record to check, but species distribution includes Salish Sea; authority added",339016,ALG
Pterothamnion pectinatum,(Kylin) Athanasiadis & Kraft,,,Plantae,Rhodophyta,Eurhodophytina,,Florideophyceae,Rhodymeniophycidae,,Ceramiales,,,Ceramiaceae,,,Pterothamnion,pectinatum,,,,unlisted,unlisted,,new 2019,observed,,,,,,2019-05-25,Bridgette Clarkston,https://www.inaturalist.org/observations/25861436,,345150,ALG
Pterothamnion sp.,,,red alga,Plantae,Rhodophyta,Eurhodophytina,,Florideophyceae,Rhodymeniophycidae,,Ceramiales,,,Ceramiaceae,,,Pterothamnion,,,,,unlisted,unlisted,,reported,unobserved,1986-02-09,B. E. Lippert,HPSU,?,,,,,,345788,ALG
Pterothamnion villosum,(Kylin) Athanasiadis & Kraft,,,Plantae,Rhodophyta,Eurhodophytina,,Florideophyceae,Rhodymeniophycidae,,Ceramiales,,,Ceramiaceae,,,Pterothamnion,villosum,,,,unlisted,unlisted,,reported,unobserved,2011-05-04,"G.W. Saunders, K. Hind & B. Clarkston",BOLD,GWS027455,,,,,Barcoded,,ALG
Pterygophora californica,Ruprecht,,old growth kelp,Chromista,Ochrophyta,,,Phaeophyceae,Fucophycidae,,Laminariales,,,Alariaceae,,,Pterygophora,californica,,,,unlisted,unlisted,,reported,unobserved,1994-02-26,Andy Lamb & Donna Gibbs,PMLS,,,,,,species distribution includes Salish Sea; authority added,124146,ALG
Ptilota serrata,Kützing,,northern sea fern,Plantae,Rhodophyta,Eurhodophytina,,Florideophyceae,Rhodymeniophycidae,,Ceramiales,,,Wrangeliaceae,,,Ptilota,serrata,,,,unlisted,unlisted,,new 2019,observed,,,,,,2019-05-25,Bridgette Clarkston,https://www.inaturalist.org/observations/25861438,,473839,ALG
Pugetia fragilissima,Kylin,,,Plantae,Rhodophyta,Eurhodophytina,,Florideophyceae,Rhodymeniophycidae,,Gigartinales,,,Kallymeniaceae,,,Pugetia,fragilissima,,,,unlisted,unlisted,,reported,unobserved,2011-05-04,"G.W. Saunders, K. Hind & B. Clarkston",BOLD,GWS027444,,,,,Barcoded,1292330,ALG
Pyropia gardneri,(G.M.Smith & Hollenberg) S.C.Lindstrom,,,Plantae,Rhodophyta,Eurhodophytina,,Bangiophyceae,,,Bangiales,,,Bangiaceae,,,Pyropia,gardneri,,,,unlisted,unlisted,,reported,unobserved,2006,Andy Lamb & Donna Gibbs,PMLS,,,,,,"name updated, No UBC accession or iNat record to check, but species distribution includes one record on Strawberry Island, WA, USA. Possibly incorrect identification, but if found growing on Laminaria blade, that's pretty distinctive; authority added",,ALG
Pyropia nereocystis,(C.L.Anderson) S.C.Lindstrom,,red laver,Plantae,Rhodophyta,Eurhodophytina,,Bangiophyceae,,,Bangiales,,,Bangiaceae,,,Pyropia,nereocystis,,,,unlisted,unlisted,,reported,unobserved,1986-02-09,M.W. Hawkes,UBC,A57505,,,,,reported as Porphyra nereocystis; species distribution includes Galiano,542165,ALG
Pyropia perforata,(J.Agardh) S.C.Lindstrom,,red laver,Plantae,Rhodophyta,Eurhodophytina,,Bangiophyceae,,,Bangiales,,,Bangiaceae,,,Pyropia,perforata,,,,unlisted,unlisted,,new 2019,observed,,,,,,2019-05-04,Bridgette Clarkston,https://www.inaturalist.org/observations/25859054,,370273,ALG
Rhabdonema arcuatum,(Lyngbye) Kützing,,diatom,Chromista,Ochrophyta,,,Bacillariophyceae,Fragilariophycidae,,Rhabdonematales,,,Rhabdonemataceae,,,Rhabdonema,arcuatum,,,,unlisted,unlisted,,new 2006,observed,,,,,,2006-11-26,Mark Webber,https://www.inaturalist.org/observations/4856581,,553701,ALG
Rhizosolenia setigera f. pungens,(A.Cleve) Brunel,,diatom,Chromista,Ochrophyta,,,Bacillariophyceae,Coscinodiscophycidae,,Rhizosoleniales,,,Rhizosoleniaceae,,,Rhizosolenia,setigera,,,,unlisted,unlisted,,new 2009,observed,,,,,,2009-08-12,Mark Webber,https://www.inaturalist.org/observations/4873038,,1271514,ALG
Rhodoptilum plumosum,(Harvey & Bailey) Kylin,,plumose red braid,Plantae,Rhodophyta,Eurhodophytina,,Florideophyceae,Rhodymeniophycidae,,Ceramiales,,,Dasyaceae,,,Rhodoptilum,plumosum,,,,unlisted,unlisted,,confirmed,observed,1977-11-27,Michael W. Hawkes,UBC,A57500,,2017-04-08,Tyrel Froese,https://www.inaturalist.org/observations/5620532,,446890,ALG
Rhodymenia californica,Kylin,,California rose seaweed,Plantae,Rhodophyta,Eurhodophytina,,Florideophyceae,Rhodymeniophycidae,,Rhodymeniales,,,Rhodymeniaceae,,,Rhodymenia,californica,,,,unlisted,unlisted,,reported,unobserved,2007-08-20,Andy Lamb & Donna Gibbs,PMLS,,,,,,"No update, No UBC accession or iNat record to check, but species distribution includes Salish Sea; authority added",133214,ALG
Rhodymenia pacifica,Kylin,,Pacific rose seaweed,Plantae,Rhodophyta,Eurhodophytina,,Florideophyceae,Rhodymeniophycidae,,Rhodymeniales,,,Rhodymeniaceae,,,Rhodymenia,pacifica,,,,unlisted,unlisted,,reported,unobserved,2007-10-21,Andy Lamb & Donna Gibbs,PMLS,,,,,,"No update, No UBC accession or iNat record to check, but species distribution includes Salish Sea; authority added",359801,ALG
Rosenvingiella polyrhiza,(Rosenvinge) P.C. Silva,,green alga,Plantae,Chlorophyta,,,Trebouxiophyceae,,,Prasiolales,,,Prasiolaceae,,,Rosenvingiella,polyrhiza,,,,unlisted,unlisted,,reported,unobserved,1981-11-15,D. Garbary,UBC,A64664,,,,,"No update, No UBC accession photo or iNat record to check, but species distribution includes Salish Sea; authority added",410405,ALG
Saccharina latissima,"(L.) C.E. Lane, C. Mayes, Druehl & G.W. Saunders",,sugar wrack kelp,Chromista,Ochrophyta,,,Phaeophyceae,Fucophycidae,,Laminariales,,,Laminariaceae,,,Saccharina,latissima,,,,unlisted,unlisted,,confirmed,observed,1986-05-25,O. Kaddatz,UBC,A80341,,2016-07-11,Adam Huggins,http://www.inaturalist.org/observations/3684442,,130231,ALG
Sarcodiotheca furcata,(Setchell & N.L.Gardner) Kylin,,furcated fleshy red seaweed,Plantae,Rhodophyta,Eurhodophytina,,Florideophyceae,Rhodymeniophycidae,,Gigartinales,,,Solieriaceae,,,Sarcodiotheca,furcata,,,,unlisted,unlisted,,confirmed,observed,2007-10-21,Andy Lamb & Donna Gibbs,PMLS,,,2019-05-04,Bridgette Clarkston,https://www.inaturalist.org/observations/25861008,"No update, No UBC accession or iNat record to check, but species distribution includes Salish Sea; authority added",327100,ALG
Sarcodiotheca gaudichaudii,(Montagne) P.W. Gabrielson,,succulent seaweed,Plantae,Rhodophyta,Eurhodophytina,,Florideophyceae,Rhodymeniophycidae,,Gigartinales,,,Solieriaceae,,,Sarcodiotheca,gaudichaudii,,,,unlisted,unlisted,,confirmed,observed,1996-02-24,Andy Lamb & Donna Gibbs,PMLS,,,2017-05-29,Karolle Wall,https://www.inaturalist.org/observations/7659463,,327099,ALG
Sargassum muticum,(Yendo) Fensholt,,wireweed,Chromista,Ochrophyta,,,Phaeophyceae,,,Fucales,,,Sargassaceae,,,Sargassum,muticum,,,,unlisted,unlisted,,confirmed,observed,1977-11-27,Michael W. Hawkes,UBC,A57506,,2015-08-28,Lauren Magner & Andrew Simon,http://www.inaturalist.org/observations/3735153,,130177,ALG
Scagelia occidentalis,(Kylin) E.M. Wollaston,,red alga,Plantae,Rhodophyta,Eurhodophytina,,Florideophyceae,Rhodymeniophycidae,,Ceramiales,,,Ceramiaceae,,,Scagelia,occidentalis,,,,unlisted,unlisted,,reported,unobserved,1977-11-27,Michael W. Hawkes,UBC,A57487,,,,,reported as Scagelia corallina var. occidentale,957344,ALG
Schizymenia pacifica,(Kylin) Kylin,,slimy leaf,Plantae,Rhodophyta,Eurhodophytina,,Florideophyceae,Rhodymeniophycidae,,Gigartinales,,,Schizymeniaceae,,,Schizymenia,pacifica,,,,unlisted,unlisted,,reported,unobserved,2006-06-30,Andy Lamb & Donna Gibbs,PMLS,,,,,,in BioBlitz; Barcoded http://bins.boldsystems.org/index.php/Public_RecordView?processid=ABMMC15146-11,339050,ALG
Schizymenia sp.,(J.Agardh) Kylin,,ruffled red seaweed,Plantae,Rhodophyta,Eurhodophytina,,Florideophyceae,Rhodymeniophycidae,,Gigartinales,,,Schizymeniaceae,,,Schizymenia,,,,,unlisted,unlisted,,confirmed,observed,1999-10-02,Andy Lamb & Donna Gibbs,PMLS,,,2019-05-04,Joan Septembre,https://www.inaturalist.org/observations/24711788,,180618,ALG
Scytosiphon lomentaria,(Lyngbye) Link,,beanweed,Chromista,Ochrophyta,,,Phaeophyceae,Fucophycidae,,Ectocarpales,,,Scytosiphonaceae,,,Scytosiphon,lomentaria,,,,unlisted,unlisted,,new 2017,observed,,,,,,2017-04-08,Tyrel Froese,https://www.inaturalist.org/observations/5620546,,182932,ALG
Skeletonema japonicum,Zingone & Sarno,,diatom,Chromista,Ochrophyta,,,Bacillariophyceae,Thalassiosirophycidae,,Thalassiosirales,,,Skeletonemataceae,,,Skeletonema,japonicum,,,,unlisted,unlisted,,new 2005,observed,,,,,,2005-07-19,Mark Webber,https://www.inaturalist.org/observations/50050643,,521234,ALG
Smithora naiadum,(C.L.Anderson) Hollenberg,,seagrass laver,Plantae,Rhodophyta,,,Compsopogonophyceae,,,Erythropeltidales,,,Erythrotrichiaceae,,,Smithora,naiadum,,,,unlisted,unlisted,,confirmed,observed,2007-12-15,Andy Lamb & Donna Gibbs,PMLS,,,2021-11-07,Dave “Zeuss” Cochrane,https://www.inaturalist.org/observations/100612316,"No update, No UBC accession or iNat record to check, but species distribution includes Salish Sea; authority added",339024,ALG
Sparlingia pertusa,(Postels & Ruprecht) Kuntze,,red eyelet silk,Plantae,Rhodophyta,Eurhodophytina,,Florideophyceae,Rhodymeniophycidae,,Rhodymeniales,,,Rhodymeniaceae,,,Sparlingia,pertusa,,,,unlisted,unlisted,,confirmed,observed,1993-05-09,Andy Lamb & Donna Gibbs,PMLS,,,2017-04-08,Tyrel Froese,https://www.inaturalist.org/observations/5620553,,429855,ALG
Stenogramma californicum,Harvey,,midrib seaweed,Plantae,Rhodophyta,Eurhodophytina,,Florideophyceae,Rhodymeniophycidae,,Gigartinales,,,Phyllophoraceae,,,Stenogramma,californicum,,,,unlisted,unlisted,,reported,unobserved,2007-10-21,Andy Lamb & Donna Gibbs,PMLS,,,,,,reported as Stenogramma interruptum,497325,ALG
Stephanocystis geminata,"(C.Agardh) Draisma, Ballesteros, F.Rousseau & T.Thibaut",,northern bladder chain,Chromista,Ochrophyta,,,Phaeophyceae,,,Fucales,,,Sargassaceae,,,Stephanocystis,geminata,,,,unlisted,unlisted,,reported,unobserved,2006-09-28,Andy Lamb & Donna Gibbs,PMLS,,,,,,reported as Cystoseira geminata,866748,ALG
Stephanopyxis nipponica,Gran & Yendo,,diatom,Chromista,Ochrophyta,,,Bacillariophyceae,Coscinodiscophycidae,,Melosirales,,,Stephanopyxidaceae,,,Stephanopyxis,nipponica,,,,unlisted,unlisted,,new 2020,observed,,,,,,2020-03-28,Mark Webber,https://www.inaturalist.org/observations/45809431,,488075,ALG
Stephanopyxis turris,(Greville) Ralfs,,diatom,Chromista,Ochrophyta,,,Bacillariophyceae,Coscinodiscophycidae,,Melosirales,,,Stephanopyxidaceae,,,Stephanopyxis,turris,,,,unlisted,unlisted,,new 2005,observed,,,,,,2005-07-14,Mark Webber,https://www.inaturalist.org/observations/4848947,,484129,ALG
Striatella unipunctata,(Lyngbye) C. Agardh,,diatom,Chromista,Ochrophyta,,,Bacillariophyceae,Fragilariophycidae,,Striatellales,,,Striatellaceae,,,Striatella,unipunctata,,,,unlisted,unlisted,,new 2006,observed,,,,,,2006-11-26,Mark Webber,https://www.inaturalist.org/observations/4856581,,372659,ALG
Symphyocladiella gracilis,"(Kylin) D.Bustamante, B.Y.Won, S.C.Lindstrom & T.O.Cho",,,Plantae,Rhodophyta,Eurhodophytina,,Florideophyceae,Rhodymeniophycidae,,Ceramiales,,,Rhodomelaceae,,,Symphyocladiella,gracilis,,,,unlisted,unlisted,,reported,unobserved,2011,G.W. Saunders & K. Hind,BOLD,KU564386,,,,,"""Symphyocladiella gracilis"" Barcoded; name updated from Pterosiphonia gracilis; for some reason GBIF doesn't have BOLD info here, but this specimen is on BOLD site (but think this isn't supposed to be accessible, doesn't come up when doing public search for this species). Assuming taxonomy uncertain, putting name in quotes.",,ALG
Thalassionema nitzschioides,(Grunow) Mereschkowsky,,diatom,Chromista,Ochrophyta,,,Bacillariophyceae,Thalassiosirophycidae,,Thalassionematales,,,Thalassionemataceae,,,Thalassionema,nitzschioides,,,,unlisted,unlisted,,new 2006,observed,,,,,,2006-01-15,Mark Webber,https://www.inaturalist.org/observations/50170636,,359995,ALG
Thalassiosira angustelineata,(A.W.F.Schmidt) G.Fryxell & Hasle,,diatom,Chromista,Ochrophyta,,,Bacillariophyceae,Thalassiosirophycidae,,Thalassiosirales,,,Thalassiosiraceae,,,Thalassiosira,angustelineata,,,,unlisted,unlisted,,new 2010,observed,,,,,,2010-10-19,Mark Webber,https://www.inaturalist.org/observations/9291115,,470489,ALG
Thalassiosira eccentrica,(Ehrenberg) Cleve,,diatom,Chromista,Ochrophyta,,,Bacillariophyceae,Thalassiosirophycidae,,Thalassiosirales,,,Thalassiosiraceae,,,Thalassiosira,eccentrica,,,,unlisted,unlisted,,new 2022,observed,,,,,,2022-06-25,Andrew Simon & Mark Webber,https://www.inaturalist.org/observations/127062744,,359996,ALG
Thalassiosira gravida,Cleve,,diatom,Chromista,Ochrophyta,,,Bacillariophyceae,Thalassiosirophycidae,,Thalassiosirales,,,Thalassiosiraceae,,,Thalassiosira,gravida,,,,unlisted,unlisted,,new 2010,observed,,,,,,2010-11-03,Mark Webber,https://www.inaturalist.org/observations/50061997,,970151,ALG
Thalassiosira nordenskioeldii,Cleve,,diatom,Chromista,Ochrophyta,,,Bacillariophyceae,Thalassiosirophycidae,,Thalassiosirales,,,Thalassiosiraceae,,,Thalassiosira,nordenskioeldii,,,,unlisted,unlisted,,new 2022,observed,,,,,,2022-04-06,Mark Webber,https://www.inaturalist.org/observations/111064233,,359968,ALG
Thalassiosira punctigera,(Castracane) Hasle,,diatom,Chromista,Ochrophyta,,,Bacillariophyceae,Thalassiosirophycidae,,Thalassionematales,,,Thalassionemataceae,,,Thalassiosira,punctigera,,,,unlisted,unlisted,,new 2010,observed,,,,,,2010-12-28,Mark Webber,https://www.inaturalist.org/observations/50064842,,488947,ALG
Thalassiosira rotula,Meunier,,diatom,Chromista,Ochrophyta,,,Bacillariophyceae,Thalassiosirophycidae,,Thalassiosirales,,,Thalassiosiraceae,,,Thalassiosira,rotula,,,,unlisted,unlisted,,new 2010,observed,,,,,,2010-11-03,Mark Webber,https://www.inaturalist.org/observations/50061997,,437514,ALG
Tintinnopsis sp.,,,ciliate,Chromista,Ciliophora,,,Oligotrichea,,,Choreotrichida,,,Codonellidae,,,Tintinnopsis,,,,,unlisted,unlisted,,new 2005,observed,,,,,,2005-07-01,Mark Webber,https://www.inaturalist.org/observations/4848931,,485979,ALG
Trentepohlia cf abietina,(Flotow ex Kützing) Hansgirg,,Trentepohlia algae,Plantae,Chlorophyta,,,Ulvophyceae,,,Trentepohliales,,,Trentepohliaceae,,,Trentepohlia,abietina,,,,unlisted,unlisted,,new 2019,observed,,,,,,2019-12-01,Andrew Simon & Mark Webber,https://www.inaturalist.org/observations/36297442,,410585,ALG
Trigonium arcticum,(Brightwell) Cleve,,diatom,Chromista,Ochrophyta,,,Bacillariophyceae,Coscinodiscophycidae,,Stellarimales,,,Trigoniaceae,,,Trigonium,arcticum,,,,unlisted,unlisted,,new 2013,observed,,,,,,2013-01-08,Mark Webber,https://www.inaturalist.org/observations/50128873,,841425,ALG
Ulva fenestrata,Postels & Ruprecht,,sea lettuce,Plantae,Chlorophyta,,,Ulvophyceae,,,Ulvales,,,Ulvaceae,,,Ulva,fenestrata,,,,unlisted,unlisted,,confirmed,observed,1977-11-27,Michael W. Hawkes,UBC,A57503,,2015-08-28,Lauren Magner & Andrew Simon,http://www.inaturalist.org/observations/3735172,reported as Ulva lactuca L.,152972,ALG
Ulva intestinalis,L.,,gutweed,Plantae,Chlorophyta,,,Ulvophyceae,,,Ulvales,,,Ulvaceae,,,Ulva,intestinalis,,,,unlisted,unlisted,,confirmed,observed,1996-09-29,Andy Lamb & Donna Gibbs,PMLS,,,2016-06-05,Andrew Simon,http://www.inaturalist.org/observations/3404281,,130197,ALG
Urospora sp.,,,,Plantae,Chlorophyta,,,Ulvophyceae,,,Codiolales,,,Acrosiphoniaceae,,,Urospora,,,,,unlisted,unlisted,,new 2020,observed,,,,,,2020-04-24,Andrew Simon,https://www.inaturalist.org/observations/43253077,,339056,ALG
Vaucheria sp.,,,water felt,Chromista,Ochrophyta,,,Xanthophyceae,,,Vaucheriales,,,Vaucheriaceae,,,Vaucheria,,,,,unlisted,unlisted,,new 2022,observed,,,,,,2022-04-01,Andrew Simon,https://www.inaturalist.org/observations/110152164,,53662,ALG
Vertebrata woodii,(Harvey) Kuntze,,,Plantae,Rhodophyta,Eurhodophytina,,Florideophyceae,Rhodymeniophycidae,,Ceramiales,,,Rhodomelaceae,,,Vertebrata,woodii,,,,unlisted,unlisted,,reported,unobserved,2011-05-04,"G.W. Saunders, K. Hind & B. Clarkston",BOLD,GWS027452,,,,,Barcoded; Need to update authorities from algaebase,,ALG
Volvox globator,L.,,green alga,Plantae,Chlorophyta,,,Chlorophyceae,,,Volvocales,,,Volvocaceae,,,Volvox,globator,,,,unlisted,unlisted,,new 2003,observed,,,,,,2003-07-25,Mark Webber,https://www.inaturalist.org/observations/4848832,,474779,ALG
Wildemania occidentalis,(Setchell & Hus)S.C.Lindstrom,,,Plantae,Rhodophyta,Eurhodophytina,,Bangiophyceae,,,Bangiales,,,Bangiaceae,,,Wildemania,occidentalis,,,,unlisted,unlisted,,new 2019,observed,,,,,,2019-05-04,Bridgette Clarkston,https://www.inaturalist.org/observations/25859910,,895197,ALG