"iNaturalist.taxon.name","iNaturalist.taxon.ID","Taxon.name","Author","Kingdom","Phylum","Subphylum","Superclass","Class","Subclass","Superorder","Order","Suborder","Infraorder","Superfamily","Family","Subfamily","Tribe","Genus","Species","observationId","Latitude","Longitude","Date.observed","Description","Common.name","Recorded.by","Captive.Cultivated","Quality.grade","coordinateUncertaintyInMeters"
"Myxomycetes",47684,"Myxomycetes",NA,"Protozoa","Mycetozoa","","","Myxomycetes","","","","","","","","","","","","iNat:2566327",48.931184,-123.480921,"2015-03-04",NA,NA,"Andrew Simon","false","needs_id",174
"Trichiales",56259,"Trichiales",NA,"Protozoa","Mycetozoa","","","Myxomycetes","Lucisporomycetidae","Trichiidia","Trichiales","","","","","","","","","iNat:2829467",48.897994,-123.342431,"2016-03-25",NA,NA,"","false","needs_id",NA
"Fuligo septica",55483,"Fuligo septica",NA,"Protozoa","Mycetozoa","","","Myxomycetes","Columellomycetidae","Stemonitidia","Physarales","","","","Physaraceae","","","Fuligo","septica","iNat:3505716",48.871137,-123.32108,"2016-06-22",NA,NA,"Andrew Simon","false","research",21
"Fuligo septica",55483,"Fuligo septica",NA,"Protozoa","Mycetozoa","","","Myxomycetes","Columellomycetidae","Stemonitidia","Physarales","","","","Physaraceae","","","Fuligo","septica","iNat:3651611",48.932833,-123.484537,"2016-07-08",NA,NA,"Adam Huggins","false","research",NA
"Stemonitis",53841,"Stemonitis",NA,"Protozoa","Mycetozoa","","","Myxomycetes","Columellomycetidae","Stemonitidia","Stemonitidales","","","","Stemonitidaceae","","","Stemonitis","","iNat:3971483",48.913265,-123.391153,"2016-08-26",NA,NA,"Andrew Simon","false","needs_id",61
"Myxomycetes",47684,"Myxomycetes",NA,"Protozoa","Mycetozoa","","","Myxomycetes","","","","","","","","","","","","iNat:4631923",48.897525,-123.340163,"2016-11-11",NA,NA,"","false","needs_id",NA
"Myxomycetes",47684,"Myxomycetes",NA,"Protozoa","Mycetozoa","","","Myxomycetes","","","","","","","","","","","","iNat:4661499",48.868839,-123.346256,"2016-11-29",NA,NA,"Lauren Magner","false","needs_id",43
"Ceratiomyxa fruticulosa",56252,"Ceratiomyxa fruticulosa",NA,"Protozoa","Mycetozoa","","","Ceratiomyxomycetes","","","Ceratiomyxales","","","","Ceratiomyxaceae","","","Ceratiomyxa","fruticulosa","iNat:6413749",48.902714,-123.361895,"2017-05-23",NA,NA,"Andrew Simon","false","research",106
"Physarum viride",383670,"Physarum viride",NA,"Protozoa","Mycetozoa","","","Myxomycetes","Columellomycetidae","Stemonitidia","Physarales","","","","Physaraceae","","","Physarum","viride","iNat:6571618",48.976809,-123.549328,"2017-05-27",NA,NA,"Galiano observer","false","research",293
"Ceratiomyxa fruticulosa",56252,"Ceratiomyxa fruticulosa",NA,"Protozoa","Mycetozoa","","","Ceratiomyxomycetes","","","Ceratiomyxales","","","","Ceratiomyxaceae","","","Ceratiomyxa","fruticulosa","iNat:7150082",48.976048,-123.548985,"2017-05-27",NA,NA,"Galiano observer","false","research",272
"Arcyria incarnata",381271,"Arcyria incarnata",NA,"Protozoa","Mycetozoa","","","Myxomycetes","Lucisporomycetidae","Trichiidia","Trichiales","","","","Arcyriaceae","","","Arcyria","incarnata","iNat:7150085",48.976048,-123.548985,"2017-05-27",NA,NA,"Galiano observer","false","research",272
"Metatrichia floriformis",126277,"Metatrichia floriformis",NA,"Protozoa","Mycetozoa","","","Myxomycetes","Lucisporomycetidae","Trichiidia","Trichiales","","","","Trichiaceae","","","Metatrichia","floriformis","iNat:7150087",48.980903,-123.554361,"2017-05-27",NA,NA,"Galiano observer","false","research",427
"Stemonitis fusca",126279,"Stemonitis fusca",NA,"Protozoa","Mycetozoa","","","Myxomycetes","Columellomycetidae","Stemonitidia","Stemonitidales","","","","Stemonitidaceae","","","Stemonitis","fusca","iNat:7150093",48.976161,-123.548813,"2017-05-27",NA,NA,"Galiano observer","false","research",291
"Arcyria obvelata",146745,"Arcyria obvelata",NA,"Protozoa","Mycetozoa","","","Myxomycetes","Lucisporomycetidae","Trichiidia","Trichiales","","","","Arcyriaceae","","","Arcyria","obvelata","iNat:7626272",48.88759,-123.378924,"2017-07-07",NA,NA,"","false","research",21
"Stemonitis fusca",126279,"Stemonitis fusca",NA,"Protozoa","Mycetozoa","","","Myxomycetes","Columellomycetidae","Stemonitidia","Stemonitidales","","","","Stemonitidaceae","","","Stemonitis","fusca","iNat:8828854",48.87056,-123.387666,"2017-08-07",NA,NA,"Tyson Ehlers","false","research",4
"Physaraceae",55485,"Physaraceae",NA,"Protozoa","Mycetozoa","","","Myxomycetes","Columellomycetidae","Stemonitidia","Physarales","","","","Physaraceae","","","","","iNat:9056076",48.874772,-123.336372,"2017-12-05",NA,NA,"Kevin Toomer","false","needs_id",NA
"Badhamia utricularis",56264,"Badhamia utricularis",NA,"Protozoa","Mycetozoa","","","Myxomycetes","Columellomycetidae","Stemonitidia","Physarales","","","","Physaraceae","","","Badhamia","utricularis","iNat:9475067",48.872398,-123.346703,"2018-01-14",NA,NA,"Kevin Toomer","false","research",NA
"Stemonitis",53841,"Stemonitis",NA,"Protozoa","Mycetozoa","","","Myxomycetes","Columellomycetidae","Stemonitidia","Stemonitidales","","","","Stemonitidaceae","","","Stemonitis","","iNat:12618316",48.871467,-123.346489,"2018-05-17",NA,NA,"Kevin Toomer","false","needs_id",NA
"Stemonitis",53841,"Stemonitis",NA,"Protozoa","Mycetozoa","","","Myxomycetes","Columellomycetidae","Stemonitidia","Stemonitidales","","","","Stemonitidaceae","","","Stemonitis","","iNat:12649282",48.871608,-123.346619,"2018-05-20",NA,NA,"Kevin Toomer","false","needs_id",NA
"Fuligo septica",55483,"Fuligo septica",NA,"Protozoa","Mycetozoa","","","Myxomycetes","Columellomycetidae","Stemonitidia","Physarales","","","","Physaraceae","","","Fuligo","septica","iNat:16149055",48.875286,-123.339675,"2018-08-23",NA,NA,"Kevin Toomer","false","research",NA
"Fuligo septica",55483,"Fuligo septica",NA,"Protozoa","Mycetozoa","","","Myxomycetes","Columellomycetidae","Stemonitidia","Physarales","","","","Physaraceae","","","Fuligo","septica","iNat:16363466",48.876675,-123.334847,"2018-09-09",NA,NA,"Kevin Toomer","false","research",NA
"Fuligo septica",55483,"Fuligo septica",NA,"Protozoa","Mycetozoa","","","Myxomycetes","Columellomycetidae","Stemonitidia","Physarales","","","","Physaraceae","","","Fuligo","septica","iNat:17217968",48.871319,-123.340697,"2018-09-24",NA,NA,"Kevin Toomer","false","research",NA
"Myxomycetes",47684,"Myxomycetes",NA,"Protozoa","Mycetozoa","","","Myxomycetes","","","","","","","","","","","","iNat:17442585",48.874042,-123.342078,"2018-10-12",NA,NA,"Kevin Toomer","false","needs_id",NA
"Ceratiomyxa fruticulosa",56252,"Ceratiomyxa fruticulosa",NA,"Protozoa","Mycetozoa","","","Ceratiomyxomycetes","","","Ceratiomyxales","","","","Ceratiomyxaceae","","","Ceratiomyxa","fruticulosa","iNat:17785403",48.872989,-123.341897,"2018-10-21",NA,NA,"Andrew Simon","false","research",174
"Fuligo septica",55483,"Fuligo septica",NA,"Protozoa","Mycetozoa","","","Myxomycetes","Columellomycetidae","Stemonitidia","Physarales","","","","Physaraceae","","","Fuligo","septica","iNat:17906057",48.933262,-123.484537,"2018-10-22",NA,NA,"Adam Huggins","false","research",10
"Physarales",55484,"Physarales",NA,"Protozoa","Mycetozoa","","","Myxomycetes","Columellomycetidae","Stemonitidia","Physarales","","","","","","","","","iNat:18364199",48.92815,-123.467797,"2018-11-04",NA,NA,"Adam Huggins","false","needs_id",16153
"Trichiales",56259,"Trichiales",NA,"Protozoa","Mycetozoa","","","Myxomycetes","Lucisporomycetidae","Trichiidia","Trichiales","","","","","","","","","iNat:18479745",48.879697,-123.340531,"2018-11-18",NA,NA,"Kevin Toomer","false","needs_id",NA
"Ceratiomyxa fruticulosa",56252,"Ceratiomyxa fruticulosa",NA,"Protozoa","Mycetozoa","","","Ceratiomyxomycetes","","","Ceratiomyxales","","","","Ceratiomyxaceae","","","Ceratiomyxa","fruticulosa","iNat:24567794",48.880638,-123.329735,"2019-05-04",NA,NA,"Emma Harrower","false","research",NA
"Ceratiomyxa fruticulosa",56252,"Ceratiomyxa fruticulosa",NA,"Protozoa","Mycetozoa","","","Ceratiomyxomycetes","","","Ceratiomyxales","","","","Ceratiomyxaceae","","","Ceratiomyxa","fruticulosa","iNat:24652334",48.984631,-123.558988,"2019-05-04",NA,NA,"","false","research",100
"Metatrichia floriformis",126277,"Metatrichia floriformis",NA,"Protozoa","Mycetozoa","","","Myxomycetes","Lucisporomycetidae","Trichiidia","Trichiales","","","","Trichiaceae","","","Metatrichia","floriformis","iNat:24652630",48.900882,-123.351122,"2019-05-04",NA,NA,"","false","research",10
"Arcyria incarnata",381271,"Arcyria incarnata",NA,"Protozoa","Mycetozoa","","","Myxomycetes","Lucisporomycetidae","Trichiidia","Trichiales","","","","Arcyriaceae","","","Arcyria","incarnata","iNat:24652676",48.90112,-123.350847,"2019-05-04",NA,NA,"","false","research",5
"Dictydiaethalium plumbeum",324282,"Dictydiaethalium plumbeum",NA,"Protozoa","Mycetozoa","","","Myxomycetes","Lucisporomycetidae","Trichiidia","Trichiales","","","","Dianemataceae","","","Dictydiaethalium","plumbeum","iNat:24652691",48.901128,-123.350862,"2019-05-04",NA,NA,"","false","research",10
"Fuligo septica",55483,"Fuligo septica",NA,"Protozoa","Mycetozoa","","","Myxomycetes","Columellomycetidae","Stemonitidia","Physarales","","","","Physaraceae","","","Fuligo","septica","iNat:27390323",48.873692,-123.322006,"2019-06-21",NA,NA,"","false","research",10
"Amaurochaete tubulina",906605,"Amaurochaete tubulina",NA,"Protozoa","Mycetozoa","","","Myxomycetes","Columellomycetidae","Stemonitidia","Stemonitidales","","","","Amaurochaetaceae","","","Amaurochaete","tubulina","iNat:28243758",48.881076,-123.337858,"2019-07-05",NA,NA,"Kevin Toomer","false","research",87
"Badhamia",56265,"Badhamia",NA,"Protozoa","Mycetozoa","","","Myxomycetes","Columellomycetidae","Stemonitidia","Physarales","","","","Physaraceae","","","Badhamia","","iNat:28445018",48.877411,-123.335265,"2019-07-08",NA,NA,"Kevin Toomer","false","needs_id",174
"Stemonaria irregularis",947418,"Stemonaria irregularis",NA,"Protozoa","Mycetozoa","","","Myxomycetes","Columellomycetidae","Stemonitidia","Stemonitidales","","","","Amaurochaetaceae","","","Stemonaria","irregularis","iNat:28445406",48.87264,-123.343527,"2019-07-08",NA,NA,"Kevin Toomer","false","research",87
"Lycogala epidendrum",47680,"Lycogala epidendrum",NA,"Protozoa","Mycetozoa","","","Myxomycetes","Lucisporomycetidae","Trichiidia","Reticulariales","","","","Reticulariaceae","","","Lycogala","epidendrum","iNat:29123769",48.875325,-123.336219,"2019-07-19",NA,NA,"Kevin Toomer","false","research",NA
"Arcyria",56261,"Arcyria",NA,"Protozoa","Mycetozoa","","","Myxomycetes","Lucisporomycetidae","Trichiidia","Trichiales","","","","Arcyriaceae","","","Arcyria","","iNat:29453339",48.874542,-123.336228,"2019-07-24",NA,NA,"Kevin Toomer","false","needs_id",NA
"Fuligo septica",55483,"Fuligo septica",NA,"Protozoa","Mycetozoa","","","Myxomycetes","Columellomycetidae","Stemonitidia","Physarales","","","","Physaraceae","","","Fuligo","septica","iNat:30488828",48.878645,-123.336359,"2019-08-09",NA,NA,"Kevin Toomer","false","research",174
"Myxomycetes",47684,"Myxomycetes",NA,"Protozoa","Mycetozoa","","","Myxomycetes","","","","","","","","","","","","iNat:33153350",48.867683,-123.340228,"2019-09-21",NA,NA,"Kevin Toomer","false","needs_id",21
"Dictydiaethalium plumbeum",324282,"Dictydiaethalium plumbeum",NA,"Protozoa","Mycetozoa","","","Myxomycetes","Lucisporomycetidae","Trichiidia","Trichiales","","","","Dianemataceae","","","Dictydiaethalium","plumbeum","iNat:33156870",48.872395,-123.346778,"2019-09-21",NA,NA,"Kevin Toomer","false","research",43
"Lycogala epidendrum",47680,"Lycogala epidendrum",NA,"Protozoa","Mycetozoa","","","Myxomycetes","Lucisporomycetidae","Trichiidia","Reticulariales","","","","Reticulariaceae","","","Lycogala","epidendrum","iNat:33266654",48.874817,-123.336089,"2019-09-23",NA,NA,"Kevin Toomer","false","research",NA
"Badhamia foliicola",381369,"Badhamia foliicola",NA,"Protozoa","Mycetozoa","","","Myxomycetes","Columellomycetidae","Stemonitidia","Physarales","","","","Physaraceae","","","Badhamia","foliicola","iNat:33635443",48.913571,-123.394809,"2017-05-27",NA,NA,"","false","research",3906
"Stemonaria irregularis",947418,"Stemonaria irregularis",NA,"Protozoa","Mycetozoa","","","Myxomycetes","Columellomycetidae","Stemonitidia","Stemonitidales","","","","Amaurochaetaceae","","","Stemonaria","irregularis","iNat:33636230",48.913404,-123.412729,"2019-09-23",NA,NA,"","false","research",244
"Arcyria ferruginea",332465,"Arcyria ferruginea",NA,"Protozoa","Mycetozoa","","","Myxomycetes","Lucisporomycetidae","Trichiidia","Trichiales","","","","Arcyriaceae","","","Arcyria","ferruginea","iNat:38744224",48.939897,-123.479653,"2020-01-29",NA,NA,"","false","research",35
"Myxomycetes",47684,"Myxomycetes",NA,"Protozoa","Mycetozoa","","","Myxomycetes","","","","","","","","","","","","iNat:49397795",48.940003,-123.479283,"2020-06-11",NA,NA,"","false","needs_id",35
"Myxomycetes",47684,"Myxomycetes",NA,"Protozoa","Mycetozoa","","","Myxomycetes","","","","","","","","","","","","iNat:52176142",48.89523,-123.346505,"2020-07-06",NA,NA,"","false","needs_id",1241
"Stemonitis",53841,"Stemonitis",NA,"Protozoa","Mycetozoa","","","Myxomycetes","Columellomycetidae","Stemonitidia","Stemonitidales","","","","Stemonitidaceae","","","Stemonitis","","iNat:53064564",48.97225,-123.544453,"2020-07-13",NA,NA,"Andrew Simon","false","needs_id",NA
"Arcyria",56261,"Arcyria",NA,"Protozoa","Mycetozoa","","","Myxomycetes","Lucisporomycetidae","Trichiidia","Trichiales","","","","Arcyriaceae","","","Arcyria","","iNat:53064594",48.972243,-123.544217,"2020-07-13",NA,NA,"Andrew Simon","false","needs_id",NA
"Lycogala epidendrum",47680,"Lycogala epidendrum",NA,"Protozoa","Mycetozoa","","","Myxomycetes","Lucisporomycetidae","Trichiidia","Reticulariales","","","","Reticulariaceae","","","Lycogala","epidendrum","iNat:53064602",48.971471,-123.543698,"2020-07-13",NA,NA,"Andrew Simon","false","needs_id",68
"Physarum viride",383670,"Physarum viride",NA,"Protozoa","Mycetozoa","","","Myxomycetes","Columellomycetidae","Stemonitidia","Physarales","","","","Physaraceae","","","Physarum","viride","iNat:64704392",48.918253,-123.416626,"2019-05-05",NA,NA,"Pam Janszen","false","research",488
"Badhamia utricularis",56264,"Badhamia utricularis",NA,"Protozoa","Mycetozoa","","","Myxomycetes","Columellomycetidae","Stemonitidia","Physarales","","","","Physaraceae","","","Badhamia","utricularis","iNat:67862201",48.875622,-123.335761,"2021-01-10",NA,NA,"Kevin Toomer","false","research",NA
"Badhamia utricularis",56264,"Badhamia utricularis",NA,"Protozoa","Mycetozoa","","","Myxomycetes","Columellomycetidae","Stemonitidia","Physarales","","","","Physaraceae","","","Badhamia","utricularis","iNat:67862622",48.875411,-123.335425,"2021-01-10",NA,NA,"Kevin Toomer","false","research",NA
"Arcyria ferruginea",332465,"Arcyria ferruginea",NA,"Protozoa","Mycetozoa","","","Myxomycetes","Lucisporomycetidae","Trichiidia","Trichiales","","","","Arcyriaceae","","","Arcyria","ferruginea","iNat:70175131",48.938424,-123.483224,"2020-01-24",NA,NA,"Pam Janszen","false","needs_id",1953
"Stemonitis",53841,"Stemonitis",NA,"Protozoa","Mycetozoa","","","Myxomycetes","Columellomycetidae","Stemonitidia","Stemonitidales","","","","Stemonitidaceae","","","Stemonitis","","iNat:70911664",48.870892,-123.386386,"2017-08-07",NA,NA,"Tyson Ehlers","false","needs_id",31
"Stemonitis",53841,"Stemonitis",NA,"Protozoa","Mycetozoa","","","Myxomycetes","Columellomycetidae","Stemonitidia","Stemonitidales","","","","Stemonitidaceae","","","Stemonitis","","iNat:76004339",48.885722,-123.335687,"2021-04-30",NA,NA,"Audrey Irvine-Broque","false","needs_id",7
"Fuligo",55486,"Fuligo",NA,"Protozoa","Mycetozoa","","","Myxomycetes","Columellomycetidae","Stemonitidia","Physarales","","","","Physaraceae","","","Fuligo","","iNat:78323374",48.948097,-123.501672,"2021-05-10",NA,NA,"Adam Huggins","false","needs_id",NA
"Reticularia lycoperdon",145366,"Reticularia lycoperdon",NA,"Protozoa","Mycetozoa","","","Myxomycetes","Lucisporomycetidae","Trichiidia","Reticulariales","","","","Reticulariaceae","","","Reticularia","lycoperdon","iNat:81817997",48.980501,-123.553298,"2021-06-05",NA,NA,"Caitlin Robinson","false","research",303
"Fuligo septica",55483,"Fuligo septica",NA,"Protozoa","Mycetozoa","","","Myxomycetes","Columellomycetidae","Stemonitidia","Physarales","","","","Physaraceae","","","Fuligo","septica","iNat:82205205",48.871358,-123.345086,"2021-06-08",NA,NA,"Kevin Toomer","false","needs_id",NA
"Myxomycetes",47684,"Myxomycetes",NA,"Protozoa","Mycetozoa","","","Myxomycetes","","","","","","","","","","","","iNat:83098028",48.886672,-123.357031,"2021-06-14",NA,NA,"Andrew Simon","false","needs_id",45
"Fuligo septica",55483,"Fuligo septica",NA,"Protozoa","Mycetozoa","","","Myxomycetes","Columellomycetidae","Stemonitidia","Physarales","","","","Physaraceae","","","Fuligo","septica","iNat:83099741",48.885838,-123.357162,"2021-06-14",NA,NA,"Caitlin Robinson","false","needs_id",8
"Physarales",55484,"Physarales",NA,"Protozoa","Mycetozoa","","","Myxomycetes","Columellomycetidae","Stemonitidia","Physarales","","","","","","","","","iNat:83508857",48.887966,-123.38374,"2021-06-16",NA,NA,"Dave Zeuss Cochrane","false","needs_id",NA
"Fuligo septica",55483,"Fuligo septica",NA,"Protozoa","Mycetozoa","","","Myxomycetes","Columellomycetidae","Stemonitidia","Physarales","","","","Physaraceae","","","Fuligo","septica","iNat:86633419",48.867899,-123.342421,"2021-07-11",NA,NA,"Andrew Simon","false","research",83
"Fuligo",55486,"Fuligo",NA,"Protozoa","Mycetozoa","","","Myxomycetes","Columellomycetidae","Stemonitidia","Physarales","","","","Physaraceae","","","Fuligo","","iNat:90147002",48.888727,-123.383062,"2021-08-06",NA,NA,"Dave Zeuss Cochrane","false","needs_id",NA
"Fuligo septica",55483,"Fuligo septica",NA,"Protozoa","Mycetozoa","","","Myxomycetes","Columellomycetidae","Stemonitidia","Physarales","","","","Physaraceae","","","Fuligo","septica","iNat:93200892",48.876928,-123.335006,"2021-08-29",NA,NA,"Kevin Toomer","false","needs_id",NA
"Fuligo septica",55483,"Fuligo septica",NA,"Protozoa","Mycetozoa","","","Myxomycetes","Columellomycetidae","Stemonitidia","Physarales","","","","Physaraceae","","","Fuligo","septica","iNat:94500919",48.899425,-123.407142,"2021-09-09",NA,NA,"Christian Adler","false","research",27
"Ceratiomyxa fruticulosa",56252,"Ceratiomyxa fruticulosa",NA,"Protozoa","Mycetozoa","","","Ceratiomyxomycetes","","","Ceratiomyxales","","","","Ceratiomyxaceae","","","Ceratiomyxa","fruticulosa","iNat:96042225",48.886652,-123.377249,"2021-09-21",NA,NA,"","false","research",31
"Fuligo septica",55483,"Fuligo septica",NA,"Protozoa","Mycetozoa","","","Myxomycetes","Columellomycetidae","Stemonitidia","Physarales","","","","Physaraceae","","","Fuligo","septica","iNat:96313760",48.983483,-123.556227,"2021-09-26",NA,NA,"Caitlin Robinson","false","needs_id",11697
"Myxomycetes",47684,"Myxomycetes",NA,"Protozoa","Mycetozoa","","","Myxomycetes","","","","","","","","","","","","iNat:99510034",48.872425,-123.312049,"2021-10-23",NA,NA,"Andrew Simon","false","needs_id",18
"Stemonitis",53841,"Stemonitis",NA,"Protozoa","Mycetozoa","","","Myxomycetes","Columellomycetidae","Stemonitidia","Stemonitidales","","","","Stemonitidaceae","","","Stemonitis","","iNat:100971381",48.919082,-123.408078,"2021-11-11",NA,NA,"Caitlin Robinson","false","needs_id",1233
"Cribraria vulgaris",382043,"Cribraria vulgaris",NA,"Protozoa","Mycetozoa","","","Myxomycetes","Lucisporomycetidae","Cribrariidia","Cribrariales","","","","Cribrariaceae","","","Cribraria","vulgaris","iNat:101241795",48.869931,-123.339639,"2021-10-23",NA,NA,"Pam Janszen","false","research",92
"Tubifera ferruginosa",126522,"Tubifera ferruginosa",NA,"Protozoa","Mycetozoa","","","Myxomycetes","Lucisporomycetidae","Trichiidia","Reticulariales","","","","Reticulariaceae","","","Tubifera","ferruginosa","iNat:101733901",48.872753,-123.342523,"2021-10-23",NA,NA,"Pam Janszen","false","research",NA
"Hemitrichia decipiens",1441996,"Hemitrichia decipiens",NA,"Protozoa","Mycetozoa","","","Myxomycetes","Lucisporomycetidae","Trichiidia","Trichiales","","","","Arcyriaceae","","","Hemitrichia","decipiens","iNat:107521184",48.925665,-123.453366,"2022-02-20",NA,NA,"Gabe Schp","false","needs_id",43
"Didymium bahiense",382180,"Didymium bahiense",NA,"Protozoa","Mycetozoa","","","Myxomycetes","Columellomycetidae","Stemonitidia","Physarales","","","","Didymiaceae","","","Didymium","bahiense","iNat:108007864",48.865881,-123.350413,"2022-03-05",NA,NA,"Andrew Simon","false","research",13
"Didymium difforme",382181,"Didymium difforme",NA,"Protozoa","Mycetozoa","","","Myxomycetes","Columellomycetidae","Stemonitidia","Physarales","","","","Didymiaceae","","","Didymium","difforme","iNat:108007865",48.865881,-123.350413,"2022-03-05",NA,NA,"Andrew Simon","false","research",13
"Physaraceae",55485,"Physaraceae",NA,"Protozoa","Mycetozoa","","","Myxomycetes","Columellomycetidae","Stemonitidia","Physarales","","","","Physaraceae","","","","","iNat:108057387",48.907755,-123.374071,"2022-03-06",NA,NA,"Andrew Simon","false","needs_id",62
"Didymium difforme",382181,"Didymium difforme",NA,"Protozoa","Mycetozoa","","","Myxomycetes","Columellomycetidae","Stemonitidia","Physarales","","","","Didymiaceae","","","Didymium","difforme","iNat:108143421",48.866024,-123.35085,"2022-03-07",NA,NA,"Pam Janszen","false","research",8
"Myxomycetes",47684,"Myxomycetes",NA,"Protozoa","Mycetozoa","","","Myxomycetes","","","","","","","","","","","","iNat:109597364",48.86652,-123.334913,"2022-03-26",NA,NA,"Caitlin Robinson","false","needs_id",24
"Didymium bahiense",382180,"Didymium bahiense",NA,"Protozoa","Mycetozoa","","","Myxomycetes","Columellomycetidae","Stemonitidia","Physarales","","","","Didymiaceae","","","Didymium","bahiense","iNat:109607488",48.865888,-123.350768,"2022-03-06",NA,NA,"Pam Janszen","false","research",31
"Myxomycetes",47684,"Myxomycetes",NA,"Protozoa","Mycetozoa","","","Myxomycetes","","","","","","","","","","","","iNat:109620544",48.970057,-123.540096,"2022-03-26",NA,NA,"Caitlin Robinson","false","needs_id",11919
"Didymium spongiosum",1504198,"Didymium spongiosum",NA,"Protozoa","Mycetozoa","","","Myxomycetes","Columellomycetidae","Stemonitidia","Physarales","","","","Didymiaceae","","","Didymium","spongiosum","iNat:110035760",49.002665,-123.568786,"2022-03-30",NA,NA,"Caitlin Robinson","false","needs_id",7144
"Didymium spongiosum",1504198,"Didymium spongiosum",NA,"Protozoa","Mycetozoa","","","Myxomycetes","Columellomycetidae","Stemonitidia","Physarales","","","","Didymiaceae","","","Didymium","spongiosum","iNat:110814080",48.865383,-123.33297,"2022-04-08",NA,NA,"","false","needs_id",50
"Didymium spongiosum",1504198,"Didymium spongiosum",NA,"Protozoa","Mycetozoa","","","Myxomycetes","Columellomycetidae","Stemonitidia","Physarales","","","","Didymiaceae","","","Didymium","spongiosum","iNat:111104292",48.999727,-123.564731,"2022-04-03",NA,NA,"Caitlin Robinson","false","needs_id",4099
"Didymium spongiosum",1504198,"Didymium spongiosum",NA,"Protozoa","Mycetozoa","","","Myxomycetes","Columellomycetidae","Stemonitidia","Physarales","","","","Didymiaceae","","","Didymium","spongiosum","iNat:111104476",49.001606,-123.566262,"2022-04-03",NA,NA,"Caitlin Robinson","false","needs_id",16
"Didymium squamulosum",327928,"Didymium squamulosum",NA,"Protozoa","Mycetozoa","","","Myxomycetes","Columellomycetidae","Stemonitidia","Physarales","","","","Didymiaceae","","","Didymium","squamulosum","iNat:111226291",48.907755,-123.374071,"2022-03-06",NA,NA,"Pam Janszen","false","research",NA
"Reticularia lycoperdon",145366,"Reticularia lycoperdon",NA,"Protozoa","Mycetozoa","","","Myxomycetes","Lucisporomycetidae","Trichiidia","Reticulariales","","","","Reticulariaceae","","","Reticularia","lycoperdon","iNat:121740702",48.875952,-123.33624,"2022-06-13",NA,NA,"Kevin Toomer","false","needs_id",87
"Fuligo septica",55483,"Fuligo septica",NA,"Protozoa","Mycetozoa","","","Myxomycetes","Columellomycetidae","Stemonitidia","Physarales","","","","Physaraceae","","","Fuligo","septica","iNat:125651464",48.983648,-123.544322,"2022-07-10",NA,NA,"","false","research",398
"Fuligo septica",55483,"Fuligo septica",NA,"Protozoa","Mycetozoa","","","Myxomycetes","Columellomycetidae","Stemonitidia","Physarales","","","","Physaraceae","","","Fuligo","septica","iNat:131147476",48.879658,-123.342688,"2022-08-14",NA,NA,"","false","needs_id",4
"Fuligo septica",55483,"Fuligo septica",NA,"Protozoa","Mycetozoa","","","Myxomycetes","Columellomycetidae","Stemonitidia","Physarales","","","","Physaraceae","","","Fuligo","septica","iNat:133159505",48.87983,-123.371308,"2022-08-23",NA,NA,"","false","needs_id",4
"Fuligo septica",55483,"Fuligo septica",NA,"Protozoa","Mycetozoa","","","Myxomycetes","Columellomycetidae","Stemonitidia","Physarales","","","","Physaraceae","","","Fuligo","septica","iNat:133375249",48.870706,-123.367005,"2022-08-27",NA,NA,"Michelle","false","research",1808
"Reticularia lycoperdon",145366,"Reticularia lycoperdon",NA,"Protozoa","Mycetozoa","","","Myxomycetes","Lucisporomycetidae","Trichiidia","Reticulariales","","","","Reticulariaceae","","","Reticularia","lycoperdon","iNat:133534826",48.87747,-123.368028,"2022-08-23",NA,NA,"","false","needs_id",5
"Fuligo septica",55483,"Fuligo septica",NA,"Protozoa","Mycetozoa","","","Myxomycetes","Columellomycetidae","Stemonitidia","Physarales","","","","Physaraceae","","","Fuligo","septica","iNat:137042432",48.8708,-123.343461,"2022-09-30",NA,NA,"Kevin Toomer","false","research",NA
"Fuligo septica",55483,"Fuligo septica",NA,"Protozoa","Mycetozoa","","","Myxomycetes","Columellomycetidae","Stemonitidia","Physarales","","","","Physaraceae","","","Fuligo","septica","iNat:138466732",48.915417,-123.426012,"2022-10-10",NA,NA,"","false","needs_id",49
"Fuligo septica",55483,"Fuligo septica",NA,"Protozoa","Mycetozoa","","","Myxomycetes","Columellomycetidae","Stemonitidia","Physarales","","","","Physaraceae","","","Fuligo","septica","iNat:144641521",48.870021,-123.357696,"2022-08-27",NA,NA,"Michelle","false","research",427
"Didymium spongiosum",1504198,"Didymium spongiosum",NA,"Protozoa","Mycetozoa","","","Myxomycetes","Columellomycetidae","Stemonitidia","Physarales","","","","Didymiaceae","","","Didymium","spongiosum","iNat:151864961",48.867067,-123.336899,"2023-03-21",NA,NA,"","false","needs_id",35
"Didymium spongiosum",1504198,"Didymium spongiosum",NA,"Protozoa","Mycetozoa","","","Myxomycetes","Columellomycetidae","Stemonitidia","Physarales","","","","Didymiaceae","","","Didymium","spongiosum","iNat:152144056",48.866558,-123.334869,"2023-03-24",NA,NA,"Kevin Toomer","false","needs_id",NA
"Myxomycetes",47684,"Myxomycetes",NA,"Protozoa","Mycetozoa","","","Myxomycetes","","","","","","","","","","","","iNat:164047452",48.944944,-123.510852,"2023-05-27",NA,NA,"","false","needs_id",20
"Lycogala epidendrum",47680,"Lycogala epidendrum",NA,"Protozoa","Mycetozoa","","","Myxomycetes","Lucisporomycetidae","Trichiidia","Reticulariales","","","","Reticulariaceae","","","Lycogala","epidendrum","iNat:164368735",48.945145,-123.511345,"2023-05-27",NA,NA,"","false","needs_id",64
"Reticularia lycoperdon",145366,"Reticularia lycoperdon",NA,"Protozoa","Mycetozoa","","","Myxomycetes","Lucisporomycetidae","Trichiidia","Reticulariales","","","","Reticulariaceae","","","Reticularia","lycoperdon","iNat:168721765",48.867917,-123.340394,"2023-06-21",NA,NA,"","false","needs_id",8
"Stemonitis",53841,"Stemonitis",NA,"Protozoa","Mycetozoa","","","Myxomycetes","Columellomycetidae","Stemonitidia","Stemonitidales","","","","Stemonitidaceae","","","Stemonitis","","iNat:175849169",48.874091,-123.341084,"2023-07-30",NA,NA,"","false","research",275
"Arcyria",56261,"Arcyria",NA,"Protozoa","Mycetozoa","","","Myxomycetes","Lucisporomycetidae","Trichiidia","Trichiales","","","","Arcyriaceae","","","Arcyria","","iNat:175850048",48.873121,-123.341947,"2023-07-30",NA,NA,"","false","needs_id",246
"Stemonitis",53841,"Stemonitis",NA,"Protozoa","Mycetozoa","","","Myxomycetes","Columellomycetidae","Stemonitidia","Stemonitidales","","","","Stemonitidaceae","","","Stemonitis","","iNat:176856774",48.871536,-123.346021,"2023-08-05",NA,NA,"Kevin Toomer","false","needs_id",87
"Stemonitis",53841,"Stemonitis",NA,"Protozoa","Mycetozoa","","","Myxomycetes","Columellomycetidae","Stemonitidia","Stemonitidales","","","","Stemonitidaceae","","","Stemonitis","","iNat:176856878",48.871536,-123.346021,"2023-08-05",NA,NA,"Kevin Toomer","false","needs_id",87
"Fuligo septica",55483,"Fuligo septica",NA,"Protozoa","Mycetozoa","","","Myxomycetes","Columellomycetidae","Stemonitidia","Physarales","","","","Physaraceae","","","Fuligo","septica","iNat:179745146",48.918838,-123.434555,"2023-08-22",NA,NA,"Nomadkris","false","research",4
"Fuligo septica",55483,"Fuligo septica",NA,"Protozoa","Mycetozoa","","","Myxomycetes","Columellomycetidae","Stemonitidia","Physarales","","","","Physaraceae","","","Fuligo","septica","iNat:184308396",48.954075,-123.52337,"2023-09-21",NA,NA,"","false","needs_id",5
"Fuligo septica",55483,"Fuligo septica",NA,"Protozoa","Mycetozoa","","","Myxomycetes","Columellomycetidae","Stemonitidia","Physarales","","","","Physaraceae","","","Fuligo","septica","iNat:185362823",48.889353,-123.383581,"2023-09-28",NA,NA,"Dave Zeuss Cochrane","false","needs_id",NA
"Physarum cinereum",125933,"Physarum cinereum",NA,"Protozoa","Mycetozoa","","","Myxomycetes","Columellomycetidae","Stemonitidia","Physarales","","","","Physaraceae","","","Physarum","cinereum","iNat:187552077",48.870961,-123.321067,"2023-10-14",NA,NA,"Kevin Toomer","false","needs_id",10
"Physarum cinereum",125933,"Physarum cinereum",NA,"Protozoa","Mycetozoa","","","Myxomycetes","Columellomycetidae","Stemonitidia","Physarales","","","","Physaraceae","","","Physarum","cinereum","iNat:187817120",48.870978,-123.321023,"2023-10-16",NA,NA,"Kevin Toomer","false","needs_id",5
"Physarum cinereum",125933,"Physarum cinereum",NA,"Protozoa","Mycetozoa","","","Myxomycetes","Columellomycetidae","Stemonitidia","Physarales","","","","Physaraceae","","","Physarum","cinereum","iNat:187817304",48.870978,-123.321023,"2023-10-16",NA,NA,"Kevin Toomer","false","needs_id",5
"Physarum cinereum",125933,"Physarum cinereum",NA,"Protozoa","Mycetozoa","","","Myxomycetes","Columellomycetidae","Stemonitidia","Physarales","","","","Physaraceae","","","Physarum","cinereum","iNat:188078757",48.870978,-123.321023,"2023-10-18",NA,NA,"Andrew Simon","false","needs_id",5
