Taxon,Taxon.Author,Subtaxon.Author,Common.Name,Kingdom,Phylum,Subphylum,Superclass,Class,Subclass,Superorder,Order,Suborder,Superfamily,Family,Subfamily,Tribe,Genus,Species,Hybrid,Subspecies,Variety,Origin,Provincial.Status,National.Status,Reporting.Status,Observation,Collected.Reported..y.m.d.,Collector.Source,Collection.List,Accession.Number,GBIF.ID,First.Observed,Observer,iNaturalist.Link,Notes,ID,Stats.Code
Abrothallus welwitschii,Mont. ex Tul.,,,Fungi,Ascomycota,Pezizomycotina,,Dothideomycetes,,,Abrothallales,,,Lichenoconiaceae,,,Abrothallus,welwitschii,,,,native,unlisted,,new 2021,observed,,,,,,2021-10-23,Alejandro Huereca Delgado,iNat:101068179,,,LIC
Acolium inquinans,(Sm.) A. Massal.,,cupped soot lichen,Fungi,Ascomycota,Pezizomycotina,,Lecanoromycetes,Lecanoromycetidae,,Caliciales,,,Caliciaceae,,,Acolium,inquinans,,,,native,unlisted,,new 2017,observed,,,,,,2017-06-16,Andrew Simon,iNat:7503518,,636286,LIC
Alectoria sarmentosa,(Ach.) Ach.,,witch’s hair,Fungi,Ascomycota,Pezizomycotina,,Lecanoromycetes,Lecanoromycetidae,,Lecanorales,,,Parmeliaceae,Parmelioideae,,Alectoria,sarmentosa,,,,native,S4 (2018),,confirmed,observed,1974-05-31,Willa J. Noble,UBC,L14347,,2019-05-05,Brian Starzomski,iNat:24665187,reported as Alectoria “vancouverensis”—coastal chemomorph of A sarmentosa,126626,LIC
Alyxoria varia,(Pers.) Ertz & Tehler,,scribble lichen,Fungi,Ascomycota,Pezizomycotina,,Arthoniomycetes,,,Arthoniales,,,Lecanographaceae,,,Alyxoria,varia,,,,native,unlisted,,confirmed,observed,1974-05-29,Willa J. Noble,UBC,L35904,,2016-10-23,Andrew Simon,iNat:4425709,reported as Opegrapha varia,462268,LIC
Amandinea punctata,(Hoffm.) Coppins & Scheid.,,tiny button lichen,Fungi,Ascomycota,Pezizomycotina,,Lecanoromycetes,Lecanoromycetidae,,Caliciales,,,Caliciaceae,,,Amandinea,punctata,,,,native,unlisted,,confirmed,observed,1974-05-28,Willa J. Noble,UBC,L35871,,2016-10-16,Andrew Simon,iNat:4381611,reported as Buellia punctata,155082,LIC
Arthonia polygramma,Nyl.,,comma lichen,Fungi,Ascomycota,Pezizomycotina,,Arthoniomycetes,,,Arthoniales,,,Arthoniaceae,,,Arthonia,polygramma,,,,native,unlisted,,reported,unobserved,2010-01-26,Terry McIntosh & Curtis Björk,Bryos and Lichens of Mt Sutil Inventory 2010,,,,,,,214289,LIC
Arthonia stellaris,Krempelh.,,comma lichen,Fungi,Ascomycota,Pezizomycotina,,Arthoniomycetes,,,Arthoniales,,,Arthoniaceae,,,Arthonia,stellaris,,,,native,SU (2020),,new 2021,observed,,,,,,2021-11-03,Randal Mindell,iNat:100262222,,214305,LIC
Arthothelium spectabile,A. Massal.,,comma lichen,Fungi,Ascomycota,Pezizomycotina,,Arthoniomycetes,,,Arthoniales,,,Arthoniaceae,,,Arthothelium,spectabile,,,,native,unlisted,,reported,unobserved,1974-05-30,Willa J. Noble,UBC,L35930,,,,,reported as Arthonia spectabilis,214359,LIC
Bacidia rubella,(Hoffm.) A. Massal.,,frosty-rimmed dot lichen,Fungi,Ascomycota,Pezizomycotina,,Lecanoromycetes,Lecanoromycetidae,,Lecanorales,,,Ramalinaceae,,,Bacidia,rubella,,,,native,unlisted,,reported,unobserved,1974-05-29,Willa J. Noble,UBC,L48879,,,,,,205562,LIC
Blastenia ferruginea,(Huds.) Th. Fr.,,firedot lichen,Fungi,Ascomycota,Pezizomycotina,,Lecanoromycetes,Lecanoromycetidae,,Teloschistales,,,Teloschistaceae,Caloplacoideae,,Blastenia,ferruginea,,,,native,unlisted,,confirmed,observed,2010-01-26,Terry McIntosh & Curtis Björk,Bryos and Lichens of Mt Sutil Inventory 2010,,,2017-02-21,Andrew Simon,iNat:5159803,reported as Caloplaca ferruginea (Huds.) Th. Fr.,462481,LIC
Blennothallia fecunda,"(Degel.) Otálora, P. M. Jørg. & Wedin",,seaside tarpaper,Fungi,Ascomycota,Pezizomycotina,,Lecanoromycetes,Lecanoromycetidae,,Peltigerales,,,Collemataceae,,,Blennothallia,fecunda,,,,native,S3S4 (2019),,confirmed,observed,1974-06-01,Willa J. Noble,UBC,L10380,,2020-04-10,Andrew Simon,iNat:41881726,reported as Collema fecundum,462484,LIC
Bryobilimbia hypnorum,"(Lib.) Fryday, Printzen & S. Ekman",,tile lichen,Fungi,Ascomycota,Pezizomycotina,,Lecanoromycetes,Lecanoromycetidae,,Lecideales,,,Lecideaceae,,,Bryobilimbia,hypnorum,,,,native,unlisted,,reported,unobserved,1974-04-21,Willa J. Noble,UBC,L35661,,,,,reported as Mycobilimbia hypnorum,462498,LIC
Bryoria fremontii,(G. Merr.) Brodo & D. Hawksw.,,inedible horsehair,Fungi,Ascomycota,Pezizomycotina,,Lecanoromycetes,Lecanoromycetidae,,Lecanorales,,,Parmeliaceae,Parmelioideae,,Bryoria,fremontii,,,,native,S5 (2018),,reported,unobserved,1974-05-31,Willa J. Noble,UBC,L36179,,,,,reported as Bryoria tortuosa (colour morph),205663,LIC
Bryoria glabra,(Motyka) Brodo & D. Hawksw.,,wire horsehair,Fungi,Ascomycota,Pezizomycotina,,Lecanoromycetes,Lecanoromycetidae,,Lecanorales,,,Parmeliaceae,Parmelioideae,,Bryoria,glabra,,,,native,S5 (2018),,new 2018,observed,,,,,,2018-06-07,Andrew Simon,iNat:13225111,,205668,LIC
Bryoria pseudofuscescens,(Gyeln.) Brodo & D. Hawksw.,,Mountain Horsehair Lichen,Fungi,Ascomycota,Pezizomycotina,,Lecanoromycetes,Lecanoromycetidae,,Lecanorales,,,Parmeliaceae,Parmelioideae,,Bryoria,pseudofuscescens,,,,native,S3S4 (2010); G3G4 Globally vulnerable,,confirmed,observed,1974-05-29,Willa J. Noble,UBC,L35911,,2020-02-23,Andrew Simon,iNat:39126265,reported as Bryoria friabilis,205673,LIC
Buellia fecunda ined.,,,button lichen,Fungi,Ascomycota,Pezizomycotina,,Lecanoromycetes,Lecanoromycetidae,,Caliciales,,,Caliciaceae,,,Buellia,fecunda,,,,native,unlisted,,reported,unobserved,1974-05-29,Willa J. Noble,UBC,L35905,,,,,,,LIC
Buellia fosteri,(Imshaug & Sheard) Perlmutter & Rivas Plata,,whitewash lichen,Fungi,Ascomycota,Pezizomycotina,,Lecanoromycetes,Lecanoromycetidae,,Caliciales,,,Caliciaceae,,,Buellia,fosteri,,,,native,unlisted,,new 2017,observed,,,,,,2017-12-22,Andrew Simon,iNat:9239094,,1027862,LIC
Calicium viride,Pers.,,green stubble lichen,Fungi,Ascomycota,Pezizomycotina,,Lecanoromycetes,Lecanoromycetidae,,Caliciales,,,Caliciaceae,,,Calicium,viride,,,,native,unlisted,,confirmed,observed,1977-07-24,Willa J. Noble,UBC,L14869,,2018-05-12,Andrew Simon,iNat:12406796,,207863,LIC
Calogaya decipiens,"(Arnold) Arup, Frödén & Søchting",,firedot lichen,Fungi,Ascomycota,Pezizomycotina,,Lecanoromycetes,Lecanoromycetidae,,Teloschistales,,,Teloschistaceae,Xanthorioideae,,Calogaya,decipiens,,,,native,unlisted,,new 2017,observed,,,,,,2017-03-25,Andrew Simon,iNat:22642666,,462563,LIC
Caloplaca atroflava,(Turner) Mong.,,firedot lichen,Fungi,Ascomycota,Pezizomycotina,,Lecanoromycetes,Lecanoromycetidae,,Teloschistales,,,Teloschistaceae,Caloplacoideae,,Caloplaca,atroflava,,,,native,unlisted,,reported,unobserved,1974-05-29,Willa J. Noble,UBC,L20695,,,,,,215786,LIC
Caloplaca californica,Zahlbr.,,Californian firedot,Fungi,Ascomycota,Pezizomycotina,,Lecanoromycetes,Lecanoromycetidae,,Teloschistales,,,Teloschistaceae,Caloplacoideae,,Caloplaca,californica,,,,native,unlisted,,new 2017,observed,,,,,,2017-05-19,Andrew Simon,iNat:9199333,,215791,LIC
Candelaria pacifica,Westberg,,Pacific candleflame,Fungi,Ascomycota,Pezizomycotina,,Lecanoromycetes,Candelariomycetidae,,Candelariales,,,Candelariaceae,,,Candelaria,pacifica,,,,native,unlisted,,reported,unobserved,2011-05-14,Kent Brothers,VMS,,,,,,,203098,LIC
Candelariella vitellina,(Hoffm.) Müll. Arg.,,common goldspeck,Fungi,Ascomycota,Pezizomycotina,,Lecanoromycetes,Candelariomycetidae,,Candelariales,,,Candelariaceae,,,Candelariella,vitellina,,,,native,unlisted,,new 2017,observed,,,,,,2017-12-31,Andrew Simon,iNat:9328883,,182455,LIC
Cetraria aculeata,(Schreber) Fr.,,spiny heath,Fungi,Ascomycota,Pezizomycotina,,Lecanoromycetes,Lecanoromycetidae,,Lecanorales,,,Parmeliaceae,Parmelioideae,,Cetraria,aculeata,,,,native,S5 (2018),,new 2021,observed,,,,,,2021-04-15,Andrew Simon,iNat:74104772,,54351,LIC
Cetrelia cetrarioides,(Delise) W.L. Culb. & C.F. Culb.,,downside sea-storm,Fungi,Ascomycota,Pezizomycotina,,Lecanoromycetes,Lecanoromycetidae,,Lecanorales,,,Parmeliaceae,Parmelioideae,,Cetrelia,cetrarioides,,,,native,S4 (2010),,reported,unobserved,2009-05-16,Kent Brothers,VMS,,,,,,,154457,LIC
Chaenotheca ferruginea,(Turner ex Sm.) Mig.,,pin lichen,Fungi,Ascomycota,Pezizomycotina,,Coniocybomycetes,,,Coniocybales,,,Coniocybaceae,,,Chaenotheca,ferruginea,,,,native,unlisted,,reported,unobserved,1977-07-24,Willa J. Noble,UBC,L14867,,,,,,210527,LIC
Chrysothrix candelaris,(L.) J.R. Laundon,,gold dust lichen,Fungi,Ascomycota,Pezizomycotina,,Arthoniomycetes,,,Arthoniales,,,Chrysothricaceae,,,Chrysothrix,candelaris,,,,native,unlisted,,reported,unobserved,1974-05-31,Willa J. Noble,UBC,L36178,,,,,see notes below,117938,LIC
Chrysothrix granulosa,G. Thor,,cushioned gold dust lichen,Fungi,Ascomycota,Pezizomycotina,,Arthoniomycetes,,,Arthoniales,,,Chrysothricaceae,,,Chrysothrix,granulosa,,,,native,unlisted,,new 2016,observed,,,,,,2016-06-19,Andrew Simon,iNat:3498983,not reognized by Noble,203089,LIC
Chrysothrix xanthina,(Vain.) Kalb,,gold dust lichen,Fungi,Ascomycota,Pezizomycotina,,Arthoniomycetes,,,Arthoniales,,,Chrysothricaceae,,,Chrysothrix,xanthina,,,,native,unlisted,,new 2015,observed,,,,,,2015-03-13,Lauren Magner & Andrew Simon,iNat:26655010,This sp confirmed by Troy via TLC; Noble reconized C. candelaris + C. chlorina; could it be that our flora includes only C. granulosa + C. xanthina ?,345245,LIC
Circinaria caesiocinerea,(Nyl. ex Malbr.) Arnold,,crust lichen,Fungi,Ascomycota,Pezizomycotina,,Lecanoromycetes,Ostropomycetidae,,Pertusariales,,,Megasporaceae,,,Circinaria,caesiocinerea,,,,native,unlisted,,reported,unobserved,1974-05-30,Willa J. Noble,UBC,L36906,,,,,reported as Rinodina caesiocinerea,462704,LIC
Circinaria leprosescens,"(Sandst.) A.Nordin, S.Savić & Tibell",,sunken disk lichen,Fungi,Ascomycota,Pezizomycotina,,Lecanoromycetes,Ostropomycetidae,,Pertusariales,,,Megasporaceae,,,Circinaria,leprosescens,,,,native,unlisted,,confirmed,observed,1974-05-29,Willa J. Noble,UBC,L35912,,2020-06-10,Andrew Simon,iNat:49195439,reported as Aspicilia leprosescens,462710,LIC
Cladonia albonigra,Brodo & Ahti,,blackfoot pixie,Fungi,Ascomycota,Pezizomycotina,,Lecanoromycetes,Lecanoromycetidae,,Lecanorales,,,Cladoniaceae,,,Cladonia,albonigra,,,,native,S4 (2010),,new 2015,observed,,,,,,2015-08-28,Andrew Simon,iNat:5288435,,194699,LIC
Cladonia bacilliformis,(Nyl.) Sarnth.,,yellowhorn pixie,Fungi,Ascomycota,Pezizomycotina,,Lecanoromycetes,Lecanoromycetidae,,Lecanorales,,,Cladoniaceae,,,Cladonia,bacilliformis,,,,native,S3S4 (2019),,new 2017,observed,,,,,,2017-12-31,Andrew Simon,iNat:9329152,,217074,LIC
Cladonia carneola,(Fr.) Fr.,,crowned pixie,Fungi,Ascomycota,Pezizomycotina,,Lecanoromycetes,Lecanoromycetidae,,Lecanorales,,,Cladoniaceae,,,Cladonia,carneola,,,,native,S5 (2018),,new 2017,observed,,,,,,2017-10-29,Kevin Toomer,iNat:8604599,,194513,LIC
Cladonia cenotea,(Ach.) Schaer.,,powdered funnel lichen,Fungi,Ascomycota,Pezizomycotina,,Lecanoromycetes,Lecanoromycetidae,,Lecanorales,,,Cladoniaceae,,,Cladonia,cenotea,,,,native,S5 (2018),,new 2016,observed,,,,,,2016-12-22,Andrew Simon,iNat:4834210,,180456,LIC
Cladonia cf asahinae,J.W. Thomson,,Asahina's pixie-cup,Fungi,Ascomycota,Pezizomycotina,,Lecanoromycetes,Lecanoromycetidae,,Lecanorales,,,Cladoniaceae,,,Cladonia,asahinae,,,,native,S4 (2010),,new 2017,observed,,,,,,2017-02-25,Andrew Simon,iNat:5197373,,210582,LIC
Cladonia chlorophaea,(Flörke ex Sommerf.) Sprengel,,mealy pixie cup,Fungi,Ascomycota,Pezizomycotina,,Lecanoromycetes,Lecanoromycetidae,,Lecanorales,,,Cladoniaceae,,,Cladonia,chlorophaea,,,,native,S5 (2018),,new 2015,observed,,,,,,2015-08-28,Andrew Simon,iNat:5288560,,1080564,LIC
Cladonia coniocraea,(Flörke) Sprengel,,common powderhorn,Fungi,Ascomycota,Pezizomycotina,,Lecanoromycetes,Lecanoromycetidae,,Lecanorales,,,Cladoniaceae,,,Cladonia,coniocraea,,,,native,S5 (2010),,new 2015,observed,,,,,,2015-10-08,Lauren Magner & Andrew Simon,iNat:2647302,,155093,LIC
Cladonia cornuta,(L.) Hoffm.,,bighorn pixie,Fungi,Ascomycota,Pezizomycotina,,Lecanoromycetes,Lecanoromycetidae,,Lecanorales,,,Cladoniaceae,,,Cladonia,cornuta,,,,native,S5 (2018),,new 2017,observed,,,,,,2017-05-13,Andrew Simon,iNat:39122904,,179035,LIC
Cladonia crispata var. crispata,(Ach.) Flot.,,greater organpipe pixie,Fungi,Ascomycota,Pezizomycotina,,Lecanoromycetes,Lecanoromycetidae,,Lecanorales,,,Cladoniaceae,,,Cladonia,crispata,,,crispata,native,S5 (2018),,new 2015,observed,,,,,,2015-10-31,Andrew Simon,iNat:39123247,,240032,LIC
Cladonia fimbriata,(L.) Fr.,,trumpet pixie-cup,Fungi,Ascomycota,Pezizomycotina,,Lecanoromycetes,Lecanoromycetidae,,Lecanorales,,,Cladoniaceae,,,Cladonia,fimbriata,,,,native,S5 (2010),,confirmed,observed,2010-04-17,Kent Brothers,VMS,,,2016-01-24,Andrew Simon,iNat:39125193,,179037,LIC
Cladonia furcata,(Hudson) Schrader,,many-forked Cladonia,Fungi,Ascomycota,Pezizomycotina,,Lecanoromycetes,Lecanoromycetidae,,Lecanorales,,,Cladoniaceae,,,Cladonia,furcata,,,,native,S5 (2018),,confirmed,observed,1964-05-27,Wilfred B. Schofield,UBC,L3008,,2016-01-28,Andrew Simon,iNat:39125622,,54607,LIC
Cladonia macilenta,Hoffm.,,lipstick powderhorn,Fungi,Ascomycota,Pezizomycotina,,Lecanoromycetes,Lecanoromycetidae,,Lecanorales,,,Cladoniaceae,,,Cladonia,macilenta,,,,native,S4 (2010),,confirmed,observed,1974-06-01,Willa J. Noble,UBC,L36212,,2015-03-04,Andrew Simon,iNat:2566592,,117950,LIC
Cladonia portentosa ssp. pacifica,(Ahti) Ahti,,maritime reindeer lichen,Fungi,Ascomycota,Pezizomycotina,,Lecanoromycetes,Lecanoromycetidae,,Lecanorales,,,Cladoniaceae,,,Cladonia,portentosa,,pacifica,,native,S5 (2010),,confirmed,observed,2000-06-12,Hans Roemer,ER 128 Inventory,,,2015-02-12,Lauren Magner & Andrew Simon,iNat:2565137,,119666,LIC
Cladonia pyxidata,(L.) Hoffm.,,pebbled pixie cup,Fungi,Ascomycota,Pezizomycotina,,Lecanoromycetes,Lecanoromycetidae,,Lecanorales,,,Cladoniaceae,,,Cladonia,pyxidata,,,,native,S5 (2018),,confirmed,observed,1974-06-01,Willa J. Noble,UBC,L36208,,2015-03-24,Lauren Magner & Andrew Simon,iNat:2569437,,123894,LIC
Cladonia rangiferina,(L.) F. H. Wigg.,,grey reindeer lichen,Fungi,Ascomycota,Pezizomycotina,,Lecanoromycetes,Lecanoromycetidae,,Lecanorales,,,Cladoniaceae,,,Cladonia,rangiferina,,,,native,S5 (2018),,confirmed,observed,1974-04-21,Willa J. Noble,UBC,L35639,,2016-08-26,Lauren Magner & Andrew Simon,iNat:3971238,,119778,LIC
Cladonia scabriuscula,(Delise) Leight.,,card-carrying Cladonia,Fungi,Ascomycota,Pezizomycotina,,Lecanoromycetes,Lecanoromycetidae,,Lecanorales,,,Cladoniaceae,,,Cladonia,scabriuscula,,,,native,S5 (2018),,new 2015,observed,,,,,,2015-03-26,Andrew Simon,iNat:2588105,,217148,LIC
Cladonia squamosa,Hoffm.,,dragon pixie,Fungi,Ascomycota,Pezizomycotina,,Lecanoromycetes,Lecanoromycetidae,,Lecanorales,,,Cladoniaceae,,,Cladonia,squamosa,,,,native,S5 (2010),,confirmed,observed,1974-05-31,Willa J. Noble,UBC,L36175,,2015-03-04,Andrew Simon,iNat:2566605,,117963,LIC
Cladonia transcendens,(Vain.) Vain.,,graduated pixie,Fungi,Ascomycota,Pezizomycotina,,Lecanoromycetes,Lecanoromycetidae,,Lecanorales,,,Cladoniaceae,,,Cladonia,transcendens,,,,native,S4 (2010),,new 2017,observed,,,,,,2017-06-18,Andrew Simon,iNat:6714894,,179038,LIC
Cladonia umbricola,Tønsberg & Ahti,,shadow pixie,Fungi,Ascomycota,Pezizomycotina,,Lecanoromycetes,Lecanoromycetidae,,Lecanorales,,,Cladoniaceae,,,Cladonia,umbricola,,,,native,S5 (2018),,confirmed,observed,1977-07-24,Teuvo Ahti & Willa J. Noble,UBC,L37526,,2015-08-28,Andrew Simon,iNat:5288444,,194721,LIC
Cladonia uncialis,(L.) F. H. Wigg.,,thorn lichen,Fungi,Ascomycota,Pezizomycotina,,Lecanoromycetes,Lecanoromycetidae,,Lecanorales,,,Cladoniaceae,,,Cladonia,uncialis,,,,native,SNR,,new 2017,observed,,,,,,2017-04-01,Andrew Simon,iNat:5537636,,121208,LIC
Cladonia verruculosa,(Vainio) Ahti.,,nittygritty pixie,Fungi,Ascomycota,Pezizomycotina,,Lecanoromycetes,Lecanoromycetidae,,Lecanorales,,,Cladoniaceae,,,Cladonia,verruculosa,,,,native,S4 (2010),,confirmed,observed,1963-08-31,Wilfred B. Schofield,UBC,L3352,,2021-05-01,Andrew Simon,iNat:83017058,,155194,LIC
Cladonia wainioi,Savicz.,,reindeer pixie,Fungi,Ascomycota,Pezizomycotina,,Lecanoromycetes,Lecanoromycetidae,,Lecanorales,,,Cladoniaceae,,,Cladonia,wainioi,,,,native,SU (2018),,new 2018,observed,,,,,,2018-02-16,Andrew Simon,iNat:39121650,,182567,LIC
Cliostomum griffithii,(Sm.) Coppins,,multicolored dot lichen,Fungi,Ascomycota,Pezizomycotina,,Lecanoromycetes,Lecanoromycetidae,,Lecanorales,,,Ramalinaceae,,,Cliostomum,griffithii,,,,native,unlisted,,confirmed,observed,1974-05-28,Willa J. Noble,UBC,L14330,,2016-10-16,Andrew Simon,iNat:21055694,,217200,LIC
Collema furfuraceum,(Arnold) Du Rietz.,,effervescent tarpaper lichen,Fungi,Ascomycota,Pezizomycotina,,Lecanoromycetes,Lecanoromycetidae,,Peltigerales,,,Collemataceae,,,Collema,furfuraceum,,,,native,S3S4 (2010),,confirmed,observed,1974-05-28,Willa J. Noble,UBC,L14329,,2016-10-16,Andrew Simon,iNat:4381558,,117947,LIC
Collema nigrescens,(Hudson) DC.,,blistered jelly lichen,Fungi,Ascomycota,Pezizomycotina,,Lecanoromycetes,Lecanoromycetidae,,Peltigerales,,,Collemataceae,,,Collema,nigrescens,,,,native,S4 (2010),,confirmed,observed,1974-05-29,Willa J. Noble,UBC,L14342,,2016-11-03,Andrew Simon,iNat:4491315,,217428,LIC
Collema subflaccidum,Degel.,,wilted tarpaper,Fungi,Ascomycota,Pezizomycotina,,Lecanoromycetes,Lecanoromycetidae,,Peltigerales,,,Collemataceae,,,Collema,subflaccidum,,,,native,S4 (2010),,confirmed,observed,2010-01-26,Terry McIntosh,UBC,L51101,,2016-12-04,Andrew Simon,iNat:4715745,reported as Collema flaccidum by Terry McIntosh but as Collema subflaccidum by Curtis Björk,182552,LIC
Collemopsidium halodytes s.lat.,(Nyl.) Grube & B.D. Ryan,,barnacle lichen,Fungi,Ascomycota,Pezizomycotina,,Incertae sedis,,,Incertae sedis,,,Xanthopyreniaceae,,,Collemopsidium,halodytes,,,,native,unlisted,,reported,unobserved,1976-07-23,Willa J. Noble,UBC,L14859,,,,,reported as Arthopyrenia halodytes,462769,LIC
Cresponea chloroconia,(Tuck.) Egea & Torrente,,,Fungi,Ascomycota,Pezizomycotina,,Arthoniomycetes,,,Arthoniales,,,Opegraphaceae,,,Cresponea,chloroconia,,,,native,S5 (2020),,new 2020,observed,,,,,,2020-11-10,Randal Mindell,iNat:64809961,,217756,LIC
Dermatocarpon intestiniforme,(Körb.) Hasse.,,quilted stippleback,Fungi,Ascomycota,Pezizomycotina,,Eurotiomycetes,Chaetothyriomycetidae,,Verrucariales,,,Verrucariaceae,,,Dermatocarpon,intestiniforme,,,,native,SU (2010),,reported,unobserved,1974-05-31,Willa J. Noble,UBC,L10822,,,,,,218252,LIC
Dermatocarpon leptophyllodes,(Nyl.) Zahlbr.,,jigsaw stippleback,Fungi,Ascomycota,Pezizomycotina,,Eurotiomycetes,Chaetothyriomycetidae,,Verrucariales,,,Verrucariaceae,,,Dermatocarpon,leptophyllodes,,,,native,S4 (2018),,confirmed,observed,1974-05-29,Willa J. Noble,UBC,L10819,,2018-05-24,Andrew Simon,iNat:12817811,,218253,LIC
Dermatocarpon miniatum,(L.) W. Mann,,leather lichen,Fungi,Ascomycota,Pezizomycotina,,Eurotiomycetes,Chaetothyriomycetidae,,Verrucariales,,,Verrucariaceae,,,Dermatocarpon,miniatum,,,,native,S4 (2010),,confirmed,observed,1974-05-29,Willa J. Noble,UBC,L10813,,2016-04-23,Andrew Simon,iNat:3031104,,154129,LIC
Dermatocarpon reticulatum,H. Magn.,,sandpaper stippleback,Fungi,Ascomycota,Pezizomycotina,,Eurotiomycetes,Chaetothyriomycetidae,,Verrucariales,,,Verrucariaceae,,,Dermatocarpon,reticulatum,,,,native,S5 (2018),,confirmed,observed,1974-05-30,Willa J. Noble,UBC,L10806,,2016-06-28,Andrew Simon,iNat:3542956,,218258,LIC
Diploschistes scruposus,(Schreber) Norman,,crater lichen,Fungi,Ascomycota,Pezizomycotina,,Lecanoromycetes,Ostropomycetidae,,Ostropales,,,Graphidaceae,,,Diploschistes,scruposus,,,,native,unlisted,,confirmed,observed,1974-05-29,Willa J. Noble,UBC,L10946,,2015-09-27,Andrew Simon,iNat:2632562,,117945,LIC
Diplotomma penichra,(Tuck.) Szat.,,button lichen,Fungi,Ascomycota,Pezizomycotina,,Lecanoromycetes,Lecanoromycetidae,,Caliciales,,,Caliciaceae,,,Diplotomma,penichra,,,,native,unlisted,,reported,unobserved,1974-05-31,Willa J. Noble,UBC,L37603,,,,,reported as Buellia penichra,218550,LIC
Enchylium tenax,(Sw.) Gray,,tarred tarpaper,Fungi,Ascomycota,Pezizomycotina,,Lecanoromycetes,Lecanoromycetidae,,Peltigerales,,,Collemataceae,,,Enchylium,tenax,,,,native,SU (2019),,new 2021,observed,,,,,,2021-05-03,Andrew Simon,iNat:83031003,,462865,LIC
Ephebe lanata,(L.) Vain.,,waterside rockshag,Fungi,Ascomycota,Pezizomycotina,,Lecanoromycetes,Lecanoromycetidae,,Lichinales,,,Lichinaceae,,,Ephebe,lanata,,,,native,S4 (2019),,reported,unobserved,1962-06-04,Wilfred B. Schofield,UBC,L3830,,,,,,219260,LIC
Evernia prunastri,(L.) Ach.,,antlered oakmoss,Fungi,Ascomycota,Pezizomycotina,,Lecanoromycetes,Lecanoromycetidae,,Lecanorales,,,Parmeliaceae,Parmelioideae,,Evernia,prunastri,,,,native,S4S5 (2010),,confirmed,observed,1974-05-31,Willa J. Noble,UBC,L10843,,2016-02-13,"Alison Colwell, Laura Colwell, & Malcolm Colwell",iNat:3041034,,123175,LIC
Flavoplaca citrina,"(Hoffm.) Arup, Frödén & Søchting",,,Fungi,Ascomycota,Pezizomycotina,,Lecanoromycetes,Lecanoromycetidae,,Teloschistales,,,Teloschistaceae,Xanthorioideae,,Flavoplaca,citrina,,,,native,SU (2020),,new 2017,observed,,,,,,2017-03-25,Andrew Simon,iNat:22597168,,462950,LIC
Flavoplaca flavocitrina,"(Hoffm.) Arup, Frödén & Søchting",,mealy firedot lichen,Fungi,Ascomycota,Pezizomycotina,,Lecanoromycetes,Lecanoromycetidae,,Teloschistales,,,Teloschistaceae,Xanthorioideae,,Flavoplaca,flavocitrina,,,,native,unlisted,,new 2018,observed,,,,,,2018-07-23,Andrew Simon,iNat:14675997,on brick and mortar at post office; collect and confirm,462951,LIC
Flavoplaca marina,"(Wedd.) Arup, Frödén & Søchting",,orange sea lichen,Fungi,Ascomycota,Pezizomycotina,,Lecanoromycetes,Lecanoromycetidae,,Teloschistales,,,Teloschistaceae,Xanthorioideae,,Flavoplaca,marina,,,,native,unlisted,,new 2017,observed,,,,,,2017-03-12,Andrew Simon,iNat:5296400,,462953,LIC
Flavopunctelia flaventior,(Stirton) Hale.,,speckled mantle,Fungi,Ascomycota,Pezizomycotina,,Lecanoromycetes,Lecanoromycetidae,,Lecanorales,,,Parmeliaceae,Parmelioideae,,Flavopunctelia,flaventior,,,,native,S2? (2019),,confirmed,observed,1974-05-28,Willa J. Noble,UBC,L35877,,2016-10-16,Andrew Simon,iNat:4381669,,69436,LIC
Flavopunctelia soredica,(Nyl.) Hale.,,powder-edged speckled mantle,Fungi,Ascomycota,Pezizomycotina,,Lecanoromycetes,Lecanoromycetidae,,Lecanorales,,,Parmeliaceae,Parmelioideae,,Flavopunctelia,soredica,,,,native,unlisted,,new 2016,observed,,,,,,2016-10-16,Andrew Simon,iNat:4381669,,220115,LIC
Fuscopannaria crustacea,P.M. Jørg.,,encrusting crackers,Fungi,Ascomycota,Pezizomycotina,,Lecanoromycetes,Lecanoromycetidae,,Peltigerales,,,Pannariaceae,,,Fuscopannaria,crustacea,,,,native,S1S2 (2019),,reported,unobserved,1974-05-31,Willa J. Noble,UBC,L20704,,,,,,220253,LIC
Fuscopannaria leprosa,P.M. Jørg. & Tønsberg.,,powdered shingle,Fungi,Ascomycota,Pezizomycotina,,Lecanoromycetes,Lecanoromycetidae,,Peltigerales,,,Pannariaceae,,,Fuscopannaria,leprosa,,,,native,unlisted,,reported,unobserved,1974-04-21,Willa J. Noble,UBC,L35665,,,,,,220259,LIC
Fuscopannaria maritima,P.M. Jørg.,,seaside shingle,Fungi,Ascomycota,Pezizomycotina,,Lecanoromycetes,Lecanoromycetidae,,Peltigerales,,,Pannariaceae,,,Fuscopannaria,maritima,,,,native,S4 (2010),,confirmed,observed,1974-06-01,Willa J. Noble,UBC,L20705,,2017-12-22,Andrew Simon,iNat:9237317,,220262,LIC
Fuscopannaria praetermissa,(Nyl.) P.M. Jørg.,,thumbs-up shingle,Fungi,Ascomycota,Pezizomycotina,,Lecanoromycetes,Lecanoromycetidae,,Peltigerales,,,Pannariaceae,,,Fuscopannaria,praetermissa,,,,native,S4 (2010),,confirmed,observed,1974-04-21,Willa J. Noble,UBC,L35656,,2021-05-05,Andrew Simon,iNat:77854389,,220265,LIC
Graphis scripta,(L.) Ach.,,common script lichen,Fungi,Ascomycota,Pezizomycotina,,Lecanoromycetes,Ostropomycetidae,,Ostropales,,,Graphidaceae,,,Graphis,scripta,,,,native,unlisted,,confirmed,observed,1974-05-31,Willa J. Noble,UBC,L10984,,2017-02-16,Andrew Simon,iNat:5122044,,117987,LIC
Gyalolechia xanthostigmoidea,"(Räs.) Søchting, Frödén & Arup.",,firedot lichen,Fungi,Ascomycota,Pezizomycotina,,Lecanoromycetes,Lecanoromycetidae,,Teloschistales,,,Teloschistaceae,Caloplacoideae,,Gyalolechia,xanthostigmoidea,,,,native,unlisted,,confirmed,observed,2010-01-26,Terry McIntosh & Curtis Björk,Bryos and Lichens of Mt Sutil Inventory 2010,,,2018-08-01,Andrew Simon,iNat:15038971,reported as Caloplaca cf xanthostigmoidea,463077,LIC
Hydropunctaria maura,(Wahl.) Keller & Gueidan,,wart lichen,Fungi,Ascomycota,Pezizomycotina,,Eurotiomycetes,Chaetothyriomycetidae,,Verrucariales,,,Verrucariaceae,,,Hydropunctaria,maura,,,,native,unlisted,,confirmed,observed,1974-05-30,Willa J. Noble,UBC,L35924,,2020-04-10,Andrew Simon,iNat:41881729,reported as Verrucaria maura,197141,LIC
Hypocenomyce scalaris,(Ach.) M. Choisy,,charcoal clamshell,Fungi,Ascomycota,Pezizomycotina,,Lecanoromycetes,Umbilicariomycetidae,,Umbilicariales,,,Ophioparmaceae,,,Hypocenomyce,scalaris,,,,native,unlisted,,new 2018,observed,,,,,,2018-07-01,Andrew Simon,iNat:13973313,,117973,LIC
Hypogymnia apinnata,Goward & McCune,,beaded sleeve,Fungi,Ascomycota,Pezizomycotina,,Lecanoromycetes,Lecanoromycetidae,,Lecanorales,,,Parmeliaceae,Parmelioideae,,Hypogymnia,apinnata,,,,native,S5 (2018),,new 2017,observed,,,,,,2017-06-20,Andrew Simon,iNat:7280589,,222045,LIC
Hypogymnia enteromorpha,(Ach.) Nyl.,,inflatable bone,Fungi,Ascomycota,Pezizomycotina,,Lecanoromycetes,Lecanoromycetidae,,Lecanorales,,,Parmeliaceae,Parmelioideae,,Hypogymnia,enteromorpha,,,,native,S5 (2018),,confirmed,observed,1974-05-31,Willa J. Noble,UBC,L36168,,2016-03-22,Andrew Simon,iNat:2819286,,222048,LIC
Hypogymnia imshaugii,Krog,,forking bone,Fungi,Ascomycota,Pezizomycotina,,Lecanoromycetes,Lecanoromycetidae,,Lecanorales,,,Parmeliaceae,Parmelioideae,,Hypogymnia,imshaugii,,,,native,S5 (2018),,confirmed,observed,1974-05-29,Willa J. Noble,UBC,L37597,,2016-03-22,Andrew Simon,iNat:2819332,,179042,LIC
Hypogymnia inactiva,(Krog) Ohlsson,,wish bone,Fungi,Ascomycota,Pezizomycotina,,Lecanoromycetes,Lecanoromycetidae,,Lecanorales,,,Parmeliaceae,Parmelioideae,,Hypogymnia,inactiva,,,,native,S4 (2010),,confirmed,observed,1974-05-31,Willa J. Noble,UBC,L36199,,2017-03-30,Andrew Simon,iNat:5525983,,126597,LIC
Hypogymnia occidentalis,L.H. Pike,,budding bone,Fungi,Ascomycota,Pezizomycotina,,Lecanoromycetes,Lecanoromycetidae,,Lecanorales,,,Parmeliaceae,Parmelioideae,,Hypogymnia,occidentalis,,,,native,S5 (2018),,new 2017,observed,,,,,,2017-06-20,Andrew Simon,iNat:7280579,,222055,LIC
Hypogymnia physodes,(L.) Nyl.,,monk’s hood,Fungi,Ascomycota,Pezizomycotina,,Lecanoromycetes,Lecanoromycetidae,,Lecanorales,,,Parmeliaceae,Parmelioideae,,Hypogymnia,physodes,,,,native,S5 (2018),,confirmed,observed,1974-05-31,Willa J. Noble,UBC,L37601,,2016-01-22,Andrew Simon,iNat:2608952,,117971,LIC
Hypogymnia tubulosa,(Schaer.) Hav.,,dog bone,Fungi,Ascomycota,Pezizomycotina,,Lecanoromycetes,Lecanoromycetidae,,Lecanorales,,,Parmeliaceae,Parmelioideae,,Hypogymnia,tubulosa,,,,native,S5 (2018),,new 2016,observed,,,,,,2016-02-13,Andrew Simon,iNat:2679358,,179720,LIC
Icmadophila ericetorum,(L.) Zahlbr.,,candy lichen,Fungi,Ascomycota,Pezizomycotina,,Lecanoromycetes,Ostropomycetidae,,Pertusariales,,,Icmadophilaceae,,,Icmadophila,ericetorum,,,,native,unlisted,,new 2018,observed,,,,,,2018-11-17,Kevin Toomer,iNat:18458029,,119695,LIC
Ionaspis lacustris,(With.) Lutzoni,,rusty brook lichen,Fungi,Ascomycota,Pezizomycotina,,Lecanoromycetes,Ostropomycetidae,,Hymeneliales,,,Hymeneliaceae,,,Ionaspis,lacustris,,,,native,unlisted,,reported,unobserved,1974-06-01,Willa J. Noble,UBC,L36219,,,,,,222258,LIC
Japewia tornoensis,(Nyl.) Tønsberg,,hidden dot lichen,Fungi,Ascomycota,Pezizomycotina,,Lecanoromycetes,Lecanoromycetidae,,Lecanorales,,,Ramalinaceae,,,Japewia,tornoensis,,,,native,unlisted,,reported,unobserved,1974-05-24,Willa J. Noble,UBC,L10949,,,,,,222464,LIC
Lathagrium cristatum,"(L.) Otálora, P.M. Jørg. & Wedin.",,,Fungi,Ascomycota,Pezizomycotina,,Lecanoromycetes,Lecanoromycetidae,,Peltigerales,,,Collemataceae,,,Lathagrium,cristatum,,,,native,unlisted,,new 2021,observed,,,,,,2021-05-03,Andrew Simon,iNat:83031022,,463177,LIC
Lathagrium fuscovirens,"(With.) Otálora, P.M. Jørg. & Wedin",,cellulitic tarpaper,Fungi,Ascomycota,Pezizomycotina,,Lecanoromycetes,Lecanoromycetidae,,Peltigerales,,,Collemataceae,,,Lathagrium,fuscovirens,,,,native,S5 (2019),,new 2020,observed,,,,,,2020-11-10,Kevin Toomer,iNat:64809569,,463179,LIC
Lecania dudleyi,Herre,,rim lichen,Fungi,Ascomycota,Pezizomycotina,,Lecanoromycetes,Lecanoromycetidae,,Lecanorales,,,Ramalinaceae,,,Lecania,dudleyi,,,,native,unlisted,,confirmed,observed,1974-05-29,Willa J. Noble,UBC,L20697,,2020-06-10,Andrew Simon,iNat:49193134,,222792,LIC
Lecanora bicincta,Ramond,,rim lichen,Fungi,Ascomycota,Pezizomycotina,,Lecanoromycetes,Lecanoromycetidae,,Lecanorales,,,Lecanoraceae,,,Lecanora,bicincta,,,,native,unlisted,,new 2017,observed,,,,,,2017-05-18,Andrew Simon,iNat:22641977,,222826,LIC
Lecanora campestris,(Schaer.) Hue,,rim lichen,Fungi,Ascomycota,Pezizomycotina,,Lecanoromycetes,Lecanoromycetidae,,Lecanorales,,,Lecanoraceae,,,Lecanora,campestris,,,,native,unlisted,,reported,unobserved,1974-05-30,Willa J. Noble,UBC,L35939,,,,,,222833,LIC
Lecanora confusa,Almb.,,rim lichen,Fungi,Ascomycota,Pezizomycotina,,Lecanoromycetes,Lecanoromycetidae,,Lecanorales,,,Lecanoraceae,,,Lecanora,confusa,,,,native,unlisted,,confirmed,observed,1974-05-31,Willa J. Noble,UBC,L2377,,2016-10-07,Andrew Simon,iNat:4296044,,222844,LIC
Lecanora hybocarpa,(Tuck.) Brodo,,bumpy rim lichen,Fungi,Ascomycota,Pezizomycotina,,Lecanoromycetes,Lecanoromycetidae,,Lecanorales,,,Lecanoraceae,,,Lecanora,hybocarpa,,,,native,unlisted,,confirmed,observed,2010-01-26,Terry McIntosh & Curtis Björk,Bryos and Lichens of Mt Sutil Inventory 2010,,,2018-12-25,Andrew Simon,iNat:19876215,,155095,LIC
Lecanora pacifica,Tuck.,,multicolored rim lichen,Fungi,Ascomycota,Pezizomycotina,,Lecanoromycetes,Lecanoromycetidae,,Lecanorales,,,Lecanoraceae,,,Lecanora,pacifica,,,,native,unlisted,,confirmed,observed,2010-01-26,Terry McIntosh & Curtis Björk,Bryos and Lichens of Mt Sutil Inventory 2010,,,2016-10-16,Andrew Simon,iNat:4390097,,117970,LIC
Lecanora polytropa,(Hoffm.) Rabenh.,,granite-speck rim lichen,Fungi,Ascomycota,Pezizomycotina,,Lecanoromycetes,Lecanoromycetidae,,Lecanorales,,,Lecanoraceae,,,Lecanora,polytropa,,,,native,unlisted,,reported,unobserved,1974-06-01,Willa J. Noble,UBC,L36216,,,,,,182558,LIC
Lecanora rupicola,(L.) Zahlbr. ,,white rim lichen,Fungi,Ascomycota,Pezizomycotina,,Lecanoromycetes,Lecanoromycetidae,,Lecanorales,,,Lecanoraceae,,,Lecanora,rupicola,,,,native,S5 (2020),,new 2016,observed,,,,,,2016-04-23,Andrew Simon,iNat:3027508,,222936,LIC
Lecanora sulphurea,(Hoffm.) Ach.,,brimstone tile lichen,Fungi,Ascomycota,Pezizomycotina,,Lecanoromycetes,Lecanoromycetidae,,Lecanorales,,,Lecanoraceae,,,Lecanora,sulphurea,,,,native,unlisted,,reported,unobserved,1974-05-29,Willa J. Noble,UBC,L20699,,,,,,222956,LIC
Lecanora symmicta,(Ach.) Ach.,,fused rim lichen,Fungi,Ascomycota,Pezizomycotina,,Lecanoromycetes,Lecanoromycetidae,,Lecanorales,,,Lecanoraceae,,,Lecanora,symmicta,,,,native,unlisted,,reported,unobserved,1974-05-31,Willa J. Noble,UBC,L36195,,,,,,222957,LIC
Lecanora xylophila,Hue,,driftwood rim lichen,Fungi,Ascomycota,Pezizomycotina,,Lecanoromycetes,Lecanoromycetidae,,Lecanorales,,,Lecanoraceae,,,Lecanora,xylophila,,,,native,unlisted,,confirmed,observed,1974-05-30,Willa J. Noble,UBC,L12448,,2017-05-19,Andrew Simon,iNat:9199365,syn. Lecanora grantii,117966,LIC
Lecidea albofuscescens,Nyl.,,tile lichen,Fungi,Ascomycota,Pezizomycotina,,Lecanoromycetes,Lecanoromycetidae,,Lecideales,,,Lecideaceae,,,Lecidea,albofuscescens,,,,native,unlisted,,reported,unobserved,2010-01-26,Terry McIntosh & Curtis Björk,Bryos and Lichens of Mt Sutil Inventory 2010,,,,,,,222979,LIC
Lecidea fuscoatra,(L.) Ach.,,tile lichen,Fungi,Ascomycota,Pezizomycotina,,Lecanoromycetes,Lecanoromycetidae,,Lecideales,,,Lecideaceae,,,Lecidea,fuscoatra,,,,native,unlisted,,new 2017,observed,,,,,,2017-05-19,Andrew Simon,iNat:22643567,,154105,LIC
Lecidea mannii,Tuck.,,tile lichen,Fungi,Ascomycota,Pezizomycotina,,Lecanoromycetes,Lecanoromycetidae,,Lecideales,,,Lecideaceae,,,Lecidea,mannii,,,,native,unlisted,,reported,unobserved,1974-05-28,Willa J. Noble,UBC,L35896,,,,,,223050,LIC
Lecidella asema,(Nyl.) Knoph & Hertel,,disk lichen,Fungi,Ascomycota,Pezizomycotina,,Lecanoromycetes,Lecanoromycetidae,,Lecanorales,,,Lecanoraceae,,,Lecidella,asema,,,,native,unlisted,,confirmed,observed,1974-05-30,Willa J. Noble,UBC,L36167,,2016-11-04,Andrew Simon,iNat:4497768,,205694,LIC
Lecidella stigmatea,(Ach.) Hertel & Leuckert,,rock disk lichen,Fungi,Ascomycota,Pezizomycotina,,Lecanoromycetes,Lecanoromycetidae,,Lecanorales,,,Lecanoraceae,,,Lecidella,stigmatea,,,,native,unlisted,,confirmed,observed,1974-05-30,Willa J. Noble,UBC,L35919,,2016-10-16,Andrew Simon,iNat:9263649,,179366,LIC
Lepra amara,(Ach.) Nyl.,,bitter wart lichen,Fungi,Ascomycota,Pezizomycotina,,Lecanoromycetes,Ostropomycetidae,,Pertusariales,,,Pertusariaceae,,,Lepra,amara,,,,native,unlisted,,confirmed,observed,1974-05-30,Willa J. Noble,UBC,L35940,,2015-03-04,Andrew Simon,iNat:2566370,reported as Pertusaria amara,630835,LIC
Lepraria finkii,(B. de Lesd.) R.C. Harris,,dust lichen,Fungi,Ascomycota,Pezizomycotina,,Lecanoromycetes,Lecanoromycetidae,,Lecanorales,,,Stereocaulaceae,,,Lepraria,finkii,,,,native,unlisted,,new 2017,observed,,,,,,2017-03-14,Andrew Simon,iNat:5309680,,463344,LIC
Lepraria incana,(L.) Ach.,,dust lichen,Fungi,Ascomycota,Pezizomycotina,,Lecanoromycetes,Lecanoromycetidae,,Lecanorales,,,Stereocaulaceae,,,Lepraria,incana,,,,native,unlisted,,reported,unobserved,2009-05-16,Kent Brothers,VMS,,,,,,,223257,LIC
Lepraria nivalis,J.R. Laundon.,,snowy dust lichen,Fungi,Ascomycota,Pezizomycotina,,Lecanoromycetes,Lecanoromycetidae,,Lecanorales,,,Stereocaulaceae,,,Lepraria,nivalis,,,,native,unlisted,,new 2017,observed,,,,,,2017-04-20,Andrew Simon,iNat:5886446,,223259,LIC
Lepraria subalbicans,(Th. Fr.) Lendemer & Hodkinson,,dust lichen,Fungi,Ascomycota,Pezizomycotina,,Lecanoromycetes,Lecanoromycetidae,,Lecanorales,,,Stereocaulaceae,,,Lepraria,subalbicans,,,,native,unlisted,,new 2017,observed,,,,,,2017-03-25,Andrew Simon,iNat:22642562,,463357,LIC
Leproplaca chrysodeta,(Vain. ex Räsänen) J.R.Laundon,,mustard firedot,Fungi,Ascomycota,Pezizomycotina,,Lecanoromycetes,Lecanoromycetidae,,Teloschistales,,,Teloschistaceae,Caloplacoideae,,Leproplaca,chrysodeta,,,,native,unlisted,,new 2015,observed,,,,,,2015-02-22,Andrew Simon,iNat:2566221,,463369,LIC
Leproplaca obliterans,"(Nyl.) Arup, Frödén & Søchting",,firedot lichen,Fungi,Ascomycota,Pezizomycotina,,Lecanoromycetes,Lecanoromycetidae,,Teloschistales,,,Teloschistaceae,Caloplacoideae,,Leproplaca,obliterans,,,,native,unlisted,,reported,unobserved,1974-06-01,Willa J. Noble,UBC,L36201,,,,,reported as Caloplaca obliterans,463370,LIC
Leptochidium albociliatum,(Desmaz.) Choisy.,,whiskered codger,Fungi,Ascomycota,Pezizomycotina,,Lecanoromycetes,Lecanoromycetidae,,Peltigerales,,,Massalongiaceae,,,Leptochidium,albociliatum,,,,native,S3S4 (2010),,new 2017,observed,,,,,,2017-03-25,Andrew Simon,iNat:5471413,,223432,LIC
Leptogium pseudofurfuraceum,P.M. Jørg. & Wallace,,concentric vinyl,Fungi,Ascomycota,Pezizomycotina,,Lecanoromycetes,Lecanoromycetidae,,Peltigerales,,,Collemataceae,,,Leptogium,pseudofurfuraceum,,,,native,S4 (2019),,new 2017,observed,,,,,,2017-03-30,Andrew Simon,iNat:5516443,,223476,LIC
Letharia vulpina,(L.) Hue,,timber wolf,Fungi,Ascomycota,Pezizomycotina,,Lecanoromycetes,Lecanoromycetidae,,Lecanorales,,,Parmeliaceae,Parmelioideae,,Letharia,vulpina,,,,native,S5 (2018),,confirmed,observed,2010-04-17,Kent Brothers,VMS,,,2018-05-08,Andrew Simon,iNat:12287790,,54613,LIC
Lichenomphalia umbellifera,"(L.) Redhead, Lutzoni, Moncalvo & Vilgalys",,heath navel,Fungi,Basidiomycota,Agaricomycotina,,Agaricomycetes,,,Agaricales,,,Hygrophoraceae,,,Lichenomphalia,umbellifera,,,,native,unlisted,,confirmed,observed,2016-11,Rene Zich,15th Galiano Mushroom Festival List,,,2015-02-12,Lauren Magner & Andrew Simon,iNat:2565733,,118245,LIC
Lobaria anomala,(Brodo & Ahti) T. Sprib. & McCune.,,netted specklebelly,Fungi,Ascomycota,Pezizomycotina,,Lecanoromycetes,Lecanoromycetidae,,Peltigerales,,,Lobariaceae,,,Lobaria,anomala,,,,native,S3S4 (2010),,confirmed,observed,1974-05-28,Willa J. Noble,UBC,L14335,,2018-03-18,Andrew Simon,iNat:10306713,reported as Pseudocyphellaria anomala,463448,LIC
Lobaria pulmonaria,(L.) Hoffm.,,lungwort,Fungi,Ascomycota,Pezizomycotina,,Lecanoromycetes,Lecanoromycetidae,,Peltigerales,,,Lobariaceae,,,Lobaria,pulmonaria,,,,native,S5 (2010),,confirmed,observed,1974-05-29,Willa J. Noble,UBC,L14341,,2015-02-12,Lauren Magner & Andrew Simon,iNat:2565168,,48711,LIC
Lobaria scrobiculata,(Scop.) DC.,,textured lung,Fungi,Ascomycota,Pezizomycotina,,Lecanoromycetes,Lecanoromycetidae,,Peltigerales,,,Lobariaceae,,,Lobaria,scrobiculata,,,,native,S4 (2010),,confirmed,observed,1974-05-28,Willa J. Noble,UBC,L14333,,2016-12-04,Andrew Simon,iNat:4716501,,117850,LIC
Massalongia carnosa,(Dicks.) Körb.,,rockmoss rosette,Fungi,Ascomycota,Pezizomycotina,,Lecanoromycetes,Lecanoromycetidae,,Peltigerales,,,Massalongiaceae,,,Massalongia,carnosa,,,,native,S4 (2010),,confirmed,observed,1974-05-29,Willa J. Noble,UBC,L14340,,2017-03-25,Andrew Simon,iNat:5483241,,224470,LIC
Melanelixia fuliginosa,(Fr. ex Duby) Essl.,,shiny camouflage,Fungi,Ascomycota,Pezizomycotina,,Lecanoromycetes,Lecanoromycetidae,,Lecanorales,,,Parmeliaceae,Parmelioideae,,Melanelixia,fuliginosa,,,,native,S4 (2010),,reported,unobserved,1974-05-31,Willa J. Noble,UBC,L36185,,,,,reported as Melanelia fuliginosa,345339,LIC
Melanelixia glabratula,(Lamy) Sandler & Arup,,camouflage lichen,Fungi,Ascomycota,Pezizomycotina,,Lecanoromycetes,Lecanoromycetidae,,Lecanorales,,,Parmeliaceae,Parmelioideae,,Melanelixia,glabratula,,,,native,unlisted,,confirmed,observed,1974-06-01,Willa J. Noble,UBC,L36218,,2015-10-08,Lauren Magner & Andrew Simon,iNat:2647572,,463479,LIC
Melanelixia subaurifera,"(Nyl.) O. Blanco, A. Crespo, Divakar, Essl., D. Hawksw. & Lumbsch",,abraded camouflage lichen,Fungi,Ascomycota,Pezizomycotina,,Lecanoromycetes,Lecanoromycetidae,,Lecanorales,,,Parmeliaceae,Parmelioideae,,Melanelixia,subaurifera,,,,native,S5 (2010),,new 2015,observed,,,,,,2015-10-08,Lauren Magner & Andrew Simon,iNat:2647580,,194686,LIC
Melanohalea exasperatula,"(Nyl.) O. Blanco, A. Crespo, Divakar, Essl., D. Hawksw. & Lumbsch",,lustrous camouflage,Fungi,Ascomycota,Pezizomycotina,,Lecanoromycetes,Lecanoromycetidae,,Lecanorales,,,Parmeliaceae,Parmelioideae,,Melanohalea,exasperatula,,,,native,S5 (2018),,confirmed,observed,1974-05-31,Willa J. Noble,UBC,L36186,,2019-01-11,Andrew Simon,iNat:19600899,,463485,LIC
Menegazzia subsimilis,(H. Magn.) R. Sant.,,tragic flute,Fungi,Ascomycota,Pezizomycotina,,Lecanoromycetes,Lecanoromycetidae,,Lecanorales,,,Parmeliaceae,Parmelioideae,,Menegazzia,subsimilis,,,,native,S4 (2010),,new 2018,observed,,,,,,2018-07-01,Andrew Simon,iNat:13974445,,194700,LIC
Menegazzia terebrata,(Hoffm.) A. Massal.,,magic flute,Fungi,Ascomycota,Pezizomycotina,,Lecanoromycetes,Lecanoromycetidae,,Lecanorales,,,Parmeliaceae,Parmelioideae,,Menegazzia,terebrata,,,,native,S4 (2010),,new 2018,observed,,,,,,2018-07-01,Andrew Simon,iNat:13974450,,123677,LIC
Micarea micrococca,(Körber) W. Gams ex Coppins,,shadow dot lichen,Fungi,Ascomycota,Pezizomycotina,,Lecanoromycetes,Lecanoromycetidae,,Lecanorales,,,Pilocarpaceae,,,Micarea,micrococca,,,,native,unlisted,,new 2015,observed,,,,,,2015-11-05,Andrew Simon,iNat:21057023,,463518,LIC
Micarea peliocarpa,(Anzi) Coppins,,shadow dot lichen,Fungi,Ascomycota,Pezizomycotina,,Lecanoromycetes,Lecanoromycetidae,,Lecanorales,,,Pilocarpaceae,,,Micarea,peliocarpa,,,,native,unlisted,,confirmed,observed,1974-05-31,Willa J. Noble,UBC,L20474,,2019-04-29,Andrew Simon,iNat:24768231,,225038,LIC
Montanelia panniformis,(Nyl.) Vainio.,,overlapping camouflage,Fungi,Ascomycota,Pezizomycotina,,Lecanoromycetes,Lecanoromycetidae,,Lecanorales,,,Parmeliaceae,Parmelioideae,,Montanelia,panniformis,,,,native,S5 (2018),,new 2021,observed,,,,,,2021-05-03,Andrew Simon,iNat:81146972,,463542,LIC
Multiclavula corynoides,(Peck) R. Petersen,,,Fungi,Basidiomycota,Agaricomycotina,,Agaricomycetes,,,Cantharellales,,,Clavulinaceae,,,Multiclavula,corynoides,,,,,,,XXXXXX,observed,,,,,,2021-03-13,"Dave “Zeuss"" Cochrane",iNat:71175204,,199687,LIC
Mycoblastus affinis,(Schaer.) T. Schauer,,white heart lichen,Fungi,Ascomycota,Pezizomycotina,,Lecanoromycetes,Lecanoromycetidae,,Lecanorales,,,Tephromelataceae,,,Mycoblastus,affinis,,,,native,unlisted,,new 2017,observed,,,,,,2017-10-26,Andrew Simon,iNat:8594091,,182698,LIC
Mycoporum antecellens,(Nyl.) R.C. Harris,,,Fungi,Ascomycota,Pezizomycotina,,Dothideomycetes,Pleosporomycetidae,,Pleosporales,,,Mycoporaceae,,,Mycoporum,antecellens,,,,native,SU (2020),,new 2021,observed,,,,,,2021-11-03,Randal Mindell,iNat:100262224,,463557,LIC
Myriolecis dispersa,"(Pers.) Śliwa, Zhao Xin & Lumbsch",,mortar rim lichen,Fungi,Ascomycota,Pezizomycotina,,Lecanoromycetes,Lecanoromycetidae,,Lecanorales,,,Lecanoraceae,,,Myriolecis,dispersa,,,,native,unlisted,,confirmed,observed,1974-05-29,Willa J. Noble,UBC,L35914,,2017-12-22,Andrew Simon,iNat:9237202,reported as Lecanora dispersa,532146,LIC
Myriolecis hagenii,(Ach.) Ach.,,Hagen’s rim lichen,Fungi,Ascomycota,Pezizomycotina,,Lecanoromycetes,Lecanoromycetidae,,Lecanorales,,,Lecanoraceae,,,Myriolecis,hagenii,,,,native,unlisted,,reported,unobserved,2010-01-26,Terry McIntosh & Curtis Björk,Bryos and Lichens of Mt Sutil Inventory 2010,,,,,,,532149,LIC
Myriolecis schofieldii,"Brodo) Śliwa, Zhao Xin & Lumbsch",,Schofield’s rim lichen,Fungi,Ascomycota,Pezizomycotina,,Lecanoromycetes,Lecanoromycetidae,,Lecanorales,,,Lecanoraceae,,,Myriolecis,schofieldii,,,,native,unlisted,,reported,unobserved,1974-05-30,Willa J. Noble,UBC,L26791,,,,,,532156,LIC
Nephroma laevigatum,Ach.,,mustard paw,Fungi,Ascomycota,Pezizomycotina,,Lecanoromycetes,Lecanoromycetidae,,Peltigerales,,,Nephromataceae,,,Nephroma,laevigatum,,,,native,S3S4 (2010),,confirmed,observed,1974-05-31,Willa J. Noble,UBC,L10896,,2016-09-03,Andrew Simon,iNat:4030003,,117847,LIC
Nephroma parile,(Ach.) Ach.,,powdered paw,Fungi,Ascomycota,Pezizomycotina,,Lecanoromycetes,Lecanoromycetidae,,Peltigerales,,,Nephromataceae,,,Nephroma,parile,,,,native,S5 (2018),,reported,unobserved,2010-01-26,Terry McIntosh & Curtis Björk,Bryos and Lichens of Mt Sutil Inventory 2010,,,,,,,182501,LIC
Nephroma resupinatum,(L.) Ach.,,pimpled paw,Fungi,Ascomycota,Pezizomycotina,,Lecanoromycetes,Lecanoromycetidae,,Peltigerales,,,Nephromataceae,,,Nephroma,resupinatum,,,,native,S4 (2018),,new 2017,observed,,,,,,2017-10-26,Andrew Simon,iNat:8591087,,203975,LIC
Normandina pulchella,(Borrer) Nyl.,,elf-ear lichen,Fungi,Ascomycota,Pezizomycotina,,Eurotiomycetes,Chaetothyriomycetidae,,Verrucariales,,,Verrucariaceae,,,Normandina,pulchella,,,,native,unlisted,,reported,unobserved,1974-04-01,Willa J. Noble,UBC,L10927,,,,,,117861,LIC
Ochrolechia androgyna,(Hoffm.) Arnold.,,powdery saucer,Fungi,Ascomycota,Pezizomycotina,,Lecanoromycetes,Ostropomycetidae,,Pertusariales,,,Ochrolechiaceae,,,Ochrolechia,androgyna,,,,native,unlisted,,new 2015,observed,,,,,,2015-03-13,Lauren Magner & Andrew Simon,iNat:2585132,,203835,LIC
Ochrolechia farinacea,G.E. Howard,,farinose saucer,Fungi,Ascomycota,Pezizomycotina,,Lecanoromycetes,Ostropomycetidae,,Pertusariales,,,Ochrolechiaceae,,,Ochrolechia,farinacea,,,,native,unlisted,,confirmed,observed,2010-01-26,Terry McIntosh & Curtis Björk,Bryos and Lichens of Mt Sutil Inventory 2010,,,2016-10-20,Andrew Simon,iNat:5133500,,226111,LIC
Ochrolechia laevigata,(Rasanen) Verseghy ex Brodo,,smooth saucer,Fungi,Ascomycota,Pezizomycotina,,Lecanoromycetes,Ostropomycetidae,,Pertusariales,,,Ochrolechiaceae,,,Ochrolechia,laevigata,,,,native,unlisted,,confirmed,observed,1977-07-24,Teuvo Ahti,UBC,L6878,,2016-10-16,Andrew Simon,iNat:4381767,,179755,LIC
Ochrolechia oregonensis,H. Magn.,,double-rimmed saucer,Fungi,Ascomycota,Pezizomycotina,,Lecanoromycetes,Ostropomycetidae,,Pertusariales,,,Ochrolechiaceae,,,Ochrolechia,oregonensis,,,,native,unlisted,,confirmed,observed,1974-05-31,Willa J. Noble,UBC,L36173,,2016-10-13,Sarah Tweedale & Andrew Simon,iNat:4343884,,124442,LIC
Ochrolechia subpallescens,Verseghy.,,saucer lichen,Fungi,Ascomycota,Pezizomycotina,,Lecanoromycetes,Ostropomycetidae,,Pertusariales,,,Ochrolechiaceae,,,Ochrolechia,subpallescens,,,,native,unlisted,,new 2016,observed,,,,,,2016-11-03,Andrew Simon,iNat:5133792,,117862,LIC
Ochrolechia upsaliensis,(L.) A. Massal.,,tundra saucer,Fungi,Ascomycota,Pezizomycotina,,Lecanoromycetes,Ostropomycetidae,,Pertusariales,,,Ochrolechiaceae,,,Ochrolechia,upsaliensis,,,,native,unlisted,,confirmed,observed,1974-05-29,Willa J. Noble,UBC,L14343,,2018-03-18,Andrew Simon,iNat:10306015,,226129,LIC
Ochrolechia xanthostoma,(Sommerf.) K. Schmitz & Lumbsch,,saucer lichen,Fungi,Ascomycota,Pezizomycotina,,Lecanoromycetes,Ostropomycetidae,,Pertusariales,,,Ochrolechiaceae,,,Ochrolechia,xanthostoma,,,,native,SU (2020),,new 2021,observed,,,,,,2021-11-03,Randal Mindell,iNat:100262210,,226130,LIC
Parmelia hygrophila,Goward & Ahti,,granulating crottle,Fungi,Ascomycota,Pezizomycotina,,Lecanoromycetes,Lecanoromycetidae,,Lecanorales,,,Parmeliaceae,Parmelioideae,,Parmelia,hygrophila,,,,native,S5 (2010),,confirmed,observed,2011-05-14,Kent Brothers,VMS,,,2017-04-30,Andrew Simon,iNat:6047538,,194661,LIC
Parmelia saxatilis,(L.) Ach.,,salted crottle,Fungi,Ascomycota,Pezizomycotina,,Lecanoromycetes,Lecanoromycetidae,,Lecanorales,,,Parmeliaceae,Parmelioideae,,Parmelia,saxatilis,,,,native,S5 (2010),,confirmed,observed,1974-05-30,Willa J. Noble,UBC,L35923,,2015-05-14,Andrew Simon,iNat:2617727,,117860,LIC
Parmelia squarrosa,Hale,,bottlebrush crottle,Fungi,Ascomycota,Pezizomycotina,,Lecanoromycetes,Lecanoromycetidae,,Lecanorales,,,Parmeliaceae,Parmelioideae,,Parmelia,squarrosa,,,,native,S3S4 (2010),,new 2017,observed,,,,,,2017-02-11,Andrew Simon,iNat:5094708,,125728,LIC
Parmelia sulcata,Taylor,,hammered crottle,Fungi,Ascomycota,Pezizomycotina,,Lecanoromycetes,Lecanoromycetidae,,Lecanorales,,,Parmeliaceae,Parmelioideae,,Parmelia,sulcata,,,,native,S5 (2010),,confirmed,observed,1974-06-01,Willa J. Noble,UBC,L36214,,2016-04-23,Andrew Simon,iNat:3031163,,54734,LIC
Parmeliopsis ambigua,(Wulfen) Nyl.,,green starburst,Fungi,Ascomycota,Pezizomycotina,,Lecanoromycetes,Lecanoromycetidae,,Lecanorales,,,Parmeliaceae,Parmelioideae,,Parmeliopsis,ambigua,,,,native,S5 (2018),,new 2018,observed,,,,,,2018-06-09,Andrew Simon,iNat:13296686,,182652,LIC
Parmotrema arnoldii,(Du Rietz) Hale,,king ruffle,Fungi,Ascomycota,Pezizomycotina,,Lecanoromycetes,Lecanoromycetidae,,Lecanorales,,,Parmeliaceae,Parmelioideae,,Parmotrema,arnoldii,,,,native,S4 (2010),,confirmed,observed,1974-06-13,Willa J. Noble,UBC,L36498,,2015-03-09,Andrew Simon,iNat:2572195,,123349,LIC
Peltigera aphthosa,(L.) Willd.,,silver-lined pelt,Fungi,Ascomycota,Pezizomycotina,,Lecanoromycetes,Lecanoromycetidae,,Peltigerales,,,Peltigeraceae,,,Peltigera,aphthosa,,,,native,S5 (2018),,reported,unobserved,1977-07-24,Teuvo Ahti,UBC,L11159,,,,,,119675,LIC
Peltigera britannica,(Gyelnik) Holtan-Hartwig & Tønsb.,,flaky freckle pelt,Fungi,Ascomycota,Pezizomycotina,,Lecanoromycetes,Lecanoromycetidae,,Peltigerales,,,Peltigeraceae,,,Peltigera,britannica,,,,native,S5 (2018),,new 2015,observed,,,,,,2015-03-07,Andrew Simon,iNat:2572163,,119677,LIC
Peltigera canina,(L.) Willd.,,dog pelt,Fungi,Ascomycota,Pezizomycotina,,Lecanoromycetes,Lecanoromycetidae,,Peltigerales,,,Peltigeraceae,,,Peltigera,canina,,,,native,S5 (2018),,new 2017,observed,,,,,,2017-10-26,Andrew Simon,iNat:8593390,,180500,LIC
Peltigera collina,(Ach.) Schrad.,,tree pelt,Fungi,Ascomycota,Pezizomycotina,,Lecanoromycetes,Lecanoromycetidae,,Peltigerales,,,Peltigeraceae,,,Peltigera,collina,,,,native,S4S5 (2010),,confirmed,observed,1974-06-01,Willa J. Noble,UBC,L1584,,2015-03-13,Lauren Magner & Andrew Simon,iNat:2580212,,194736,LIC
Peltigera degenii,Gyelnik.,,lustrous pelt,Fungi,Ascomycota,Pezizomycotina,,Lecanoromycetes,Lecanoromycetidae,,Peltigerales,,,Peltigeraceae,,,Peltigera,degenii,,,,native,S4 (2018),,confirmed,observed,1962-06-03,Wilfred B. Schofield,UBC,L6671,,2019-05-27,Andrew Simon,iNat:25912190,,179748,LIC
Peltigera didactyla,(With.) J.R. Laundon.,,temporary pelt,Fungi,Ascomycota,Pezizomycotina,,Lecanoromycetes,Lecanoromycetidae,,Peltigerales,,,Peltigeraceae,,,Peltigera,didactyla,,,,native,S5 (2018),,reported,unobserved,1974-05-31,Willa J. Noble,UBC,L19583,,,,,,180444,LIC
Peltigera hymenina,(Ach.) Delise.,,nebulous pelt,Fungi,Ascomycota,Pezizomycotina,,Lecanoromycetes,Lecanoromycetidae,,Peltigerales,,,Peltigeraceae,,,Peltigera,hymenina,,,,native,S3S4 (2018),,confirmed,observed,1962-06-04,Wilfred B. Schofield,UBC,L6637,,2017-04-24,Andrew Simon,iNat:39130368,,69730,LIC
Peltigera leucophlebia,(Nyl.) Gyelnik.,,ruffled freckled pelt,Fungi,Ascomycota,Pezizomycotina,,Lecanoromycetes,Lecanoromycetidae,,Peltigerales,,,Peltigeraceae,,,Peltigera,leucophlebia,,,,native,S5 (2018),,confirmed,observed,1974-05-29,Willa J. Noble,UBC,L3090,,2017-04-02,Andrew Simon,iNat:5551327,,119676,LIC
Peltigera membranacea,(Ach.) Nyl.,,membranous pelt,Fungi,Ascomycota,Pezizomycotina,,Lecanoromycetes,Lecanoromycetidae,,Peltigerales,,,Peltigeraceae,,,Peltigera,membranacea,,,,native,S5 (2018),,confirmed,observed,1974-05-31,Willa J. Noble,UBC,L36200,,2014-09-27,Andrew Simon,iNat:2632382,,117858,LIC
Peltigera neckeri,Hepp ex Müll.Arg.,,black-saddle pelt,Fungi,Ascomycota,Pezizomycotina,,Lecanoromycetes,Lecanoromycetidae,,Peltigerales,,,Peltigeraceae,,,Peltigera,neckeri,,,,native,S4 (2019),,new 2021,observed,,,,,,2021-06-14,Andrew Simon,iNat:83096618,,69729,LIC
Peltigera neopolydactyla,(Gyeln.) Gyeln.,,undulating pelt,Fungi,Ascomycota,Pezizomycotina,,Lecanoromycetes,Lecanoromycetidae,,Peltigerales,,,Peltigeraceae,,,Peltigera,neopolydactyla,,,,native,S4S5 (2010),,confirmed,observed,1977-07-24,Teuvo Ahti,UBC,L11168,,2015-02-12,Lauren Magner & Andrew Simon,iNat:2565159,,147374,LIC
Peltigera neopolydactyla s.lat.,(Gyeln.) Gyeln.,,would-be carpet pelt,Fungi,Ascomycota,Pezizomycotina,,Lecanoromycetes,Lecanoromycetidae,,Peltigerales,,,Peltigeraceae,,,Peltigera,neopolydactyla,,,,native,S4S5 (2010),,new 2016,observed,,,,,,2016-10-07,Andrew Simon,iNat:9280500,,,LIC
Peltigera pacifica,Vitik.,,fringed pelt,Fungi,Ascomycota,Pezizomycotina,,Lecanoromycetes,Lecanoromycetidae,,Peltigerales,,,Peltigeraceae,,,Peltigera,pacifica,,,,native,S3S4 (2010),,confirmed,observed,1977-07-24,Teuvo Ahti,UBC,L33466,,2017-04-02,Andrew Simon,iNat:5551264,,227392,LIC
Peltigera polydactylon,(Neck.) Hoffm.,,pioneer pelt,Fungi,Ascomycota,Pezizomycotina,,Lecanoromycetes,Lecanoromycetidae,,Peltigerales,,,Peltigeraceae,,,Peltigera,polydactylon,,,,native,S5 (2018),,new 2017,observed,,,,,,2017-04-20,Andrew Simon,iNat:5885313,,69728,LIC
Peltigera rufescens,(Weiss) Humb.,,black-bellied pelt,Fungi,Ascomycota,Pezizomycotina,,Lecanoromycetes,Lecanoromycetidae,,Peltigerales,,,Peltigeraceae,,,Peltigera,rufescens,,,,native,S5 (2010),,confirmed,observed,1974-05-29,Willa J. Noble,UBC,L35908,,2017-03-25,Andrew Simon,iNat:5471720,,180448,LIC
Peltigera venosa,(L.) Hoffm.,,fan pelt,Fungi,Ascomycota,Pezizomycotina,,Lecanoromycetes,Lecanoromycetidae,,Peltigerales,,,Peltigeraceae,,,Peltigera,venosa,,,,native,S5 (2018),,reported,unobserved,1974-05-31,Willa J. Noble,UBC,L36176,,,,,,194812,LIC
Pertusaria stenhammarii,Hellb.,,Stenhammer's wart lichen,Fungi,Ascomycota,Pezizomycotina,,Lecanoromycetes,Ostropomycetidae,,Pertusariales,,,Pertusariaceae,,,Pertusaria,stenhammarii,,,,native,S5 (2020),,new 2021,observed,,,,,,2021-11-03,Randal Mindell,iNat:100262227,,227574,LIC
Pertusaria subambigens,Dibben,,frosted wart lichen,Fungi,Ascomycota,Pezizomycotina,,Lecanoromycetes,Ostropomycetidae,,Pertusariales,,,Pertusariaceae,,,Pertusaria,subambigens,,,,native,unlisted,,confirmed,observed,1974-05-31,Willa J. Noble,UBC,L36171,,2017-12-22,Andrew Simon,iNat:9239481,,117882,LIC
Phaeophyscia orbicularis,(Necker) Moberg.,,powder-headed shadow,Fungi,Ascomycota,Pezizomycotina,,Lecanoromycetes,Lecanoromycetidae,,Caliciales,,,Physciaceae,,,Phaeophyscia,orbicularis,,,,native,S4 (2010),,confirmed,observed,1974-05-29,Willa J. Noble,UBC,L35917,,2019-04-29,Andrew Simon,iNat:24768208,,60718,LIC
Phlyctis argena,(Ach.) Flot.,,whitewash lichen,Fungi,Ascomycota,Pezizomycotina,,Lecanoromycetes,Ostropomycetidae,,Ostropales,,,Phlyctidaceae,,,Phlyctis,argena,,,,native,unlisted,,new 2016,observed,,,,,,2016-10-20,Andrew Simon,iNat:4425644,,182631,LIC
Physcia adscendens,H. Olivier.,,hooded rosette,Fungi,Ascomycota,Pezizomycotina,,Lecanoromycetes,Lecanoromycetidae,,Caliciales,,,Physciaceae,,,Physcia,adscendens,,,,native,S5 (2010),,confirmed,observed,2010-01-26,Terry McIntosh & Curtis Björk,Bryos and Lichens of Mt Sutil Inventory 2010,,,2016-08-14,Andrew Simon,iNat:3948542,,124439,LIC
Physcia alnophila,"(Vainio) Loht., Moberg, L. Myllys & Tehler.",,grey-eyed rosette,Fungi,Ascomycota,Pezizomycotina,,Lecanoromycetes,Lecanoromycetidae,,Caliciales,,,Physciaceae,,,Physcia,alnophila,,,,native,S5 (2018),,confirmed,observed,1974-05-31,Willa J. Noble,UBC,L36181,,2017-02-16,Andrew Simon,iNat:5121968,,463769,LIC
Physcia caesia,(Hoffm.) Hampe ex Fürnr.,,blue-grey rosette,Fungi,Ascomycota,Pezizomycotina,,Lecanoromycetes,Lecanoromycetidae,,Caliciales,,,Physciaceae,,,Physcia,caesia,,,,native,S4 (2010),,confirmed,observed,1974-05-31,Willa J. Noble,UBC,L36192,,2015-08-28,Andrew Simon,iNat:2632612,,194681,LIC
Physcia phaea,(Tuck.) J.W. Thomson,,black-eyed rosette,Fungi,Ascomycota,Pezizomycotina,,Lecanoromycetes,Lecanoromycetidae,,Caliciales,,,Physciaceae,,,Physcia,phaea,,,,native,S4 (2019),,new 2020,observed,,,,,,2020-11-10,Randal Mindell & Andrew Simon,iNat:64809762,,154099,LIC
Physcia tenella,(Scop.) DC.,,hoodless rosette,Fungi,Ascomycota,Pezizomycotina,,Lecanoromycetes,Lecanoromycetidae,,Caliciales,,,Physciaceae,,,Physcia,tenella,,,,native,S5 (2018),,new 2016,observed,,,,,,2016-10-04,Andrew Simon,iNat:4282590,,228059,LIC
Physconia enteroxantha,(Nyl.) Poelt.,,gilded frost,Fungi,Ascomycota,Pezizomycotina,,Lecanoromycetes,Lecanoromycetidae,,Caliciales,,,Physciaceae,,,Physconia,enteroxantha,,,,native,S3S4 (2010),,confirmed,observed,1974-05-28,Willa J. Noble,UBC,L35888,,2017-03-30,Andrew Simon,iNat:5526013,,228066,LIC
Physconia perisidiosa,(Erichsen) Moberg.,,crescent frost,Fungi,Ascomycota,Pezizomycotina,,Lecanoromycetes,Lecanoromycetidae,,Caliciales,,,Physciaceae,,,Physconia,perisidiosa,,,,native,S4 (2010),,confirmed,observed,1974-05-28,Willa J. Noble,UBC,L35902,,2017-03-30,Andrew Simon,iNat:5526016,,203896,LIC
Pilophorus acicularis,(Ach.) Th. Fr.,,devil’s matchsticks,Fungi,Ascomycota,Pezizomycotina,,Lecanoromycetes,Lecanoromycetidae,,Lecanorales,,,Cladoniaceae,,,Pilophorus,acicularis,,,,native,S5 (2018),,confirmed,observed,1974-05-31,Willa J. Noble,UBC,L36172,,2015-03-09,Andrew Simon,iNat:2572192,,128919,LIC
Placopsis gelida,(L.) Linds.,,bull’s-eye lichen,Fungi,Ascomycota,Pezizomycotina,,Lecanoromycetes,Ostropomycetidae,,Trapeliales,,,Trapeliaceae,,,Placopsis,gelida,,,,native,unlisted,,reported,unobserved,1974-05-31,Willa J. Noble,UBC,L36180,,,,,,228239,LIC
Placynthiella oligotropha,(J. R. Laundon) Coppins & P. James,,,Fungi,Ascomycota,Pezizomycotina,,Lecanoromycetes,Ostropomycetidae,,Trapeliales,,,Trapeliaceae,,,Placynthiella,oligotropha,,,,native,S5 (2020),,new 2021,observed,,,,,,2021-05-03,Andrew Simon,iNat:83031013,,228244,LIC
Platismatia glauca,(L.) W.L. Culb. & C.F. Culb.,,rag bags,Fungi,Ascomycota,Pezizomycotina,,Lecanoromycetes,Lecanoromycetidae,,Lecanorales,,,Parmeliaceae,Parmelioideae,,Platismatia,glauca,,,,native,S5 (2018),,confirmed,observed,1974-05-30,Willa J. Noble,UBC,L37600,,2016-04-23,Andrew Simon,iNat:3031180,,117874,LIC
Platismatia herrei,(Imshaug) W.L. Culb. & C.F. Culb.,,tattered rags,Fungi,Ascomycota,Pezizomycotina,,Lecanoromycetes,Lecanoromycetidae,,Lecanorales,,,Parmeliaceae,Parmelioideae,,Platismatia,herrei,,,,native,S5 (2018),,confirmed,observed,1974-04-21,Willa J. Noble,UBC,L14276,,2015-03-04,Andrew Simon,iNat:2566412,,117876,LIC
Polycauliona bolacina,"(Tuck.) Arup, Frödén & Søchting",,waxy firedot lichen,Fungi,Ascomycota,Pezizomycotina,,Lecanoromycetes,Lecanoromycetidae,,Teloschistales,,,Teloschistaceae,Xanthorioideae,,Polycauliona,bolacina,,,,native,unlisted,,new 2015,observed,,,,,,2015-08-05,Andrew Simon,iNat:2599898,reported as Caloplaca bolacina,463823,LIC
Polycauliona candelaria,"(L.) Frödén, Arup, & Søchting",,shrubby sunburst lichen,Fungi,Ascomycota,Pezizomycotina,,Lecanoromycetes,Lecanoromycetidae,,Teloschistales,,,Teloschistaceae,Xanthorioideae,,Polycauliona,candelaria,,,,native,S5 (2018),,confirmed,observed,2010-04-17,Kent Brothers,VMS,,,2017-04-14,Kris Krüg,iNat:5703981,reported as Xanthoria candelaria,463825,LIC
Polycauliona luteominia var. luteominia,"(Tuck.) Arup, Frödén & Søchting",,red firedot lichen,Fungi,Ascomycota,Pezizomycotina,,Lecanoromycetes,Lecanoromycetidae,,Teloschistales,,,Teloschistaceae,Xanthorioideae,,Polycauliona,luteominia,,,luteominia,native,unlisted,,confirmed,observed,1974-05-31,Willa J. Noble,UBC,L35910,,2020-06-10,Andrew Simon,iNat:49193131,reported as Caloplaca luteominia var. luteominia,463832,LIC
Polycauliona polycarpa,"(Hoffm.) Frödén, Arup, & Søchting",,pin-cushion sunburst lichen,Fungi,Ascomycota,Pezizomycotina,,Lecanoromycetes,Lecanoromycetidae,,Teloschistales,,,Teloschistaceae,Xanthorioideae,,Polycauliona,polycarpa,,,,native,S5 (2010),,confirmed,observed,1974-05-31,Willa J. Noble,UBC,L36187,,2016-08-14,Andrew Simon,iNat:3948548,,463837,LIC
Polycauliona rosei,"(Hasse) Arup, Frödén & Søchting",,firedot lichen,Fungi,Ascomycota,Pezizomycotina,,Lecanoromycetes,Lecanoromycetidae,,Teloschistales,,,Teloschistaceae,Xanthorioideae,,Polycauliona,rosei,,,,native,unlisted,,new 2017,observed,,,,,,2017-04-13,Kris Krüg,iNat:5679890,,463838,LIC
Polycauliona stellata,"(Wetmore & Kärnefelt) Arup, Frödén & Søchting",,stellate firedot lichen,Fungi,Ascomycota,Pezizomycotina,,Lecanoromycetes,Lecanoromycetidae,,Teloschistales,,,Teloschistaceae,Xanthorioideae,,Polycauliona,stellata,,,,native,unlisted,,new 2017,observed,,,,,,2017-12-30,Andrew Simon,iNat:9324670,,463839,LIC
Porpidia crustulata,(Ach.) Hertel & Knoph,,concentric boulder lichen,Fungi,Ascomycota,Pezizomycotina,,Lecanoromycetes,Lecanoromycetidae,,Lecideales,,,Lecideaceae,,,Porpidia,crustulata,,,,native,unlisted,,new 2016,observed,,,,,,2016-10-04,Andrew Simon,iNat:4282648,,182467,LIC
Porpidia soredizodes,(Lamy ex. Nyl.) J. R. Laundon.,,boulder lichen,Fungi,Ascomycota,Pezizomycotina,,Lecanoromycetes,Lecanoromycetidae,,Lecideales,,,Lecideaceae,,,Porpidia,soredizodes,,,,native,unlisted,,reported,unobserved,1974-06-01,Willa J. Noble,UBC,L20706,,,,,"Alnus rubra thicket, disturbed right of way; hydroline Montague Rd.",228670,LIC
Protoparmelia ochrococca,(Nyl.) P.M. Jørg.,,lichen,Fungi,Ascomycota,Pezizomycotina,,Lecanoromycetes,Lecanoromycetidae,,Lecanorales,,,Parmeliaceae,Protoparmelioideae,,Protoparmelia,ochrococca,,,,native,unlisted,,reported,unobserved,1974-05-31,Willa J. Noble,UBC,L36170,,,,,Cottage Road,228872,LIC
Protoparmeliopsis muralis s. lat.,(Schreb.) M. Choisy,,stonewall rim lichen,Fungi,Ascomycota,Pezizomycotina,,Lecanoromycetes,Lecanoromycetidae,,Lecanorales,,,Lecanoraceae,,,Protoparmeliopsis,muralis,,,,native,unlisted,,confirmed,observed,1974-05-31,Willa J. Noble,UBC,L36191,,2015-08-05,Andrew Simon,iNat:2599414,reported as Lecanora muralis,632126,LIC
Psora globifera,(Ach.) A. Massal.,,globe pennies,Fungi,Ascomycota,Pezizomycotina,,Lecanoromycetes,Lecanoromycetidae,,Lecanorales,,,Psoraceae,,,Psora,globifera,,,,native,S4 (2020),,new 2021,observed,,,,,,2021-05-03,Andrew Simon,iNat:83031036,,123509,LIC
Punctelia jeckeri,(Roum.) Kalb,,galactic speckleback,Fungi,Ascomycota,Pezizomycotina,,Lecanoromycetes,Lecanoromycetidae,,Lecanorales,,,Parmeliaceae,Parmelioideae,,Punctelia,jeckeri,,,,native,unlisted,,confirmed,observed,1977-07-24,Teuvo Ahti & Willa J. Noble,UBC,L39737,,2016-04-23,Andrew Simon,iNat:3031127,reported as P. perreticulata,341601,LIC
Punctelia stictica,(Delise ex Duby) Krog,,blueshift speckleback,Fungi,Ascomycota,Pezizomycotina,,Lecanoromycetes,Lecanoromycetidae,,Lecanorales,,,Parmeliaceae,Parmelioideae,,Punctelia,stictica,,,,native,S4 (2018),,confirmed,observed,1974-05-29,Willa J. Noble,UBC,L14344,,2016-09-28,Andrew Simon,iNat:4239749,,117879,LIC
Ramalina cf obtusata,(Arnold) Bitter,,hooded ribbon,Fungi,Ascomycota,Pezizomycotina,,Lecanoromycetes,Lecanoromycetidae,,Lecanorales,,,Ramalinaceae,,,Ramalina,obtusata,,,,native,S4 (2010),,reported,unobserved,2010-01-26,Terry McIntosh & Curtis Björk,Bryos and Lichens of Mt Sutil Inventory 2010,,,,,,,229770,LIC
Ramalina dilacerata,(Hoffm.) Hoffm.,,punctured ribbon,Fungi,Ascomycota,Pezizomycotina,,Lecanoromycetes,Lecanoromycetidae,,Lecanorales,,,Ramalinaceae,,,Ramalina,dilacerata,,,,native,S5 (2018),,confirmed,observed,1974-05-31,Willa J. Noble,UBC,L10960,,2017-03-18,Andrew Simon,iNat:5392752,,182732,LIC
Ramalina farinacea,(L.) Ach.,,farinose cartilage lichen,Fungi,Ascomycota,Pezizomycotina,,Lecanoromycetes,Lecanoromycetidae,,Lecanorales,,,Ramalinaceae,,,Ramalina,farinacea,,,,native,S5 (2018),,confirmed,observed,1974-05-31,Willa J. Noble,UBC,L36198,,2016-05-14,Lauren Magner & Andrew Simon,iNat:3296811,,54758,LIC
Ramalina menziesii,Taylor.,,canopy fishnet,Fungi,Ascomycota,Pezizomycotina,,Lecanoromycetes,Lecanoromycetidae,,Lecanorales,,,Ramalinaceae,,,Ramalina,menziesii,,,,native,S3S4 (2010),,new 2017,observed,,,,,,2017-03-18,Andrew Simon,iNat:5392773,,49578,LIC
Ramalina neopacifica ined.,Hampton-Miller & T. Sprib.,,ribbon lichen,Fungi,Ascomycota,Pezizomycotina,,Lecanoromycetes,Lecanoromycetidae,,Lecanorales,,,Ramalinaceae,,,Ramalina,neopacifica,,,,native,unlisted,,reported,unobserved,1974-05-30,Willa J. Noble,UBC,L10956,,,,,Whaler Bay,,LIC
Ramalina sp.2 sensu Goward 1999,,,maritime bush,Fungi,Ascomycota,Pezizomycotina,,Lecanoromycetes,Lecanoromycetidae,,Lecanorales,,,Ramalinaceae,,,Ramalina,,,,,native,unlisted,,reported,unobserved,1974-05-31,Willa J. Noble,UBC,L36184,,,,,,48325,LIC
Ramalina subleptocarpha,Rundel & Bowler,,continuous ribbon,Fungi,Ascomycota,Pezizomycotina,,Lecanoromycetes,Lecanoromycetidae,,Lecanorales,,,Ramalinaceae,,,Ramalina,subleptocarpha,,,,native,S3S4 (2018),,new 2020,observed,,,,,,2020-08-15,Andrew Simon,iNat:57127989,,203077,LIC
Ramboldia gowardiana,(T. Sprib. & M. Hauck) Kalb,,button lichen,Fungi,Ascomycota,Pezizomycotina,,Lecanoromycetes,Lecanoromycetidae,,Lecanorales,,,Ramboldiaceae,,,Ramboldia,gowardiana,,,,native,unlisted,,reported,unobserved,1974-05-28,Willa J. Noble,UBC,L37595,,,,,,229804,LIC
Rhizocarpon bolanderi,(Tuck.) Herre,,map lichen,Fungi,Ascomycota,Pezizomycotina,,Lecanoromycetes,Lecanoromycetidae,,Rhizocarpales,,,Rhizocarpaceae,,,Rhizocarpon,bolanderi,,,,native,unlisted,,reported,unobserved,1974-05-28,Willa J. Noble,UBC,L35875,,,,,,229939,LIC
Rhizocarpon distinctum,Th. Fr.,,map lichen,Fungi,Ascomycota,Pezizomycotina,,Lecanoromycetes,Lecanoromycetidae,,Rhizocarpales,,,Rhizocarpaceae,,,Rhizocarpon,distinctum,,,,native,unlisted,,reported,unobserved,1974-05-29,Willa J. Noble,UBC,L12445,,,,,,229946,LIC
Rhizocarpon obscuratum,(Ach.) A. Massal.,,dusky map lichen,Fungi,Ascomycota,Pezizomycotina,,Lecanoromycetes,Lecanoromycetidae,,Rhizocarpales,,,Rhizocarpaceae,,,Rhizocarpon,obscuratum,,,,native,unlisted,,reported,unobserved,1974-06-01,Willa J. Noble,UBC,L36221,,,,,,229966,LIC
Rinodina bolanderi,H. Magn.,,creamy pepper-spore lichen,Fungi,Ascomycota,Pezizomycotina,,Lecanoromycetes,Lecanoromycetidae,,Caliciales,,,Physciaceae,,,Rinodina,bolanderi,,,,native,unlisted,,confirmed,observed,1974-05-30,Willa J. Noble,UBC,L48880,,2017-05-18,Andrew Simon,iNat:22597101,,230206,LIC
Rinodina gennarii,Bagl.,,pepper-spore lichen,Fungi,Ascomycota,Pezizomycotina,,Lecanoromycetes,Lecanoromycetidae,,Caliciales,,,Physciaceae,,,Rinodina,gennarii,,,,native,unlisted,,reported,unobserved,1974-05-29,Willa J. Noble,UBC,L36905,,,,,,230233,LIC
Rinodina hallii,Tuck.,,pepper-spore lichen,Fungi,Ascomycota,Pezizomycotina,,Lecanoromycetes,Lecanoromycetidae,,Caliciales,,,Physciaceae,,,Rinodina,hallii,,,,native,unlisted,,reported,unobserved,2010-01-26,Terry McIntosh & Curtis Björk,Bryos and Lichens of Mt Sutil Inventory 2010,,,,,,,230239,LIC
Rinodina laevigata,(Ach.) Malme,,pepper-spore lichen,Fungi,Ascomycota,Pezizomycotina,,Lecanoromycetes,Lecanoromycetidae,,Caliciales,,,Physciaceae,,,Rinodina,laevigata,,,,native,unlisted,,reported,unobserved,1974-05-29,Willa J. Noble,UBC,L36904,,,,,,123456,LIC
Rinodina terricola,Sheard & K. Knudsen,,pepper-spore lichen,Fungi,Ascomycota,Pezizomycotina,,Lecanoromycetes,Lecanoromycetidae,,Caliciales,,,Physciaceae,,,Rinodina,terricola,,,,native,unlisted,,reported,unobserved,1974-05-30,Willa J. Noble,UBC,L36906,,,,,,532252,LIC
Rufoplaca arenaria,"(Pers.) Arup, Søchting & Frödén",,granite firedot lichen,Fungi,Ascomycota,Pezizomycotina,,Lecanoromycetes,Lecanoromycetidae,,Teloschistales,,,Teloschistaceae,Caloplacoideae,,Rufoplaca,arenaria,,,,native,unlisted,,reported,unobserved,1974-05-30,Willa J. Noble,UBC,L35907,,,,,reported as Caloplaca arenaria,532265,LIC
Sarcogyne hypophaea,(Nyl.) Arnold,,grain-spored lichen,Fungi,Ascomycota,Pezizomycotina,,Lecanoromycetes,Acarosporomycetidae,,Acarosporales,,,Acarosporaceae,,,Sarcogyne,hypophaea,,,,native,unlisted,,reported,unobserved,1974-04-21,Willa J. Noble,UBC,L35645,,,,,reported as Sarcogyne privigna var. calcicola,532278,LIC
Scoliciosporum umbrinum,(Ach.) Arnold,,umber dot lichen,Fungi,Ascomycota,Pezizomycotina,,Lecanoromycetes,Lecanoromycetidae,,Lecanorales,,,Scoliciosporaceae,,,Scoliciosporum,umbrinum,,,,native,unlisted,,reported,unobserved,1974-06-01,Willa J. Noble,UBC,L36202,,,,,,230644,LIC
Scytinium cf turgidum,"(Ach.) Otálora, P.M. Jørg. & Wedin",,turgid vinyl,Fungi,Ascomycota,Pezizomycotina,,Lecanoromycetes,Lecanoromycetidae,,Peltigerales,,,Collemataceae,,,Scytinium,turgidum,,,,native,unlisted,,reported,unobserved,2010-01-26,Terry McIntosh & Curtis Björk,Bryos and Lichens of Mt Sutil Inventory 2010,,,,,,reported as Leptogium cf turgidum,532320,LIC
Scytinium gelatinosum,"(With.) Otálora, P.M. Jørg. & Wedin",,ageing vinyl,Fungi,Ascomycota,Pezizomycotina,,Lecanoromycetes,Lecanoromycetidae,,Peltigerales,,,Collemataceae,,,Scytinium,gelatinosum,,,,native,S5 (2018),,new 2017,observed,,,,,,2017-03-25,Andrew Simon,iNat:5483258,reported as Leptogium gelatinosum,526716,LIC
Scytinium lichenoides,"(L.) Otálora, P.M. Jørg. & Wedin",,tattered vinyl,Fungi,Ascomycota,Pezizomycotina,,Lecanoromycetes,Lecanoromycetidae,,Peltigerales,,,Collemataceae,,,Scytinium,lichenoides,,,,native,S5 (2018),,confirmed,observed,1974-04-21,Willa J. Noble,UBC,L35659,,2016-10-23,Andrew Simon,iNat:4425700,reported as Leptogium lichenoides,526717,LIC
Scytinium palmatum,(Huds.) Gray,,horned vinyl,Fungi,Ascomycota,Pezizomycotina,,Lecanoromycetes,Lecanoromycetidae,,Peltigerales,,,Collemataceae,,,Scytinium,palmatum,,,,native,S5 (2018),,confirmed,observed,1974-05-31,Willa J. Noble,UBC,L37602,,2015-10-08,Lauren Magner & Andrew Simon,iNat:2647353,reported as Leptogium palmatum,532308,LIC
Scytinium platynum,"(Tuck.) Otálora, P.M. Jørg. & Wedin",,batwing vinyl,Fungi,Ascomycota,Pezizomycotina,,Lecanoromycetes,Lecanoromycetidae,,Peltigerales,,,Collemataceae,,,Scytinium,platynum,,,,native,S3S4 (2018); Endangered (SARA),,new 2013,observed,,,,,,2013-03-22,Ryan Batten,iNat:9142162,reported as Leptogium platynum,532310,LIC
Scytinium plicatile,"(Ach.) Otálora, P.M. Jørg. & Wedin",,seastar vinyl,Fungi,Ascomycota,Pezizomycotina,,Lecanoromycetes,Lecanoromycetidae,,Peltigerales,,,Collemataceae,,,Scytinium,plicatile,,,,native,S4 (2018),,new 2013,observed,,,,,,2013-03-22,Ryan Batten,iNat:9142618,reported as Leptogium plicatile,532311,LIC
Scytinium polycarpum,"(P.M. Jørg. & Goward) Otálora, P.M. Jørg. & Wedin",,peacock vinyl,Fungi,Ascomycota,Pezizomycotina,,Lecanoromycetes,Lecanoromycetidae,,Peltigerales,,,Collemataceae,,,Scytinium,polycarpum,,,,native,S4 (2018); Species of Special Concern (SARA),,new 2016,observed,,,,,,2016-03-10,Lauren Magner & Andrew Simon,iNat:2767527,reported as Leptogium polycarpum,532312,LIC
Scytinium rivale,"(Tuck.) Otálora, P.M. Jørg. & Wedin",,creekbed vinyl,Fungi,Ascomycota,Pezizomycotina,,Lecanoromycetes,Lecanoromycetidae,,Peltigerales,,,Collemataceae,,,Scytinium,rivale,,,,native,SNR (2010),,reported,unobserved,1974-05-30,Willa J. Noble,UBC,L35921,,,,,reported as Leptogium rivale; look at Whaler Bay,1032757,LIC
Scytinium subaridum,"(P.M. Jørg. & Goward) Otálora, P.M. Jørg. & Wedin",,rancher's vinyl,Fungi,Ascomycota,Pezizomycotina,,Lecanoromycetes,Lecanoromycetidae,,Peltigerales,,,Collemataceae,,,Scytinium,subaridum,,,,native,S4 (2019),,new 2021,observed,,,,,,2021-05-01,Andrew Simon,iNat:83017059,,532316,LIC
Sphaerophorus tuckermanii,Räsänen.,,Tuckerman’s coral lichen,Fungi,Ascomycota,Pezizomycotina,,Lecanoromycetes,Lecanoromycetidae,,Lecanorales,,,Sphaerophoraceae,,,Sphaerophorus,tuckermanii,,,,native,S4S5 (2018),,confirmed,observed,1974-05-30,Willa J. Noble,UBC,L35934,,2016-11-03,Andrew Simon,iNat:4491326,Previously misapplied: Sphaerophorus globiferus (L.) DC. var. gracilis Müll. Arg. = Sphaerophorus globosus (Hudson),123231,LIC
Sphaerophorus venerabilis,"Wedin, Högnabba & Goward",,ancient coral lichen,Fungi,Ascomycota,Pezizomycotina,,Lecanoromycetes,Lecanoromycetidae,,Lecanorales,,,Sphaerophoraceae,,,Sphaerophorus,venerabilis,,,,native,S4 (2010),,confirmed,observed,1962-06-04,Wilfred B. Schofield,UBC,L8146,,2016-04-01,Andrew Simon,iNat:2865613,,155226,LIC
Staurothele fissa,(Taylor) Zwackh.,,lakezone lichen,Fungi,Ascomycota,Pezizomycotina,,Eurotiomycetes,Chaetothyriomycetidae,,Verrucariales,,,Verrucariaceae,,,Staurothele,fissa,,,,native,unlisted,,reported,unobserved,1974-05-01,Willa J. Noble,UBC,L12444,,,,,reported as S. hazslinskyi,231483,LIC
Stereocaulon intermedium,(Savicz) H. Magn.,,Pacific foam,Fungi,Ascomycota,Pezizomycotina,,Lecanoromycetes,Lecanoromycetidae,,Lecanorales,,,Stereocaulaceae,,,Stereocaulon,intermedium,,,,native,S4 (2010),,new 2018,observed,,,,,,2018-03-09,Andrew Simon,iNat:10163396,confirm specimens,231701,LIC
Stereocaulon tomentosum,Fr.,,eyed foam,Fungi,Ascomycota,Pezizomycotina,,Lecanoromycetes,Lecanoromycetidae,,Lecanorales,,,Stereocaulaceae,,,Stereocaulon,tomentosum,,,,native,S5 (2018),,new 2018,observed,,,,,,2018-03-18,Andrew Simon,iNat:10306306,confirm specimens,155227,LIC
Sticta limbata,(Sm.) Ach.,,powdered moon lichen,Fungi,Ascomycota,Pezizomycotina,,Lecanoromycetes,Lecanoromycetidae,,Peltigerales,,,Lobariaceae,,,Sticta,limbata,,,,native,S3S4 (2010),,confirmed,observed,1974-05-28,Willa J. Noble,UBC,L14328,,2018-03-18,Andrew Simon,iNat:10306665,,117888,LIC
Sticta sp.nov. (fide Goward 2021),(Dicks.) Ach.,,peppered moon lichen,Fungi,Ascomycota,Pezizomycotina,,Lecanoromycetes,Lecanoromycetidae,,Peltigerales,,,Lobariaceae,,,Sticta,,,,,native,S4 (2010),,confirmed,observed,1974-05-29,Willa J. Noble,UBC,L14339,,2016-10-20,Andrew Simon,iNat:4425658,,117889,LIC
Tephromela atra,(Hudson) Ach.,,black-eye lichen,Fungi,Ascomycota,Pezizomycotina,,Lecanoromycetes,Lecanoromycetidae,,Lecanorales,,,Tephromelataceae,,,Tephromela,atra,,,,native,unlisted,,confirmed,observed,1974-04-21,Willa J. Noble,UBC,L12431,,2016-09-09,Andrew Simon,iNat:4092285,,232383,LIC
Thelomma mammosum,(Hepp) A.Massal.,,rock nipple lichen,Fungi,Ascomycota,Pezizomycotina,,Lecanoromycetes,Lecanoromycetidae,,Caliciales,,,Caliciaceae,,,Thelomma,mammosum,,,,native,unlisted,,confirmed,observed,1974-05-30,Willa J. Noble,UBC,L12450,,2015-08-05,Andrew Simon,iNat:2599843,,146938,LIC
Thelotrema lepadinum,(Ach.) Ach.,,bark barnacles,Fungi,Ascomycota,Pezizomycotina,,Lecanoromycetes,Ostropomycetidae,,Ostropales,,,Graphidaceae,,,Thelotrema,lepadinum,,,,native,unlisted,,confirmed,observed,1974-05-30,Willa J. Noble,UBC,L12449,,2018-01-14,Andrew Simon,iNat:9479483,,129667,LIC
Trapelia coarctata,(Turner ex Sm.) M. Choisy,,,Fungi,Ascomycota,Pezizomycotina,,Lecanoromycetes,Ostropomycetidae,,Trapeliales,,,Trapeliaceae,,,Trapelia,coarctata,,,,native,S5 (2020),,reported,unobserved,1974-05-28,Willa J. Noble,UBC,L35897,,,,,,117903,LIC
Trapeliopsis granulosa,(Hoffm.) Lumbsch,,granular mottled-disk lichen,Fungi,Ascomycota,Pezizomycotina,,Lecanoromycetes,Ostropomycetidae,,Trapeliales,,,Trapeliaceae,,,Trapeliopsis,granulosa,,,,native,unlisted,,new 2017,observed,,,,,,2017-03-23,Andrew Simon,iNat:5450618,,180430,LIC
Tuckermanopsis chlorophylla,(Willd.) Hale,,powdered wrinkle,Fungi,Ascomycota,Pezizomycotina,,Lecanoromycetes,Lecanoromycetidae,,Lecanorales,,,Parmeliaceae,Parmelioideae,,Tuckermanopsis,chlorophylla,,,,native,S5 (2010),,confirmed,observed,1974-05-31,Willa J. Noble,UBC,L14348,,2017-04-01,Andrew Simon,iNat:5537571,,1019557,LIC
Tuckermanopsis ciliaris,(Ach.) Gyeln.,,eyelashed wrinkle,Fungi,Ascomycota,Pezizomycotina,,Lecanoromycetes,Lecanoromycetidae,,Lecanorales,,,Parmeliaceae,Parmelioideae,,Tuckermanopsis,ciliaris,,,,native,S5 (2018),,reported,unobserved,1962-06-04,Wilfred B. Schofield,UBC,L881,,,,,"initially reported as Tuckermannopsis americana; note: I cannot trace this record on the UBC herbarium database, though it is still included on CPNWH under Cetraria ciliaris; this record should be double-checked; top of Mt. Galiano, fir twigs",,LIC
Tuckermanopsis orbata,(Nyl.) M.J. Lai,,shape-shifting wrinkle,Fungi,Ascomycota,Pezizomycotina,,Lecanoromycetes,Lecanoromycetidae,,Lecanorales,,,Parmeliaceae,Parmelioideae,,Tuckermanopsis,orbata,,,,native,S5 (2018),,confirmed,observed,1974-05-30,Willa J. Noble,UBC,L14346,,2015-03-04,Lauren Magner & Andrew Simon,iNat:2569000,,813868,LIC
Umbilicaria phaea,Tuck.,,emery rocktripe,Fungi,Ascomycota,Pezizomycotina,,Lecanoromycetes,Umbilicariomycetidae,,Umbilicariales,,,Umbilicariaceae,,,Umbilicaria,phaea,,,,native,S4 (2010),,new 2018,observed,,,,,,2018-06-27,Andrew Simon,iNat:13854021,,125055,LIC
Umbilicaria polyphylla,(L.) Baumg.,,petalled rocktripe,Fungi,Ascomycota,Pezizomycotina,,Lecanoromycetes,Umbilicariomycetidae,,Umbilicariales,,,Umbilicariaceae,,,Umbilicaria,polyphylla,,,,native,S4 (2010),,confirmed,observed,2010-01-26,Terry McIntosh & Curtis Björk,Bryos and Lichens of Mt Sutil Inventory 2010,,,2017-05-29,Andrew Simon,iNat:7498404,,125058,LIC
Usnea barbata,Motyka,,scruffy beard,Fungi,Ascomycota,Pezizomycotina,,Lecanoromycetes,Lecanoromycetidae,,Lecanorales,,,Parmeliaceae,Parmelioideae,,Usnea,barbata,,,,native,unlisted,,new 2017,observed,,,,,,2017-03-10,Andrew Simon,iNat:5280677,,352781,LIC
Usnea cavernosa,Tuck.,,pitted beard,Fungi,Ascomycota,Pezizomycotina,,Lecanoromycetes,Lecanoromycetidae,,Lecanorales,,,Parmeliaceae,Parmelioideae,,Usnea,cavernosa,,,,native,S3S4 (2018),,confirmed,observed,1974-05-28,Willa J. Noble,UBC,L35883,,2017-02-11,Andrew Simon,iNat:5109885,,182690,LIC
Usnea dasopoga,(Ach.) Nyl.,,fish net beard,Fungi,Ascomycota,Pezizomycotina,,Lecanoromycetes,Lecanoromycetidae,,Lecanorales,,,Parmeliaceae,Parmelioideae,,Usnea,dasopoga,,,,native,S4S5 (2010),,confirmed,observed,2010-01-26,Terry McIntosh & Curtis Björk,Bryos and Lichens of Mt Sutil Inventory 2010,,,2016-04-23,Andrew Simon,iNat:3031254,,532452,LIC
Usnea flavocardia,Räsänen,,blood-splattered beard,Fungi,Ascomycota,Pezizomycotina,,Lecanoromycetes,Lecanoromycetidae,,Lecanorales,,,Parmeliaceae,Parmelioideae,,Usnea,flavocardia,,,,native,S4 (2010),,new 2015,observed,,,,,,2015-10-15,Andrew Simon,iNat:33819226,,127146,LIC
Usnea glabrata,(Ach.) Vain.,,lustrous beard,Fungi,Ascomycota,Pezizomycotina,,Lecanoromycetes,Lecanoromycetidae,,Lecanorales,,,Parmeliaceae,Parmelioideae,,Usnea,glabrata,,,,native,S3S5 (2019),,new 2017,observed,,,,,,2017-06-20,Andrew Simon,iNat:7280592,,233312,LIC
Usnea glabrescens,(Nyl. ex Vain.) Vain.,,spotted beard,Fungi,Ascomycota,Pezizomycotina,,Lecanoromycetes,Lecanoromycetidae,,Lecanorales,,,Parmeliaceae,Parmelioideae,,Usnea,glabrescens,,,,native,S4 (2018),,new 2017,observed,,,,,,2017-02-16,Andrew Simon,iNat:5125230,,233313,LIC
Usnea hirta,(L.) Weber ex F.H. Wigg.,,bristly beard,Fungi,Ascomycota,Pezizomycotina,,Lecanoromycetes,Lecanoromycetidae,,Lecanorales,,,Parmeliaceae,Parmelioideae,,Usnea,hirta,,,,native,S4 (2010),,new 2016,observed,,,,,,2016-07-26,Andrew Simon,iNat:3767180,,182679,LIC
Usnea intermedia,Jatta,,exploding beard,Fungi,Ascomycota,Pezizomycotina,,Lecanoromycetes,Lecanoromycetidae,,Lecanorales,,,Parmeliaceae,Parmelioideae,,Usnea,intermedia,,,,native,S3S4 (2018),,confirmed,observed,2010-01,Terry McIntosh,UBC,L51043,,2016-10-23,Andrew Simon,iNat:7679904,Usnea rigida reported by Terry Taylor (2008-04-05); Usnea quasirigida reported by Kent Brothers; both in doubt,202002,LIC
Usnea longissima,Ach.,,Methuselah’s beard,Fungi,Ascomycota,Pezizomycotina,,Lecanoromycetes,Lecanoromycetidae,,Lecanorales,,,Parmeliaceae,Parmelioideae,,Usnea,longissima,,,,native,S4 (2010),,new 2017,observed,,,,,,2017-03-13,Sarah Tweedale & Andrew Simon,iNat:5308251,,122681,LIC
Usnea pacificana,Halonen,,Pacific beard,Fungi,Ascomycota,Pezizomycotina,,Lecanoromycetes,Lecanoromycetidae,,Lecanorales,,,Parmeliaceae,Parmelioideae,,Usnea,pacificana,,,,native,S3S4 (2010),,new 2015,observed,,,,,,2015-11-21,Andrew Simon,iNat:39129331,,233326,LIC
Usnea perplexans,Stirt.,,embossed beard,Fungi,Ascomycota,Pezizomycotina,,Lecanoromycetes,Lecanoromycetidae,,Lecanorales,,,Parmeliaceae,Parmelioideae,,Usnea,perplexans,,,,native,S5 (2018),,confirmed,observed,2010-01-26,Terry McIntosh & Curtis Björk,Bryos and Lichens of Mt Sutil Inventory 2010,,,2019-01-27,Andrew Simon,iNat:19922714,reported as Usnea substerilis; iNat has adopted U. perplexans for some perplexing reason...,597121,LIC
Usnea silesiaca,Motyka,,Neptune’s beard,Fungi,Ascomycota,Pezizomycotina,,Lecanoromycetes,Lecanoromycetidae,,Lecanorales,,,Parmeliaceae,Parmelioideae,,Usnea,silesiaca,,,,native,S4 (2018),,new 2017,observed,,,,,,2017-03-09,Andrew Simon,iNat:5381712,,532730,LIC
Usnea subfloridana,Stirt.,,boreal beard,Fungi,Ascomycota,Pezizomycotina,,Lecanoromycetes,Lecanoromycetidae,,Lecanorales,,,Parmeliaceae,Parmelioideae,,Usnea,subfloridana,,,,native,S4 (2018),,confirmed,observed,2010-01-26,Terry McIntosh & Curtis Björk,Bryos and Lichens of Mt Sutil Inventory 2010,,,2016-04-23,Andrew Simon,iNat:3029003,,182682,LIC
Usnea wasmuthii,Räsänen,,beard lichen,Fungi,Ascomycota,Pezizomycotina,,Lecanoromycetes,Lecanoromycetidae,,Lecanorales,,,Parmeliaceae,Parmelioideae,,Usnea,wasmuthii,,,,native,unlisted,,new 2015,observed,,,,,,2015-10-01,Andrew Simon,iNat:33818262,,233348,LIC
Vulpicida canadensis,(Räsänen) J.-E. Mattsson & M. J. Lai,,brown-eyed sunshine,Fungi,Ascomycota,Pezizomycotina,,Lecanoromycetes,Lecanoromycetidae,,Lecanorales,,,Parmeliaceae,Parmelioideae,,Vulpicida,canadensis,,,,native,S5 (2018),,new 2018,observed,,,,,,2018-02-15,Andrew Simon,iNat:9875767,,54317,LIC
Waynea californica,Moberg,,knobbed scale,Fungi,Ascomycota,Pezizomycotina,,Lecanoromycetes,Lecanoromycetidae,,Lecanorales,,,Ramalinaceae,,,Waynea,californica,,,,native,unlisted,,reported,unobserved,2010-01-26,Terry McIntosh & Curtis Björk,Bryos and Lichens of Mt Sutil Inventory 2010,,,,,,,194116,LIC
Xanthomendoza hasseana,"(Räsänen) Søchting, Karenfelt & S.Y. Kondr.",,radiant sunburst,Fungi,Ascomycota,Pezizomycotina,,Lecanoromycetes,Lecanoromycetidae,,Teloschistales,,,Teloschistaceae,Xanthorioideae,,Xanthomendoza,hasseana,,,,native,S5 (2019),,new 2016,observed,,,,,,2016-08-14,Andrew Simon,iNat:3948548,,174751,LIC
Xanthomendoza oregana,"(Gyeln.) Søchting, Kärnefelt & S.Y. Kondr.",,Oregon sunburst,Fungi,Ascomycota,Pezizomycotina,,Lecanoromycetes,Lecanoromycetidae,,Teloschistales,,,Teloschistaceae,Xanthorioideae,,Xanthomendoza,oregana,,,,native,S4S5 (2018),,new 2015,observed,,,,,,2015-08-05,Andrew Simon,iNat:2599908,,338616,LIC
Xanthoparmelia mougeotii,(Schaer.) Hale,,powdered rockfrog,Fungi,Ascomycota,Pezizomycotina,,Lecanoromycetes,Lecanoromycetidae,,Lecanorales,,,Parmeliaceae,Parmelioideae,,Xanthoparmelia,mougeotii,,,,native,S3S4 (2018),,reported,unobserved,1974-05-28,Willa J. Noble,UBC,L35892,,,,,,233712,LIC
Xanthoparmelia sp.,,,questionable rockfrog,Fungi,Ascomycota,Pezizomycotina,,Lecanoromycetes,Lecanoromycetidae,,Lecanorales,,,Parmeliaceae,Parmelioideae,,Xanthoparmelia,sp.,,,,native,SU (2010),,confirmed,observed,1974-05-31,Willa J. Noble,UBC,L36188,,2015-08-05,Andrew Simon,iNat:2599862,,60724,LIC
Xanthoparmelia verruculifera,"(Nyl.) O. Blanco, A. Crespo, Elix, D. Hawksw. & Lumbsch",,carbuncular toad,Fungi,Ascomycota,Pezizomycotina,,Lecanoromycetes,Lecanoromycetidae,,Lecanorales,,,Parmeliaceae,Parmelioideae,,Xanthoparmelia,verruculifera,,,,native,S3S4 (2018),,confirmed,observed,1974-05-24,Willa J. Noble,UBC,L35895,,2015-08-05,Andrew Simon,iNat:2599862,reported as Neofuscelia verruculifera,117849,LIC
Xanthoria parietina,(L.) Th. Fr.,,maritime sunburst,Fungi,Ascomycota,Pezizomycotina,,Lecanoromycetes,Lecanoromycetidae,,Teloschistales,,,Teloschistaceae,Xanthorioideae,,Xanthoria,parietina,,,,exotic,unlisted,,confirmed,observed,1974-05-28,Willa J. Noble,UBC,L35878,,2016-12-27,Andrew Simon,iNat:4855793,,55576,LIC
Xanthoria sp. nov.,,,undescribed sunburst lichen,Fungi,Ascomycota,Pezizomycotina,,Lecanoromycetes,Lecanoromycetidae,,Teloschistales,,,Teloschistaceae,Xanthorioideae,,Xanthoria,,,,,native,unlisted,,new 2016,observed,,,,,,2016-08-14,Andrew Simon,iNat:3948539,,54757,LIC
