"scientificName","scientificNameAuthorship","subtaxonAuthorship","commonName","kingdom","phylum","subphylum","superclass","class","subclass","superorder","order","suborder","superfamily","family","subfamily","tribe","genus","specificEpithet","hybrid","subspecies","variety","establishmentMeans","provincialStatus","nationalStatus","reportingStatus","observationStatus","firstReported","firstReportedBy","firstReportedSource","firstReportedCollectionNumber","firstReportedGBIF","firstObservediNat","firstObservedBy","firstObservedID","notes","ID","statsCode"
"Ascaphus truei","(Stejneger, 1899)","","coastal tailed frog","Animalia","Chordata","Vertebrata",,"Amphibia",,,"Anura","","","Ascaphidae","",,"Ascaphus","truei",,"",,"native","S4 (2022)","1-SC (2003)","confirmed","observed","1942-06-03","I.McT. Cowan/ G.C. Carl","UBCBBM","H000248","1291993793","2010-07-10","Jason Addy","https://www.inaturalist.org/observations/174977944","","24543","HER"
"Anaxyrus boreas","(Baird and Girard, 1852)","","western toad","Animalia","Chordata","Vertebrata",,"Amphibia",,,"Anura","","","Bufonidae","",,"Anaxyrus","boreas",,"",,"native","S4 (2022)","1-SC (2018)","confirmed","observed","1898-01-01","","USNM","USNM 57604","1319316685","2007-05-27","hillanddale","https://www.inaturalist.org/observations/9551112","","64970","HER"
"Pseudacris regilla","(Baird & Girard, 1852)","","northern Pacific tree frog","Animalia","Chordata","Vertebrata",,"Amphibia",,,"Anura","","","Hylidae","Acridinae",,"Pseudacris","regilla",,"",,"native","S5 (2016)","","confirmed","observed","1818-06-20","","MVZ","MVZ:Herp:16959","1145474099","2000-01-28","Jessica","https://www.inaturalist.org/observations/80041564","","24259","HER"
"Lithobates catesbeianus","(Shaw, 1802)","","American bullfrog","Animalia","Chordata","Vertebrata",,"Amphibia",,,"Anura","","","Ranidae","",,"Lithobates","catesbeianus",,"",,"exotic","SNA (2021)","","confirmed","observed","1941-07-08","I.McT. Cowan","UBCBBM","H001126","1291994620","2000-01-28","Jessica","https://www.inaturalist.org/observations/80041556","","65979","HER"
"Lithobates clamitans","(Latreille, 1801)","","green frog","Animalia","Chordata","Vertebrata",,"Amphibia",,,"Anura","","","Ranidae","",,"Lithobates","clamitans",,"",,"exotic","SNA (2021)","","confirmed","observed","1963-06-20","Cook, Dr. Francis R.  ; Cook, Joyce C. ; Powell, C. Bruce ; Carl, G. Clifford ; Rangel, J.R.","CMN","CMNAR 7198","1804111177","2000-02-10","Jessica","https://www.inaturalist.org/observations/82073658","","65982","HER"
"Lithobates pipiens","(Schreber, 1782)","","northern leopard frog","Animalia","Chordata","Vertebrata",,"Amphibia",,,"Anura","","","Ranidae","",,"Lithobates","pipiens",,"",,"native","S1 (2021)","1-E (2003)","reported","unobserved","1965-03-29","B. Mide","UBCBBM","H001450","1291994957","","","","","66003","HER"
"Lithobates sylvaticus","(LeConte, 1825)","","wood frog","Animalia","Chordata","Vertebrata",,"Amphibia",,,"Anura","","","Ranidae","",,"Lithobates","sylvaticus",,"",,"native","S4S5 (2022)","","reported","unobserved","1965-07-30","Cook, Dr. Francis R.  ; Powell, C. Bruce","CMN","CMNAR 8663","1804131360","","","","","66012","HER"
"Rana aurora","Baird and Girard, 1852","","northern red-legged frog","Animalia","Chordata","Vertebrata",,"Amphibia",,,"Anura","","","Ranidae","",,"Rana","aurora",,"",,"native","S3 (2022)","1-SC (2005)","confirmed","observed","1818-06-20","","MVZ","MVZ:Herp:16957","1145474062","1998-04-16","graeme45","https://www.inaturalist.org/observations/70098048","","25545","HER"
"Rana luteiventris","Thompson, 1913","","Columbia spotted frog","Animalia","Chordata","Vertebrata",,"Amphibia",,,"Anura","","","Ranidae","",,"Rana","luteiventris",,"",,"native","S4S5 (2022)","","confirmed","observed","1926-09-01","G.M. Smith","UBCBBM","H000437","1291994021","2020-06-03","Chloe and Trevor Van Loon","https://www.inaturalist.org/observations/48510591","","25588","HER"
"Rana pretiosa","Baird & Girard, 1853","","Oregon spotted frog","Animalia","Chordata","Vertebrata",,"Amphibia",,,"Anura","","","Ranidae","",,"Rana","pretiosa",,"",,"native","S1 (2022)","1-E (2003)","reported","unobserved","1951-03-28","G.S.","UBCBBM","H001048","1291994580","","","","","25542","HER"
"Ambystoma gracile","(Baird, 1859)","","northwestern salamander","Animalia","Chordata","Vertebrata",,"Amphibia",,,"Caudata","","","Ambystomatidae","",,"Ambystoma","gracile",,"",,"native","S4S5 (2016)","","confirmed","observed","1818-06-20","","MVZ","MVZ:Herp:16949","1145473987","2006-07-23","Royal BC Museum","https://www.inaturalist.org/observations/61257604","","26747","HER"
"Ambystoma macrodactylum","Baird, 1950","","long-toed salamander","Animalia","Chordata","Vertebrata",,"Amphibia",,,"Caudata","","","Ambystomatidae","",,"Ambystoma","macrodactylum",,"",,"native","S5 (2016)","","confirmed","observed","1818-06-20","","MVZ","MVZ:Herp:16956","1145474086","2006-09-04","Lyrae","https://www.inaturalist.org/observations/76301382","","26754","HER"
"Dicamptodon tenebrosus","(Baird and Girard, 1852)","","coastal giant salamander","Animalia","Chordata","Vertebrata",,"Amphibia",,,"Caudata","","","Ambystomatidae","",,"Dicamptodon","tenebrosus",,"",,"native","S2S3 (2022)","1-T (2003)","confirmed","observed","1957-08-24","S. Dodge","LACM","84544","657426880","2013-05-15","Sara Brooke Benjamin","http://www.inaturalist.org/observations/1098266","","26822","HER"
"Aneides vagrans","Wake & Jackman, 1998","","wandering salamander","Animalia","Chordata","Vertebrata",,"Amphibia",,,"Caudata","","","Plethodontidae","Plethodontinae",,"Aneides","vagrans",,"",,"native","S3 (2022)","1-SC (2018)","confirmed","observed","1904-06-01","J. Keen","RBCM","145","1986821575","2014-04-06","Paul Westell","https://www.inaturalist.org/observations/149081215","","248672","HER"
"Ensatina eschscholtzii","Gray, 1850","","ensatina","Animalia","Chordata","Vertebrata",,"Amphibia",,,"Caudata","","","Plethodontidae","Plethodontinae",,"Ensatina","eschscholtzii",,"",,"native","S4 (2022)","","confirmed","observed","1920-06-24","E.C. Van Dyke","CAS","48915",,"2006-05-16","Ken McMillan","https://www.inaturalist.org/observations/14690555","","27250","HER"
"Plethodon vehiculum","(Cooper, 1860)","","western red-backed salamander","Animalia","Chordata","Vertebrata",,"Amphibia",,,"Caudata","","","Plethodontidae","Plethodontinae",,"Plethodon","vehiculum",,"",,"native","S4 (2022)","","confirmed","observed","1901-05-04","","USNM","USNM 29616","1321194750","2003-02-17","Veronica Wahl","https://www.inaturalist.org/observations/17539660","","27194","HER"
"Taricha granulosa","(Skilton, 1849)","","rough-skinned newt","Animalia","Chordata","Vertebrata",,"Amphibia",,,"Caudata","","","Salamandridae","Pleurodelinae",,"Taricha","granulosa",,"",,"native","S4S5 (2016)","","confirmed","observed","1818-06-20","","MVZ","MVZ:Herp:16954","1145474085","1997-05-17","Steve Ansell","https://www.inaturalist.org/observations/108222393","","27826","HER"
"Elgaria coerulea","(Wiegmann, 1828)","","northern alligator lizard","Animalia","Chordata","Vertebrata",,"Reptilia",,,"Squamata","Sauria","","Anguidae","Gerrhonotinae",,"Elgaria","coerulea",,"",,"native","S4 (2018)","","confirmed","observed","1818-06-20","","MVZ","MVZ:Herp:16960","1145474161","1997-03-01","Steve Ansell","https://www.inaturalist.org/observations/108222328","","32064","HER"
"Podarcis muralis","(Laurenti, 1768)","","common wall lizard","Animalia","Chordata","Vertebrata",,"Reptilia",,,"Squamata","Sauria","","Lacertidae","",,"Podarcis","muralis",,"",,"exotic","SNA (2018)","","confirmed","observed","2001-07-12","David Cunnington & Kathy Paige","LACM","153118","657495491","2005-04-21","gavinh","https://www.inaturalist.org/observations/32170084","","55990","HER"
"Sceloporus occidentalis","Baird and Girard, 1852","","western fence lizard","Animalia","Chordata","Vertebrata",,"Reptilia",,,"Squamata","Sauria","","Phrynosomatidae","",,"Sceloporus","occidentalis",,"",,"exotic","unlisted","","new 2020","observed","","","","",,"2020-05-23","sculpin_saves","https://www.inaturalist.org/observations/47077052","","36204","HER"
"Plestiodon skiltonianus","Baird & Girard, 1852","","western skink","Animalia","Chordata","Vertebrata",,"Reptilia",,,"Squamata","Sauria","","Scincidae","Scincinae",,"Plestiodon","skiltonianus",,"",,"native","S3S4 (2018)","1-SC (2005)","reported","unobserved","2020-07-01","LGL Limited, Environmental Research Associates, Sidney, BC","UNESCO Nomination | Átl’ka7tsem / Howe Sound Biosphere Reserve  | Appendices","",,"","","","","37769","HER"
"Charina bottae","(Blainville, 1835)","","northern rubber boa","Animalia","Chordata","Vertebrata",,"Reptilia",,,"Squamata","Serpentes","","Boidae","",,"Charina","bottae",,"",,"native","S4 (2018)","1-SC (2005)","confirmed","observed","1818-06-20","","MVZ","MVZ:Herp:16964","1145474208","2010-07-03","akopitov","https://www.inaturalist.org/observations/111739032","","243962","HER"
"Coluber constrictor","Linnaeus, 1758","","North American racer","Animalia","Chordata","Vertebrata",,"Reptilia",,,"Squamata","Serpentes","","Colubridae","",,"Coluber","constrictor",,"",,"native","S2S3 (2018)","1-T (2023)","confirmed","observed","1964-06-03","MacDonald, Stewart D.","CMN","CMNAR 7923","1804115767","2023-07-02","Ben Keen","https://www.inaturalist.org/observations/170750641","","27137","HER"
"Contia tenuis","(Baird & Girard,1852)","","sharp-tailed snake","Animalia","Chordata","Vertebrata",,"Reptilia",,,"Squamata","Serpentes","","Colubridae","Dipsadinae",,"Contia","tenuis",,"",,"native","S1S2 (2018)","1-E (2003)","confirmed","observed","1800-01-01","Collector(s): unknown","UWBM","UWBM:Herp:2317","1146413164","2007-04-05","Doug McCutchen","https://www.inaturalist.org/observations/175281075","","26916","HER"
"Pituophis catenifer catenifer","(Blainville, 1835)","","gopher snake","Animalia","Chordata","Vertebrata",,"Reptilia",,,"Squamata","Serpentes","","Colubridae","Colubrinae",,"Pituophis","catenifer",,"catenifer",,"extirpated","SX (2018)","","confirmed","observed","1957-07-01","","OMNH","29149.0","894763135","2019-06-11","jessicakirkwood","https://www.inaturalist.org/observations/26849039","extirpated as of 2012","29044","HER"
"Pituophis catenifer deserticola","(Blainville, 1835)","Stejneger, 1893","gopher snake","Animalia","Chordata","Vertebrata",,"Reptilia",,,"Squamata","Serpentes","","Colubridae","Colubrinae",,"Pituophis","catenifer",,"deserticola",,"native","S3 (2018)","1-T (2005)","confirmed","observed","1964-07-26","MacDonald, Stewart D.","CMN","CMNAR 8136","1804133545","2009-08-01","Brian Starzomski","https://www.inaturalist.org/observations/15594957","","29049","HER"
"Thamnophis elegans","(Baird & Girard, 1853","","wandering garter snake","Animalia","Chordata","Vertebrata",,"Reptilia",,,"Squamata","Serpentes","","Colubridae","Natricinae",,"Thamnophis","elegans",,"",,"native","S5 (2018)","","confirmed","observed","1885-01-01","Dawson, George Mercer","CMN","CMNAR 2","1804122396","2006-09-07","Sean Daniels","https://www.inaturalist.org/observations/64749864","","28403","HER"
"Thamnophis ordinoides","(Baird & Girard, 1852)","","northwestern garter snake","Animalia","Chordata","Vertebrata",,"Reptilia",,,"Squamata","Serpentes","","Colubridae","Natricinae",,"Thamnophis","ordinoides",,"",,"native","S4 (2018)","","confirmed","observed","1818-06-20","","MVZ","MVZ:Herp:17000","1145474643","1998-07-12","graeme45","https://www.inaturalist.org/observations/70112227","","28389","HER"
"Thamnophis sirtalis fitchi","(Linnaeus, 1758)","Fox, 1951","valley garter snake","Animalia","Chordata","Vertebrata",,"Reptilia",,,"Squamata","Serpentes","","Colubridae","Natricinae",,"Thamnophis","sirtalis",,"fitchi",,"native","S5 (2018)","","confirmed","observed","1976-09-09","Schueler, Frederick W. IV","CMN","CMNAR 18650","1804106625","2007-06-02","Larry Cowan","https://www.inaturalist.org/observations/143458220","","28371","HER"
"Thamnophis sirtalis pickeringii","(Linnaeus, 1758)","(Baird & Girard, 1853)","Puget Sound garter snake","Animalia","Chordata","Vertebrata",,"Reptilia",,,"Squamata","Serpentes","","Colubridae","Natricinae",,"Thamnophis","sirtalis",,"pickeringii",,"native","S5 (2018)","","confirmed","observed","1940-07-01","Collector(s): Wilmer W. Tanner","BYU","BYU:Herp:3525","3864875760","2004-07-18","Ken McMillan","https://www.inaturalist.org/observations/14658885","","28363","HER"
"Crotalus oreganus","Holbrook, 1840","","western rattlesnake","Animalia","Chordata","Vertebrata",,"Reptilia",,,"Squamata","Serpentes","","Viperidae","",,"Crotalus","oreganus",,"",,"native","S2S3 (2018)","1-T (2005)","reported","unobserved","1964-09-06","Lehman, Albert","CMN","CMNAR 8214","1804110008","","","","","48268","HER"
"Lepidochelys olivacea","(Eschscholtz, 1829)","","olive ridley sea turtle","Animalia","Chordata","Vertebrata",,"Reptilia",,,"Testudines","Cryptodira","Chelonioidea","Cheloniidae","",,"Lepidochelys","olivacea",,"",,"accidental","SNA (2018)","","new 2019","observed","","","","",,"2019-09-30","gavinh","https://www.inaturalist.org/observations/33769285","","39670","HER"
"Actinemys marmorata","(Baird and Girard, 1852)","","western pond turtle","Animalia","Chordata","Vertebrata",,"Reptilia",,,"Testudines","Cryptodira","","Emydidae","Emydinae",,"Actinemys","marmorata",,"",,"extirpated","SX (2018)","","reported","unobserved","2020-07-01","LGL Limited, Environmental Research Associates, Sidney, BC","UNESCO Nomination | Átl’ka7tsem / Howe Sound Biosphere Reserve  | Appendices","",,"","","","extirpated as of 2012","73592","HER"
"Chrysemys picta","(Schneider, 1783)","","painted turtle","Animalia","Chordata","Vertebrata",,"Reptilia",,,"Testudines","Cryptodira","","Emydidae","Deirochelyinae",,"Chrysemys","picta",,"",,"native","S1S2 (2018)","1-T (2021)","confirmed","observed","2009-04-17","Kristiina Ovaska; Christian Engelstoft","RBCM","1973","1986822069","2007-08-30","Lyrae","https://www.inaturalist.org/observations/76301381","","39771","HER"
"Trachemys scripta","(Thunberg In Schoepff, 1792)","","common slider","Animalia","Chordata","Vertebrata",,"Reptilia",,,"Testudines","Cryptodira","","Emydidae","Deirochelyinae",,"Trachemys","scripta",,"",,"exotic","SNA (2018)","","confirmed","observed","2012-02-16","John Creviston","RBCM","1994","1986822134","2003-03-25","Veronica Wahl","https://www.inaturalist.org/observations/17539664","","39782","HER"
"Pituophis catenifer","","","","Animalia","Chordata","","","Reptilia","","","Squamata","","","Colubridae","","","Pituophis","","","","","","","","","","1957-07-01","","OMNH","29149.0","894763135","","","","","",""
"Thamnophis thamnophis","","","","Animalia","Chordata","","","Reptilia","","","Squamata","","","Colubridae","","","Thamnophis","","","","","","","","","","1965-05-24","","PSM","Herp-10107","812636275","","","","","",""
"Bufo boreas","","","","Animalia","Chordata","","","Amphibia","","","Anura","","","Bufonidae","","","Anaxyrus","","","","","","","","","","1929-07-04","","PSM","Herp-01048","812629383","","","","","",""
"Podarcis muralis maculiventris","","","","Animalia","Chordata","","","Reptilia","","","Squamata","","","Lacertidae","","","Podarcis","","","","","Native","","","","","2001-07-12","David Cunnington & Kathy Paige","LACM","153118","657495491","","","","","",""
"Podarcis muralis maculiventris","","","","Animalia","Chordata","","","Reptilia","","","Squamata","","","Lacertidae","","","Podarcis","","","","","Native","","","","","2001-07-12","David Cunnington & Kathy Paige","LACM","153117","657495490","","","","","",""
"Podarcis muralis maculiventris","","","","Animalia","Chordata","","","Reptilia","","","Squamata","","","Lacertidae","","","Podarcis","","","","","Native","","","","","2001-07-12","David Cunnington & Kathy Paige","LACM","153116","657495489","","","","","",""
"Podarcis muralis maculiventris","","","","Animalia","Chordata","","","Reptilia","","","Squamata","","","Lacertidae","","","Podarcis","","","","","Native","","","","","2001-07-12","David Cunnington & Kathy Paige","LACM","153115","657495488","","","","","",""
"Podarcis muralis maculiventris","","","","Animalia","Chordata","","","Reptilia","","","Squamata","","","Lacertidae","","","Podarcis","","","","","Native","","","","","2001-07-12","David Cunnington & Kathy Paige","LACM","153114","657495487","","","","","",""
"Podarcis muralis maculiventris","","","","Animalia","Chordata","","","Reptilia","","","Squamata","","","Lacertidae","","","Podarcis","","","","","Native","","","","","2001-07-12","David Cunnington & Kathy Paige","LACM","153113","657495486","","","","","",""
"Podarcis muralis maculiventris","","","","Animalia","Chordata","","","Reptilia","","","Squamata","","","Lacertidae","","","Podarcis","","","","","Native","","","","","2001-07-12","David Cunnington & Kathy Paige","LACM","153112","657495460","","","","","",""
"Podarcis muralis maculiventris","","","","Animalia","Chordata","","","Reptilia","","","Squamata","","","Lacertidae","","","Podarcis","","","","","Native","","","","","2001-07-12","David Cunnington & Kathy Paige","LACM","153111","657495459","","","","","",""
"Podarcis muralis maculiventris","","","","Animalia","Chordata","","","Reptilia","","","Squamata","","","Lacertidae","","","Podarcis","","","","","Native","","","","","2001-07-12","David Cunnington & Kathy Paige","LACM","153110","657495458","","","","","",""
"Podarcis muralis maculiventris","","","","Animalia","Chordata","","","Reptilia","","","Squamata","","","Lacertidae","","","Podarcis","","","","","Native","","","","","2001-07-12","David Cunnington & Kathy Paige","LACM","153109","657495457","","","","","",""
"Dicamptodon ensatus","","","","Animalia","Chordata","","","Amphibia","","","Caudata","","","Ambystomatidae","","","Dicamptodon","","","","","Native","","","","","1957-08-24","S. Dodge","LACM","84547","657426883","","","","","",""
"Dicamptodon ensatus","","","","Animalia","Chordata","","","Amphibia","","","Caudata","","","Ambystomatidae","","","Dicamptodon","","","","","Native","","","","","1957-08-24","S. Dodge","LACM","84546","657426882","","","","","",""
"Dicamptodon ensatus","","","","Animalia","Chordata","","","Amphibia","","","Caudata","","","Ambystomatidae","","","Dicamptodon","","","","","Native","","","","","1957-08-24","S. Dodge","LACM","84545","657426881","","","","","",""
"Dicamptodon ensatus","","","","Animalia","Chordata","","","Amphibia","","","Caudata","","","Ambystomatidae","","","Dicamptodon","","","","","Native","","","","","1957-08-24","S. Dodge","LACM","84544","657426880","","","","","",""
"Elgaria coerulea principis","","","","Animalia","Chordata","","","Reptilia","","","Squamata","","","Anguidae","","","Elgaria","","","","","","","","","","1895-07-24","J.M. Edson","CAS","3350","543738188","","","","","",""
"Aneides vagrans","","","","Animalia","Chordata","","","Amphibia","","","Caudata","","","Plethodontidae","","","Aneides","","","","","","","","","","1906-05-16","J.O. Snyder and V. Burke","CAS","2637","543708396","","","","","",""
"Aneides vagrans","","","","Animalia","Chordata","","","Amphibia","","","Caudata","","","Plethodontidae","","","Aneides","","","","","","","","","","1906-05-16","J.O. Snyder and V. Burke","CAS","2636","543708395","","","","","",""
"Aneides vagrans","","","","Animalia","Chordata","","","Amphibia","","","Caudata","","","Plethodontidae","","","Aneides","","","","","","","","","","1906-05-16","J.O. Snyder and V. Burke","CAS","2635","543708394","","","","","",""
"Aneides vagrans","","","","Animalia","Chordata","","","Amphibia","","","Caudata","","","Plethodontidae","","","Aneides","","","","","","","","","","1906-05-16","J.O. Snyder and V. Burke","CAS","2634","543708393","","","","","",""
"Aneides vagrans","","","","Animalia","Chordata","","","Amphibia","","","Caudata","","","Plethodontidae","","","Aneides","","","","","","","","","","1906-05-16","J.O. Snyder and V. Burke","CAS","2633","543708392","","","","","",""
"Aneides vagrans","","","","Animalia","Chordata","","","Amphibia","","","Caudata","","","Plethodontidae","","","Aneides","","","","","","","","","","1906-05-16","J.O. Snyder and V. Burke","CAS","2632","543708391","","","","","",""
"Aneides vagrans","","","","Animalia","Chordata","","","Amphibia","","","Caudata","","","Plethodontidae","","","Aneides","","","","","","","","","","1906-05-16","J.O. Snyder and V. Burke","CAS","2631","543708390","","","","","",""
"Aneides vagrans","","","","Animalia","Chordata","","","Amphibia","","","Caudata","","","Plethodontidae","","","Aneides","","","","","","","","","","1906-05-16","J.O. Snyder and V. Burke","CAS","2630","543708389","","","","","",""
"Aneides vagrans","","","","Animalia","Chordata","","","Amphibia","","","Caudata","","","Plethodontidae","","","Aneides","","","","","","","","","","1906-05-16","J.O. Snyder and V. Burke","CAS","2629","543708387","","","","","",""
"Aneides vagrans","","","","Animalia","Chordata","","","Amphibia","","","Caudata","","","Plethodontidae","","","Aneides","","","","","","","","","","1906-05-16","J.O. Snyder and V. Burke","CAS","2628","543708386","","","","","",""
"Aneides vagrans","","","","Animalia","Chordata","","","Amphibia","","","Caudata","","","Plethodontidae","","","Aneides","","","","","","","","","","1906-05-16","J.O. Snyder and V. Burke","CAS","2627","543708385","","","","","",""
"Aneides vagrans","","","","Animalia","Chordata","","","Amphibia","","","Caudata","","","Plethodontidae","","","Aneides","","","","","","","","","","1906-05-16","J.O. Snyder and V. Burke","CAS","2626","543708384","","","","","",""
"Aneides vagrans","","","","Animalia","Chordata","","","Amphibia","","","Caudata","","","Plethodontidae","","","Aneides","","","","","","","","","","1906-05-16","J.O. Snyder and V. Burke","CAS","2625","543708383","","","","","",""
"Aneides vagrans","","","","Animalia","Chordata","","","Amphibia","","","Caudata","","","Plethodontidae","","","Aneides","","","","","","","","","","1906-05-16","J.O. Snyder and V. Burke","CAS","2624","543708382","","","","","",""
"Aneides vagrans","","","","Animalia","Chordata","","","Amphibia","","","Caudata","","","Plethodontidae","","","Aneides","","","","","","","","","","1906-05-16","J.O. Snyder and V. Burke","CAS","2623","543708381","","","","","",""
"Aneides vagrans","","","","Animalia","Chordata","","","Amphibia","","","Caudata","","","Plethodontidae","","","Aneides","","","","","","","","","","1906-05-16","J.O. Snyder and V. Burke","CAS","2622","543708380","","","","","",""
"Aneides vagrans","","","","Animalia","Chordata","","","Amphibia","","","Caudata","","","Plethodontidae","","","Aneides","","","","","","","","","","1906-05-16","J.O. Snyder and V. Burke","CAS","2621","543708379","","","","","",""
"Aneides vagrans","","","","Animalia","Chordata","","","Amphibia","","","Caudata","","","Plethodontidae","","","Aneides","","","","","","","","","","1906-05-16","J.O. Snyder and V. Burke","CAS","2620","543708378","","","","","",""
"Aneides vagrans","","","","Animalia","Chordata","","","Amphibia","","","Caudata","","","Plethodontidae","","","Aneides","","","","","","","","","","1906-05-16","J.O. Snyder and V. Burke","CAS","1628","543699255","","","","","",""
"Aneides vagrans","","","","Animalia","Chordata","","","Amphibia","","","Caudata","","","Plethodontidae","","","Aneides","","","","","","","","","","1906-05-16","J.O. Snyder and V. Burke","CAS","1627","543699244","","","","","",""
"Aneides vagrans","","","","Animalia","Chordata","","","Amphibia","","","Caudata","","","Plethodontidae","","","Aneides","","","","","","","","","","1906-05-16","J.O. Snyder and V. Burke","CAS","1626","543699233","","","","","",""
"Aneides vagrans","","","","Animalia","Chordata","","","Amphibia","","","Caudata","","","Plethodontidae","","","Aneides","","","","","","","","","","1906-05-16","J.O. Snyder and V. Burke","CAS","1625","543699222","","","","","",""
"Aneides vagrans","","","","Animalia","Chordata","","","Amphibia","","","Caudata","","","Plethodontidae","","","Aneides","","","","","","","","","","1906-05-16","J.O. Snyder and V. Burke","CAS","1624","543699211","","","","","",""
"Aneides vagrans","","","","Animalia","Chordata","","","Amphibia","","","Caudata","","","Plethodontidae","","","Aneides","","","","","","","","","","1906-05-16","J.O. Snyder and V. Burke","CAS","1623","543699200","","","","","",""
"Aneides vagrans","","","","Animalia","Chordata","","","Amphibia","","","Caudata","","","Plethodontidae","","","Aneides","","","","","","","","","","1906-05-16","J.O. Snyder and V. Burke","CAS","1622","543699189","","","","","",""
"Bufo boreas boreas","","","","Animalia","Chordata","","","Amphibia","","","Anura","","","Bufonidae","","","Anaxyrus","","","","","","","","","","1944-08-10","A.W.C.T. Herre","CAS","11009","543693400","","","","","",""
"Ensatina eschscholtzii oregonensis","","","","Animalia","Chordata","","","Amphibia","","","Caudata","","","Plethodontidae","","","Ensatina","","","","","","","","","","1920-06-24","E.C. Van Dyke","CAS","48915","543635527","","","","","",""
"Aneides vagrans","","","","Animalia","Chordata","","","Amphibia","","","Caudata","","","Plethodontidae","","","Aneides","","","","","","","","","","1906-05-16","J.O. Snyder","CAS","13307","543477895","","","","","",""
"Aneides vagrans","","","","Animalia","Chordata","","","Amphibia","","","Caudata","","","Plethodontidae","","","Aneides","","","","","","","","","","1906-05-16","J.O. Snyder","CAS","13306","543477884","","","","","",""
"Thamnophis sirtalis concinnus (Hallowell, 1852)","","","","Animalia","Chordata","","","Reptilia","","","Squamata","","","Colubridae","","","Thamnophis","","","","","","","","","","1916-07-01","Dr. Cottop","MCZ","R-32513","476643131","","","","","",""
"Ambystoma gracile decorticatum","","","","Animalia","Chordata","","","Amphibia","","","Caudata","","","Ambystomatidae","","","Ambystoma","","","","","","","","","","1941-08-20","R. Kellogg","MCZ","A-30609","476607628","","","","","",""
"Rana aurora aurora Baird and Girard, 1852","","","","Animalia","Chordata","","","Amphibia","","","Anura","","","Ranidae","","","Rana","","","","","","","","","","1968-05-18","Ronald A. Nussbaum","MCZ","A-135287","476563557","","","","","",""
"Thamnophis sirtalis pickeringii","","","","Animalia","Chordata","","","Reptilia","","","Squamata","","","Colubridae","","","Thamnophis","","","","","","","","","","1940-07-01","Collector(s): Wilmer W. Tanner","BYU","BYU:Herp:3525","3864875760","","","","","",""
"Thamnophis sirtalis pickeringii","","","","Animalia","Chordata","","","Reptilia","","","Squamata","","","Colubridae","","","Thamnophis","","","","","","","","","","1940-07-01","Collector(s): Wilmer W. Tanner","BYU","BYU:Herp:3524","3864872985","","","","","",""
"Thamnophis sirtalis pickeringii","","","","Animalia","Chordata","","","Reptilia","","","Squamata","","","Colubridae","","","Thamnophis","","","","","","","","","","1940-07-01","Collector(s): Wilmer W. Tanner","BYU","BYU:Herp:2923","3864857683","","","","","",""
"Podarcis siculus","","","","Animalia","Chordata","","","Reptilia","","","Squamata","","","Lacertidae","","","Podarcis","","","","","Native","","","","","2019-07-11","Max Lambert and Nora Hawkins","LACM","","3341486489","","","","","",""
"Podarcis siculus","","","","Animalia","Chordata","","","Reptilia","","","Squamata","","","Lacertidae","","","Podarcis","","","","","Native","","","","","2019-07-11","Max Lambert and Nora Hawkins","LACM","","3341483318","","","","","",""
"Podarcis siculus","","","","Animalia","Chordata","","","Reptilia","","","Squamata","","","Lacertidae","","","Podarcis","","","","","Native","","","","","2019-07-11","Max Lambert and Nora Hawkins","LACM","","3341471477","","","","","",""
"Elgaria coerulea Wiegmann, 1828","","","","Animalia","Chordata","","","Reptilia","","","Squamata","","","Anguidae","","","Elgaria","","","","","","","","","","2006-08-01","","UVIC","06.11","3329070067","","","","","",""
"Lithobates catesbeiana (Shaw, 1802)","","","","Animalia","Chordata","","","Amphibia","","","Anura","","","Ranidae","","","Lithobates","","","","","","","","","","2000-11-08","","UVIC","01.63","3329069824","","","","","",""
"Lithobates catesbeiana (Shaw, 1802)","","","","Animalia","Chordata","","","Amphibia","","","Anura","","","Ranidae","","","Lithobates","","","","","","","","","","2000-11-08","","UVIC","01.64","3329069823","","","","","",""
"Rana aurora Baird & Girard, 1852","","","","Animalia","Chordata","","","Amphibia","","","Anura","","","Ranidae","","","Rana","","","","","","","","","","1992-10-19","","UVIC","93.22","3329069320","","","","","",""
"Thamnophis ordinoides (Baird & Girard, 1852)","","","","Animalia","Chordata","","","Squamata","","","","","","Colubridae","","","Thamnophis","","","","","","","","","","1929-01-01","Gilson","RBINS-Scientific Heritage","2823","3025616935","","","","","",""
"Thamnophis ordinoides (Baird & Girard, 1852)","","","","Animalia","Chordata","","","Squamata","","","","","","Colubridae","","","Thamnophis","","","","","","","","","","1929-01-01","Gilson","RBINS","2823","3024553174","","","","","",""
"Hyla regilla","","","","Animalia","Chordata","","","Amphibia","","","Anura","","","Hylidae","","","Pseudacris","","","","","","","","","","1964-07-22","Unknown","TNHC","109707","2819890419","","","","","",""
"Hyla regilla","","","","Animalia","Chordata","","","Amphibia","","","Anura","","","Hylidae","","","Pseudacris","","","","","","","","","","1964-07-22","Unknown","TNHC","109708","2819889450","","","","","",""
"Hyla regilla","","","","Animalia","Chordata","","","Amphibia","","","Anura","","","Hylidae","","","Pseudacris","","","","","","","","","","1964-07-22","Unknown","TNHC","109706","2819889449","","","","","",""
"Hyla regilla","","","","Animalia","Chordata","","","Amphibia","","","Anura","","","Hylidae","","","Pseudacris","","","","","","","","","","1964-07-22","Unknown","TNHC","109709","2819828436","","","","","",""
"BOLD:AAD3817","","","","Animalia","Chordata","","","Amphibia","","","Caudata","","","Salamandridae","","","Taricha","","","","","","","","","","2014-06-19","BIObus 2014","Centre for Biodiversity Genomics","BIOUG31184-D03","2248973544","","","","","",""
"PSEUDACRIS REGILLA","","","","Animalia","Chordata","","","Amphibia","","","Anura","","","Hylidae","","","Pseudacris","","","","","Native","","","","","1920-08-18","F N BLANCHARD","UMMZ","97282","1987220378","","","","","",""
"RANA AURORA","","","","Animalia","Chordata","","","Amphibia","","","Anura","","","Ranidae","","","Lithobates","","","","","Native","","","","","1920-08-18","F N BLANCHARD","UMMZ","97212","1987212795","","","","","",""
"THAMNOPHIS SIRTALIS","","","","Animalia","Chordata","","","Reptilia","","","Squamata","","","Colubridae","","","Thamnophis","","","","","Native","","","","","1953-06-26","RICHARD FLEMING","UMMZ","109206","1987147297","","","","","",""
"THAMNOPHIS SIRTALIS","","","","Animalia","Chordata","","","Reptilia","","","Squamata","","","Colubridae","","","Thamnophis","","","","","Native","","","","","1953-06-26","RICHARD FLEMING","UMMZ","109205","1987144279","","","","","",""
"THAMNOPHIS ELEGANS","","","","Animalia","Chordata","","","Reptilia","","","Squamata","","","Colubridae","","","Thamnophis","","","","","Native","","","","","1953-06-24","P STETTENHEIM","UMMZ","109202","1987106776","","","","","",""
"THAMNOPHIS ORDINOIDES","","","","Animalia","Chordata","","","Reptilia","","","Squamata","","","Colubridae","","","Thamnophis","","","","","Native","","","","","1928-01-01","","UMMZ","96985","1987077563","","","","","",""
"Plethodon vehiculum (Cooper, 1860)","","","","Animalia","Chordata","","","Amphibia","","","Caudata","","","Plethodontidae","","","Plethodon","","","","","","","","","","1940-04-26","Ian McTaggart-Cowan","RBCM","84","1986822926","","","","","",""
"Plethodon vehiculum (Cooper, 1860)","","","","Animalia","Chordata","","","Amphibia","","","Caudata","","","Plethodontidae","","","Plethodon","","","","","","","","","","1940-04-26","Ian McTaggart-Cowan","RBCM","85","1986822689","","","","","",""
"Plethodon vehiculum (Cooper, 1860)","","","","Animalia","Chordata","","","Amphibia","","","Caudata","","","Plethodontidae","","","Plethodon","","","","","","","","","","1940-04-26","Ian McTaggart-Cowan","RBCM","81","1986822687","","","","","",""
"Plethodon vehiculum (Cooper, 1860)","","","","Animalia","Chordata","","","Amphibia","","","Caudata","","","Plethodontidae","","","Plethodon","","","","","","","","","","1940-04-26","Ian McTaggart-Cowan","RBCM","83","1986822669","","","","","",""
"Thamnophis elegans (Baird and Girard, 1853)","","","","Animalia","Chordata","","","Squamata","","","","","","Colubridae","","","Thamnophis","","","","","","","","","","1943-07-15","Lett","RBCM","711","1986822643","","","","","",""
"Thamnophis sirtalis (Linnaeus, 1758)","","","","Animalia","Chordata","","","Reptilia","","","Squamata","","","Colubridae","","","Thamnophis","","","","","","","","","","1932-09-12","George Holland","RBCM","517","1986822591","","","","","",""
"Thamnophis ordinoides (Baird and Girard, 1852)","","","","Animalia","Chordata","","","Squamata","","","","","","Colubridae","","","Thamnophis","","","","","","","","","","1926-07-19","W. Kermode","RBCM","441","1986822587","","","","","",""
"Thamnophis ordinoides (Baird and Girard, 1852)","","","","Animalia","Chordata","","","Squamata","","","","","","Colubridae","","","Thamnophis","","","","","","","","","","1926-07-19","W. Kermode","RBCM","440","1986822584","","","","","",""
"Thamnophis sirtalis (Linnaeus, 1758)","","","","Animalia","Chordata","","","Reptilia","","","Squamata","","","Colubridae","","","Thamnophis","","","","","","","","","","1932-09-12","George Holland","RBCM","516","1986822583","","","","","",""
"Rana aurora Baird and Girard, 1852","","","","Animalia","Chordata","","","Amphibia","","","Anura","","","Ranidae","","","Rana","","","","","","","","","","1947-01-01","George Hardy","RBCM","874","1986822477","","","","","",""
"Plethodon vehiculum (Cooper, 1860)","","","","Animalia","Chordata","","","Amphibia","","","Caudata","","","Plethodontidae","","","Plethodon","","","","","","","","","","1940-04-26","Ian McTaggart-Cowan","RBCM","86","1986822474","","","","","",""
"Plethodon vehiculum (Cooper, 1860)","","","","Animalia","Chordata","","","Amphibia","","","Caudata","","","Plethodontidae","","","Plethodon","","","","","","","","","","1940-04-26","Ian McTaggart-Cowan","RBCM","82","1986822468","","","","","",""
"Plethodon vehiculum (Cooper, 1860)","","","","Animalia","Chordata","","","Amphibia","","","Caudata","","","Plethodontidae","","","Plethodon","","","","","","","","","","1940-04-26","G. Carl","RBCM","542","1986822300","","","","","",""
"Ambystoma gracile (Baird, 1859)","","","","Animalia","Chordata","","","Amphibia","","","Caudata","","","Ambystomatidae","","","Ambystoma","","","","","","","","","","1930-03-30","W. Newcombe","RBCM","73","1986822282","","","","","",""
"Ambystoma macrodactylum Baird, 1850","","","","Animalia","Chordata","","","Amphibia","","","Caudata","","","Ambystomatidae","","","Ambystoma","","","","","","","","","","1941-07-15","G. Carl","RBCM","607","1986822264","","","","","",""
"Contia tenuis (Baird and Girard, 1852)","","","","Animalia","Chordata","","","Squamata","","","","","","Colubridae","","","Contia","","","","","","","","","","1997-06-20","R. Henshaw","RBCM","1931","1986822164","","","","","",""
"Trachemys scripta elegans (Wied-Neuwied, 1839)","","","","Animalia","Chordata","","","Reptilia","","","Testudines","","","Emydidae","","","Trachemys","","","","","","","","","","2012-02-16","John Creviston","RBCM","1994","1986822134","","","","","",""
"Pseudacris regilla (Baird and Girard, 1852)","","","","Animalia","Chordata","","","Amphibia","","","Anura","","","Hylidae","","","Pseudacris","","","","","","","","","","1925-09-13","George Hardy","RBCM","237","1986822088","","","","","",""
"Chrysemys picta bellii (Gray, 1831)","","","","Animalia","Chordata","","","Reptilia","","","Testudines","","","Emydidae","","","Chrysemys","","","","","","","","","","2009-04-17","Kristiina Ovaska; Christian Engelstoft","RBCM","1973","1986822069","","","","","",""
"Podarcis muralis (Laurenti, 1768)","","","","Animalia","Chordata","","","Reptilia","","","Squamata","","","Lacertidae","","","Podarcis","","","","","","","","","","2010-03-07","Gavin Hanke","RBCM","1984","1986822050","","","","","",""
"Ensatina eschscholtzii Gray, 1850","","","","Animalia","Chordata","","","Amphibia","","","Caudata","","","Plethodontidae","","","Ensatina","","","","","","","","","","1933-09-01","George Holland","RBCM","484","1986821981","","","","","",""
"Charina bottae (Blainville, 1835)","","","","Animalia","Chordata","","","Reptilia","","","Squamata","","","Boidae","","","Charina","","","","","","","","","","2012-07-14","Claudia Copley","RBCM","2015","1986821940","","","","","",""
"Lithobates clamitans melanota (Rafinesque, 1820)","","","","Animalia","Chordata","","","Amphibia","","","Anura","","","Ranidae","","","Lithobates","","","","","","","","","","2012-08-06","Purnima Govindarajulu","RBCM","2019","1986821929","","","","","",""
"Anaxyrus boreas (Baird and Girard, 1852)","","","","Animalia","Chordata","","","Amphibia","","","Anura","","","Bufonidae","","","Anaxyrus","","","","","","","","","","1940-05-25","Ian McTaggart-Cowan","RBCM","161","1986821708","","","","","",""
"Anaxyrus boreas (Baird and Girard, 1852)","","","","Animalia","Chordata","","","Amphibia","","","Anura","","","Bufonidae","","","Anaxyrus","","","","","","","","","","1940-05-25","Ian McTaggart-Cowan","RBCM","159","1986821640","","","","","",""
"Aneides vagrans Wake and Jackman, 1999","","","","Animalia","Chordata","","","Amphibia","","","Caudata","","","Plethodontidae","","","Aneides","","","","","","","","","","1904-06-01","J. Keen","RBCM","145","1986821575","","","","","",""
"Aneides vagrans Wake and Jackman, 1999","","","","Animalia","Chordata","","","Amphibia","","","Caudata","","","Plethodontidae","","","Aneides","","","","","","","","","","1904-06-01","J. Keen","RBCM","144","1986821557","","","","","",""
"Anaxyrus boreas (Baird and Girard, 1852)","","","","Animalia","Chordata","","","Amphibia","","","Anura","","","Bufonidae","","","Anaxyrus","","","","","","","","","","1940-05-25","Ian McTaggart-Cowan","RBCM","160","1986821499","","","","","",""
"Aneides vagrans Wake and Jackman, 1999","","","","Animalia","Chordata","","","Amphibia","","","Caudata","","","Plethodontidae","","","Aneides","","","","","","","","","","1904-06-01","J. Keen","RBCM","143","1986821359","","","","","",""
"Ambystoma gracile gracile","","","","Animalia","Chordata","","","Amphibia","","","Caudata","","","Ambystomatidae","","","Ambystoma","","","","","","","","","","1940-03-04","E. Cooke","RBCM","108","1986821214","","","","","",""
"Triturus torosus","","","","Animalia","Chordata","","","Amphibia","","","Caudata","","","Salamandridae","","","Taricha","","","","","Native","","","","","1909-06-01","R. L. Moodie","CUMV","A-0001973","1852456484","","","","","",""
"Thamnophis","","","","Animalia","Chordata","","","Reptilia","","","Squamata","","","Colubridae","","","Thamnophis","","","","","Native","","","","","1929-06-16","J. F. Clarke","CUMV","R-0001141","1852445105","","","","","",""
"Chrysemys picta subsp. bellii","","","","Animalia","Chordata","","","Reptilia","","","Testudines","","","Emydidae","","","Chrysemys","","","","","","","","","","2018-06-04","-1331584611","naturgucker","-1660725588","1849309943","","","","","",""
"Thamnophis sirtalis sirtalis (Linnaeus, 1758)","","","","Animalia","Chordata","","","Reptilia","","","Squamata","","","Colubridae","","","Thamnophis","","","","","","","","","","1974-07-21","Chippindale, Paul T.","CMN","CMNAR 16452","1804136356","","","","","",""
"Elgaria coerulea principis Baird and Girard, 1852","","","","Animalia","Chordata","","","Reptilia","","","Squamata","","","Anguidae","","","Elgaria","","","","","","","","","","1908-09-09","Young, Charles H.","CMN","CMNAR 126","1804135638","","","","","",""
"Lithobates pipiens (Schreber, 1782)","","","","Animalia","Chordata","","","Amphibia","","","Anura","","","Ranidae","","","Lithobates","","","","","","","","","","1977-04-21","Schueler, Frederick W. IV  ; Ross, Franklin D.","CMN","CMNAR 18744","1804135224","","","","","",""
"Rhinella marina (Linnaeus, 1758)","","","","Animalia","Chordata","","","Amphibia","","","Anura","","","Bufonidae","","","Rhinella","","","","","","","","","","1976-11-15","Schueler, Frederick W. IV","CMN","CMNAR 19307","1804134287","","","","","",""
"Pituophis catenifer deserticola Stejneger, 1893","","","","Animalia","Chordata","","","Reptilia","","","Squamata","","","Colubridae","","","Pituophis","","","","","","","","","","1964-07-26","MacDonald, Stewart D.","CMN","CMNAR 8136","1804133545","","","","","",""
"Lithobates sylvaticus","","","","Animalia","Chordata","","","Amphibia","","","Anura","","","Ranidae","","","Lithobates","","","","","","","","","","1965-07-30","Cook, Dr. Francis R.  ; Powell, C. Bruce","CMN","CMNAR 8663","1804131360","","","","","",""
"Lithobates catesbeianus (Shaw, 1802)","","","","Animalia","Chordata","","","Amphibia","","","Anura","","","Ranidae","","","Lithobates","","","","","","","","","","1976-09-09","Schueler, Frederick W. IV","CMN","CMNAR 18649","1804130030","","","","","",""
"Ensatina Gray  1850","","","","Animalia","Chordata","","","Amphibia","","","Caudata","","","Plethodontidae","","","Ensatina","","","","","","","","","","1976-11-15","Schueler, Frederick W. IV","CMN","CMNAR 25071","1804129289","","","","","",""
"Thamnophis ordinoides ordinoides Baird & Girard, 1852","","","","Animalia","Chordata","","","Reptilia","","","Squamata","","","Colubridae","","","Thamnophis","","","","","","","","","","1889-01-01","Macoun, John","CMN","CMNAR 19","1804129277","","","","","",""
"Ambystoma Tschudi, 1838","","","","Animalia","Chordata","","","Amphibia","","","Caudata","","","Ambystomatidae","","","Ambystoma","","","","","","","","","","1988-05-21","Schueler, Frederick W. IV","CMN","CMNAR 31408","1804126151","","","","","",""
"Thamnophis sirtalis Linnaeus, 1758","","","","Animalia","Chordata","","","Reptilia","","","Squamata","","","Colubridae","","","Thamnophis","","","","","","","","","","1887-01-01","Macoun, John","CMN","CMNAR 12","1804125518","","","","","",""
"Anaxyrus boreas boreas (Baird & Girard, 1852)","","","","Animalia","Chordata","","","Amphibia","","","Anura","","","Bufonidae","","","Anaxyrus","","","","","","","","","","1907-07-30","Prince, Edward E.","CMN","CMNAR 1171","1804124863","","","","","",""
"Mauremys reevesii (Gray, 1831)","","","","Animalia","Chordata","","","Reptilia","","","Testudines","","","Geoemydidae","","","Mauremys","","","","","","","","","","1929-01-01","White, Margaret","CMN","CMNAR 1551","1804124295","","","","","",""
"Thamnophis elegans vagrans (Baird & Girard, 1853)","","","","Animalia","Chordata","","","Squamata","","","","","","Colubridae","","","Thamnophis","","","","","","","","","","1885-01-01","Dawson, George Mercer","CMN","CMNAR 2","1804122396","","","","","",""
"Elgaria coerulea (Wiegmann, 1828)","","","","Animalia","Chordata","","","Reptilia","","","Squamata","","","Anguidae","","","Elgaria","","","","","","","","","","1964-10-18","Green, Dr. David M.","CMN","CMNAR 29386","1804120490","","","","","",""
"Caudata","","","","Animalia","Chordata","","","Amphibia","","","Caudata","","","","","","","","","","","","","","","","1889-01-01","Macoun, John","CMN","CMNAR 18","1804120333","","","","","",""
"Thamnophis Fitzinger, 1843","","","","Animalia","Chordata","","","Reptilia","","","Squamata","","","Colubridae","","","Thamnophis","","","","","","","","","","1988-05-20","Schueler, Frederick W. IV","CMN","CMNAR 31401","1804117995","","","","","",""
"Coluber constrictor mormon","","","","Animalia","Chordata","","","Reptilia","","","Squamata","","","Colubridae","","","Coluber","","","","","","","","","","1964-06-03","MacDonald, Stewart D.","CMN","CMNAR 7923","1804115767","","","","","",""
"Coluber constrictor mormon","","","","Animalia","Chordata","","","Reptilia","","","Squamata","","","Colubridae","","","Coluber","","","","","","","","","","1964-06-03","MacDonald, Stewart D.","CMN","CMNAR 7922","1804113342","","","","","",""
"Lithobates clamitans","","","","Animalia","Chordata","","","Amphibia","","","Anura","","","Ranidae","","","Lithobates","","","","","","","","","","1963-06-20","Cook, Dr. Francis R.  ; Cook, Joyce C. ; Powell, C. Bruce ; Carl, G. Clifford ; Rangel, J.R.","CMN","CMNAR 7198","1804111177","","","","","",""
"Taricha granulosa (Skilton, 1849)","","","","Animalia","Chordata","","","Amphibia","","","Caudata","","","Salamandridae","","","Taricha","","","","","","","","","","1885-10-13","Dawson, George Mercer","CMN","CMNAR 1","1804111132","","","","","",""
"Crotalus oreganus Holbrook, 1840","","","","Animalia","Chordata","","","Reptilia","","","Squamata","","","Viperidae","","","Crotalus","","","","","","","","","","1964-09-06","Lehman, Albert","CMN","CMNAR 8214","1804110008","","","","","",""
"Rana luteiventris Thompson, 1913","","","","Animalia","Chordata","","","Amphibia","","","Anura","","","Ranidae","","","Rana","","","","","","","","","","1964-06-01","MacDonald, Stewart D.","CMN","CMNAR 7919","1804108364","","","","","",""
"Rana pretiosa Baird & Girard, 1853","","","","Animalia","Chordata","","","Amphibia","","","Anura","","","Ranidae","","","Rana","","","","","","","","","","1968-05-04","Licht, Larry E.","CMN","CMNAR 25851","1804107893","","","","","",""
"Rhinella marina (Linnaeus, 1758)","","","","Animalia","Chordata","","","Amphibia","","","Anura","","","Bufonidae","","","Rhinella","","","","","","","","","","1976-11-15","Schueler, Frederick W. IV","CMN","CMNAR 19308","1804107755","","","","","",""
"Thamnophis sirtalis pickeringi (Baird & Girard, 1853)","","","","Animalia","Chordata","","","Squamata","","","","","","Colubridae","","","Thamnophis","","","","","","","","","","1966-07-30","Powell, C. Bruce","CMN","CMNAR 10750","1804107634","","","","","",""
"Caudata","","","","Animalia","Chordata","","","Amphibia","","","Caudata","","","","","","","","","","","","","","","","1889-01-01","Macoun, John","CMN","CMNAR 20","1804107028","","","","","",""
"Lithobates clamitans (Latreille, 1801)","","","","Animalia","Chordata","","","Amphibia","","","Anura","","","Ranidae","","","Lithobates","","","","","","","","","","1976-10-04","Schueler, Frederick W. IV","CMN","CMNAR 18688","1804107019","","","","","",""
"Rana aurora Baird & Girard  1852","","","","Animalia","Chordata","","","Amphibia","","","Anura","","","Ranidae","","","Rana","","","","","","","","","","1887-01-01","Macoun, John","CMN","CMNAR 10","1804106771","","","","","",""
"Thamnophis sirtalis fitchi Fox, 1951","","","","Animalia","Chordata","","","Reptilia","","","Squamata","","","Colubridae","","","Thamnophis","","","","","","","","","","1976-09-09","Schueler, Frederick W. IV","CMN","CMNAR 18650","1804106625","","","","","",""
"Thamnophis ordinoides Baird & Girard, 1852","","","","Animalia","Chordata","","","Reptilia","","","Squamata","","","Colubridae","","","Thamnophis","","","","","","","","","","1964-08-30","","CMN","CMNAR 14919","1804104719","","","","","",""
"Ambystoma gracile Baird, 1859","","","","Animalia","Chordata","","","Amphibia","","","Caudata","","","Ambystomatidae","","","Ambystoma","","","","","","","","","","1913-10-03","Taylor, William","CMN","CMNAR 566","1804104470","","","","","",""
"Bufo Laurenti, 1768","","","","Animalia","Chordata","","","Amphibia","","","Anura","","","Bufonidae","","","Bufo","","","","","","","","","","1963-05-14","McAllister, Donald E.","CMN","CMNAR 15871","1804103687","","","","","",""
"Anaxyrus boreas (Baird & Girard, 1852)","","","","Animalia","Chordata","","","Amphibia","","","Anura","","","Bufonidae","","","Anaxyrus","","","","","","","","","","1964-06-01","MacDonald, Stewart D.","CMN","CMNAR 7918","1804102652","","","","","",""
"Lithobates catesbeianus (Shaw, 1802)","","","","Animalia","Chordata","","","Amphibia","","","Anura","","","Ranidae","","","Lithobates","","","","","","","","","","1976-09-09","Schueler, Frederick W. IV","CMN","CMNAR 18647","1804101700","","","","","",""
"RANIDAE","","","","Animalia","Chordata","","","Amphibia","","","Anura","","","Ranidae","","","","","","","","","","","","","2017-05-20","<a href='https://bee.questagame.com/#/profile/3235?questagame_user_id=3235'> Kangever;questagame.com</a>","","","1633791122","","","","","",""
"BOLD:AAF2673","","","","Animalia","Chordata","","","Amphibia","","","Caudata","","","Plethodontidae","","","Plethodon","","","","","","","","","","1990-11-11","Ovasha, K.","Royal Ontario Museum","21536","1414873941","","","","","",""
"BOLD:AAF2673","","","","Animalia","Chordata","","","Amphibia","","","Caudata","","","Plethodontidae","","","Plethodon","","","","","","","","","","1990-11-11","Gregory, P.","Royal Ontario Museum","21534","1414873932","","","","","",""
"BOLD:AAF2673","","","","Animalia","Chordata","","","Amphibia","","","Caudata","","","Plethodontidae","","","Plethodon","","","","","","","","","","1990-11-11","Ovasha, K.","Royal Ontario Museum","21538","1414873927","","","","","",""
"BOLD:AAF2673","","","","Animalia","Chordata","","","Amphibia","","","Caudata","","","Plethodontidae","","","Plethodon","","","","","","","","","","1990-11-11","Gregory, P.","Royal Ontario Museum","21535","1414873923","","","","","",""
"BOLD:AAF2673","","","","Animalia","Chordata","","","Amphibia","","","Caudata","","","Plethodontidae","","","Plethodon","","","","","","","","","","1990-11-11","Ovasha, K.","Royal Ontario Museum","21537","1414873921","","","","","",""
"BOLD:AAF1239","","","","Animalia","Chordata","","","Amphibia","","","Caudata","","","Plethodontidae","","","Aneides","","","","","","","","","","1989-07-27","Davis, T.","Royal Ontario Museum","21576","1414873890","","","","","",""
"BOLD:AAF1239","","","","Animalia","Chordata","","","Amphibia","","","Caudata","","","Plethodontidae","","","Aneides","","","","","","","","","","1989-07-27","Davis, T.","Royal Ontario Museum","21575","1414873882","","","","","",""
"BOLD:AAF1239","","","","Animalia","Chordata","","","Amphibia","","","Caudata","","","Plethodontidae","","","Aneides","","","","","","","","","","1989-07-27","Davis, T.","Royal Ontario Museum","21577","1414873834","","","","","",""
"Thamnophis sirtalis concinnus","","","","Animalia","Chordata","","","Reptilia","","","Squamata","","","Colubridae","","","Thamnophis","","","","","","","","","","1903-06-20","","USNM","USNM 32686","1322834346","","","","","",""
"Thamnophis sirtalis concinnus","","","","Animalia","Chordata","","","Reptilia","","","Squamata","","","Colubridae","","","Thamnophis","","","","","","","","","","1903-06-20","","USNM","USNM 32684","1322757207","","","","","",""
"Aneides ferreus","","","","Animalia","Chordata","","","Amphibia","","","Caudata","","","Plethodontidae","","","Aneides","","","","","","","","","","1901-05-04","","USNM","USNM 29617","1322699614","","","","","",""
"Taricha granulosa granulosa","","","","Animalia","Chordata","","","Amphibia","","","Caudata","","","Salamandridae","","","Taricha","","","","","","","","","","1903-06-22","","USNM","USNM 32704","1322593800","","","","","",""
"Thamnophis sirtalis pickeringi","","","","Animalia","Chordata","","","Reptilia","","","Squamata","","","Colubridae","","","Thamnophis","","","","","","","","","","1898-01-01","","USNM","USNM 56117","1321928483","","","","","",""
"Thamnophis sirtalis concinnus","","","","Animalia","Chordata","","","Reptilia","","","Squamata","","","Colubridae","","","Thamnophis","","","","","","","","","","1903-06-20","","USNM","USNM 32687","1321441977","","","","","",""
"Aneides ferreus","","","","Animalia","Chordata","","","Amphibia","","","Caudata","","","Plethodontidae","","","Aneides","","","","","","","","","","1901-05-04","","USNM","USNM 29615","1321261006","","","","","",""
"Plethodon vehiculum","","","","Animalia","Chordata","","","Amphibia","","","Caudata","","","Plethodontidae","","","Plethodon","","","","","","","","","","1901-05-04","","USNM","USNM 29616","1321194750","","","","","",""
"Thamnophis sirtalis pickeringi","","","","Animalia","Chordata","","","Reptilia","","","Squamata","","","Colubridae","","","Thamnophis","","","","","","","","","","1898-01-01","","USNM","USNM 56118","1320992461","","","","","",""
"Thamnophis sirtalis pickeringi","","","","Animalia","Chordata","","","Reptilia","","","Squamata","","","Colubridae","","","Thamnophis","","","","","","","","","","1898-01-01","","USNM","USNM 56116","1320692434","","","","","",""
"Thamnophis sirtalis concinnus","","","","Animalia","Chordata","","","Reptilia","","","Squamata","","","Colubridae","","","Thamnophis","","","","","","","","","","1903-06-20","","USNM","USNM 32681","1319675467","","","","","",""
"Anaxyrus boreas","","","","Animalia","Chordata","","","Amphibia","","","Anura","","","Bufonidae","","","Anaxyrus","","","","","","","","","","1898-01-01","","USNM","USNM 57604","1319316685","","","","","",""
"Rana aurora","","","","Animalia","Chordata","","","Amphibia","","","Anura","","","Ranidae","","","Rana","","","","","","","","","","1898-01-01","","USNM","USNM 57668","1318647521","","","","","",""
"Thamnophis sirtalis concinnus","","","","Animalia","Chordata","","","Reptilia","","","Squamata","","","Colubridae","","","Thamnophis","","","","","","","","","","1903-06-20","","USNM","USNM 32688","1318390448","","","","","",""
"Thamnophis sirtalis concinnus","","","","Animalia","Chordata","","","Reptilia","","","Squamata","","","Colubridae","","","Thamnophis","","","","","","","","","","1903-06-20","","USNM","USNM 32683","1318066407","","","","","",""
"Thamnophis sirtalis concinnus","","","","Animalia","Chordata","","","Reptilia","","","Squamata","","","Colubridae","","","Thamnophis","","","","","","","","","","1903-06-20","","USNM","USNM 32685","1317952839","","","","","",""
"Thamnophis sirtalis concinnus","","","","Animalia","Chordata","","","Reptilia","","","Squamata","","","Colubridae","","","Thamnophis","","","","","","","","","","1903-06-20","","USNM","USNM 32680","1317701595","","","","","",""
"Anaxyrus boreas","","","","Animalia","Chordata","","","Amphibia","","","Anura","","","Bufonidae","","","Anaxyrus","","","","","","","","","","1898-01-01","","USNM","USNM 57605","1317249480","","","","","",""
"Rana pretiosa","","","","Animalia","Chordata","","","Amphibia","","","Anura","","","Ranidae","","","Rana","","","","","","","","","","2010-01-01","","UBCBBM","H001717","1291995229","","","","","",""
"Varanidae","","","","Animalia","Chordata","","","Reptilia","","","Squamata","","","Varanidae","","","","","","","","Native","","","","","1962-06-05","V. Penfold","UBCBBM","H001655","1291995132","","","","","",""
"Sceloporus clarki/magister","","","","Animalia","Chordata","","","Squamata","","","","","","Phrynosomatidae","","","Sceloporus","","","","","Native","","","","","1960-03-12","","UBCBBM","H001653","1291995125","","","","","",""
"Lithobates pipiens","","","","Animalia","Chordata","","","Amphibia","","","Anura","","","Ranidae","","","Lithobates","","","","","Native","","","","","1965-03-29","B. Mide","UBCBBM","H001450","1291994957","","","","","",""
"Lithobates pipiens","","","","Animalia","Chordata","","","Amphibia","","","Anura","","","Ranidae","","","Lithobates","","","","","Native","","","","","1965-03-29","B. Mide","UBCBBM","H001451","1291994955","","","","","",""
"Lithobates catesbeianus","","","","Animalia","Chordata","","","Amphibia","","","Anura","","","Ranidae","","","Lithobates","","","","","Native","","","","","1941-07-08","I.McT. Cowan","UBCBBM","H001126","1291994620","","","","","",""
"Ambystoma gracile mormon","","","","Animalia","Chordata","","","Amphibia","","","Caudata","","","Ambystomatidae","","","Ambystoma","","","","","Native","","","","","1941-03-21","I.McT. Cowan","UBCBBM","H001116","1291994610","","","","","",""
"Rana pretiosa pretiosa","","","","Animalia","Chordata","","","Amphibia","","","Anura","","","Ranidae","","","Rana","","","","","Native","","","","","1951-03-28","G.S.","UBCBBM","H001048","1291994580","","","","","",""
"Taricha granulosa granulosus","","","","Animalia","Chordata","","","Amphibia","","","Caudata","","","Salamandridae","","","Taricha","","","","","Native","","","","","1956-04-01","","UBCBBM","H001106","1291994500","","","","","",""
"Ambystoma macrodactylum macrodactylum","","","","Animalia","Chordata","","","Amphibia","","","Caudata","","","Ambystomatidae","","","Ambystoma","","","","","Native","","","","","1948-03-23","J.D. Yarwood","UBCBBM","H000853","1291994241","","","","","",""
"Thamnophis elegans vagrans","","","","Animalia","Chordata","","","Reptilia","","","Squamata","","","Colubridae","","","Thamnophis","","","","","Native","","","","","1941-06-21","I.McT. Cowan","UBCBBM","H000608","1291994148","","","","","",""
"Thamnophis elegans vagrans","","","","Animalia","Chordata","","","Reptilia","","","Squamata","","","Colubridae","","","Thamnophis","","","","","Native","","","","","1941-06-21","I.McT. Cowan","UBCBBM","H000606","1291994131","","","","","",""
"Thamnophis elegans vagrans","","","","Animalia","Chordata","","","Reptilia","","","Squamata","","","Colubridae","","","Thamnophis","","","","","Native","","","","","1941-06-21","I.McT. Cowan","UBCBBM","H000603","1291994128","","","","","",""
"Thamnophis elegans vagrans","","","","Animalia","Chordata","","","Reptilia","","","Squamata","","","Colubridae","","","Thamnophis","","","","","Native","","","","","1941-06-21","I.McT. Cowan","UBCBBM","H000607","1291994126","","","","","",""
"Thamnophis elegans vagrans","","","","Animalia","Chordata","","","Reptilia","","","Squamata","","","Colubridae","","","Thamnophis","","","","","Native","","","","","1941-06-21","I.McT. Cowan","UBCBBM","H000604","1291994125","","","","","",""
"Rana luteiventris","","","","Animalia","Chordata","","","Amphibia","","","Anura","","","Ranidae","","","Rana","","","","","Native","","","","","1926-09-01","G.M. Smith","UBCBBM","H000437","1291994021","","","","","",""
"Lithobates catesbeianus","","","","Animalia","Chordata","","","Amphibia","","","Anura","","","Ranidae","","","Lithobates","","","","","Native","","","","","1941-07-08","I.McT. Cowan","UBCBBM","H000429","1291993973","","","","","",""
"Lithobates catesbeianus","","","","Animalia","Chordata","","","Amphibia","","","Anura","","","Ranidae","","","Lithobates","","","","","Native","","","","","1941-07-08","I.McT. Cowan","UBCBBM","H000428","1291993972","","","","","",""
"Lithobates catesbeianus","","","","Animalia","Chordata","","","Amphibia","","","Anura","","","Ranidae","","","Lithobates","","","","","Native","","","","","1941-07-08","I.McT. Cowan","UBCBBM","H000430","1291993966","","","","","",""
"Amphibia","","","","Animalia","Chordata","","","Amphibia","","","","","","","","","","","","","","Native","","","","","1943-08-29","R.W. Pillsbury","UBCBBM","H000408","1291993904","","","","","",""
"Lithobates catesbeianus","","","","Animalia","Chordata","","","Amphibia","","","Anura","","","Ranidae","","","Lithobates","","","","","Native","","","","","1941-07-08","I.McT. Cowan","UBCBBM","H000427","1291993896","","","","","",""
"Lithobates catesbeianus","","","","Animalia","Chordata","","","Amphibia","","","Anura","","","Ranidae","","","Lithobates","","","","","Native","","","","","1941-07-08","I.McT. Cowan","UBCBBM","H000378","1291993894","","","","","",""
"Anaxyrus boreas boreas","","","","Animalia","Chordata","","","Amphibia","","","Anura","","","Bufonidae","","","Anaxyrus","","","","","Native","","","","","1941-07-08","I.McT. Cowan","UBCBBM","H000288","1291993796","","","","","",""
"Ascaphus truei","","","","Animalia","Chordata","","","Amphibia","","","Anura","","","Ascaphidae","","","Ascaphus","","","","","Native","","","","","1942-06-03","I.McT. Cowan/ G.C. Carl","UBCBBM","H000248","1291993793","","","","","",""
"Ascaphus truei","","","","Animalia","Chordata","","","Amphibia","","","Anura","","","Ascaphidae","","","Ascaphus","","","","","Native","","","","","1942-06-03","I.McT. Cowan/ G.C. Carl","UBCBBM","H000246","1291993773","","","","","",""
"Ascaphus truei","","","","Animalia","Chordata","","","Amphibia","","","Anura","","","Ascaphidae","","","Ascaphus","","","","","Native","","","","","1942-06-03","I.McT. Cowan/ G.C. Carl","UBCBBM","H000244","1291993769","","","","","",""
"Ascaphus truei","","","","Animalia","Chordata","","","Amphibia","","","Anura","","","Ascaphidae","","","Ascaphus","","","","","Native","","","","","1942-06-03","I.McT. Cowan/ G.C. Carl","UBCBBM","H000245","1291993765","","","","","",""
"Ascaphus truei","","","","Animalia","Chordata","","","Amphibia","","","Anura","","","Ascaphidae","","","Ascaphus","","","","","Native","","","","","1942-06-03","I.McT. Cowan/ G.C. Carl","UBCBBM","H000249","1291993752","","","","","",""
"Ascaphus truei","","","","Animalia","Chordata","","","Amphibia","","","Anura","","","Ascaphidae","","","Ascaphus","","","","","Native","","","","","1942-06-03","I.McT. Cowan/ G.C. Carl","UBCBBM","H000247","1291993686","","","","","",""
"Ensatina eschscholtzii","","","","Animalia","Chordata","","","Amphibia","","","Caudata","","","Plethodontidae","","","Ensatina","","","","","Native","","","","","1927-06-01","","UBCBBM","H000212","1291993477","","","","","",""
"Sternotherus minor","","","","Animalia","Chordata","","","Reptilia","","","Testudines","","","Kinosternidae","","","Sternotherus","","","","","","","","","","1992-01-01","Collector(s): unknown","UWBM","UWBM:Herp:6076","1146416748","","","","","",""
"Contia tenuis","","","","Animalia","Chordata","","","Reptilia","","","Squamata","","","Colubridae","","","Contia","","","","","","","","","","1800-01-01","Collector(s): unknown","UWBM","UWBM:Herp:2317","1146413164","","","","","",""
"Rana catesbeiana","","","","Animalia","Chordata","","","Amphibia","","","Anura","","","Ranidae","","","Lithobates","","","","","","","","","","1982-04-10","Collector(s): D. M. Green","MVZ","MVZ:Herp:178549","1145484076","","","","","",""
"Thamnophis elegans","","","","Animalia","Chordata","","","Reptilia","","","Squamata","","","Colubridae","","","Thamnophis","","","","","","","","","","1818-06-20","","MVZ","MVZ:Herp:17009","1145474758","","","","","",""
"Thamnophis elegans","","","","Animalia","Chordata","","","Reptilia","","","Squamata","","","Colubridae","","","Thamnophis","","","","","","","","","","1818-06-20","","MVZ","MVZ:Herp:17010","1145474712","","","","","",""
"Thamnophis elegans","","","","Animalia","Chordata","","","Reptilia","","","Squamata","","","Colubridae","","","Thamnophis","","","","","","","","","","1818-06-20","","MVZ","MVZ:Herp:17008","1145474697","","","","","",""
"Thamnophis elegans","","","","Animalia","Chordata","","","Reptilia","","","Squamata","","","Colubridae","","","Thamnophis","","","","","","","","","","1818-06-20","","MVZ","MVZ:Herp:17007","1145474691","","","","","",""
"Thamnophis elegans","","","","Animalia","Chordata","","","Reptilia","","","Squamata","","","Colubridae","","","Thamnophis","","","","","","","","","","1818-06-20","","MVZ","MVZ:Herp:17011","1145474667","","","","","",""
"Thamnophis elegans","","","","Animalia","Chordata","","","Reptilia","","","Squamata","","","Colubridae","","","Thamnophis","","","","","","","","","","1818-06-20","","MVZ","MVZ:Herp:17006","1145474664","","","","","",""
"Thamnophis ordinoides","","","","Animalia","Chordata","","","Reptilia","","","Squamata","","","Colubridae","","","Thamnophis","","","","","","","","","","1818-06-20","","MVZ","MVZ:Herp:17000","1145474643","","","","","",""
"Thamnophis elegans","","","","Animalia","Chordata","","","Reptilia","","","Squamata","","","Colubridae","","","Thamnophis","","","","","","","","","","1818-06-20","","MVZ","MVZ:Herp:17003","1145474637","","","","","",""
"Thamnophis elegans","","","","Animalia","Chordata","","","Reptilia","","","Squamata","","","Colubridae","","","Thamnophis","","","","","","","","","","1818-06-20","","MVZ","MVZ:Herp:17005","1145474636","","","","","",""
"Thamnophis ordinoides","","","","Animalia","Chordata","","","Reptilia","","","Squamata","","","Colubridae","","","Thamnophis","","","","","","","","","","1818-06-20","","MVZ","MVZ:Herp:17001","1145474626","","","","","",""
"Thamnophis elegans","","","","Animalia","Chordata","","","Reptilia","","","Squamata","","","Colubridae","","","Thamnophis","","","","","","","","","","1818-06-20","","MVZ","MVZ:Herp:17004","1145474623","","","","","",""
"Thamnophis ordinoides","","","","Animalia","Chordata","","","Reptilia","","","Squamata","","","Colubridae","","","Thamnophis","","","","","","","","","","1818-06-20","","MVZ","MVZ:Herp:16999","1145474605","","","","","",""
"Thamnophis ordinoides","","","","Animalia","Chordata","","","Reptilia","","","Squamata","","","Colubridae","","","Thamnophis","","","","","","","","","","1818-06-20","","MVZ","MVZ:Herp:16993","1145474583","","","","","",""
"Thamnophis ordinoides","","","","Animalia","Chordata","","","Reptilia","","","Squamata","","","Colubridae","","","Thamnophis","","","","","","","","","","1818-06-20","","MVZ","MVZ:Herp:16998","1145474574","","","","","",""
"Thamnophis ordinoides","","","","Animalia","Chordata","","","Reptilia","","","Squamata","","","Colubridae","","","Thamnophis","","","","","","","","","","1818-06-20","","MVZ","MVZ:Herp:16996","1145474553","","","","","",""
"Thamnophis ordinoides","","","","Animalia","Chordata","","","Reptilia","","","Squamata","","","Colubridae","","","Thamnophis","","","","","","","","","","1818-06-20","","MVZ","MVZ:Herp:16997","1145474541","","","","","",""
"Thamnophis ordinoides","","","","Animalia","Chordata","","","Reptilia","","","Squamata","","","Colubridae","","","Thamnophis","","","","","","","","","","1818-06-20","","MVZ","MVZ:Herp:16995","1145474512","","","","","",""
"Thamnophis ordinoides","","","","Animalia","Chordata","","","Reptilia","","","Squamata","","","Colubridae","","","Thamnophis","","","","","","","","","","1818-06-20","","MVZ","MVZ:Herp:16992","1145474501","","","","","",""
"Thamnophis ordinoides","","","","Animalia","Chordata","","","Reptilia","","","Squamata","","","Colubridae","","","Thamnophis","","","","","","","","","","1818-06-20","","MVZ","MVZ:Herp:16991","1145474489","","","","","",""
"Thamnophis ordinoides","","","","Animalia","Chordata","","","Reptilia","","","Squamata","","","Colubridae","","","Thamnophis","","","","","","","","","","1818-06-20","","MVZ","MVZ:Herp:16994","1145474477","","","","","",""
"Thamnophis ordinoides","","","","Animalia","Chordata","","","Reptilia","","","Squamata","","","Colubridae","","","Thamnophis","","","","","","","","","","1818-06-20","","MVZ","MVZ:Herp:16985","1145474475","","","","","",""
"Thamnophis ordinoides","","","","Animalia","Chordata","","","Reptilia","","","Squamata","","","Colubridae","","","Thamnophis","","","","","","","","","","1818-06-20","","MVZ","MVZ:Herp:16989","1145474457","","","","","",""
"Thamnophis ordinoides","","","","Animalia","Chordata","","","Reptilia","","","Squamata","","","Colubridae","","","Thamnophis","","","","","","","","","","1818-06-20","","MVZ","MVZ:Herp:16983","1145474451","","","","","",""
"Thamnophis ordinoides","","","","Animalia","Chordata","","","Reptilia","","","Squamata","","","Colubridae","","","Thamnophis","","","","","","","","","","1818-06-20","","MVZ","MVZ:Herp:16990","1145474437","","","","","",""
"Thamnophis ordinoides","","","","Animalia","Chordata","","","Reptilia","","","Squamata","","","Colubridae","","","Thamnophis","","","","","","","","","","1818-06-20","","MVZ","MVZ:Herp:16987","1145474432","","","","","",""
"Thamnophis ordinoides","","","","Animalia","Chordata","","","Reptilia","","","Squamata","","","Colubridae","","","Thamnophis","","","","","","","","","","1818-06-20","","MVZ","MVZ:Herp:16988","1145474428","","","","","",""
"Thamnophis ordinoides","","","","Animalia","Chordata","","","Reptilia","","","Squamata","","","Colubridae","","","Thamnophis","","","","","","","","","","1818-06-20","","MVZ","MVZ:Herp:16984","1145474418","","","","","",""
"Thamnophis ordinoides","","","","Animalia","Chordata","","","Reptilia","","","Squamata","","","Colubridae","","","Thamnophis","","","","","","","","","","1818-06-20","","MVZ","MVZ:Herp:16977","1145474404","","","","","",""
"Thamnophis ordinoides","","","","Animalia","Chordata","","","Reptilia","","","Squamata","","","Colubridae","","","Thamnophis","","","","","","","","","","1818-06-20","","MVZ","MVZ:Herp:16986","1145474398","","","","","",""
"Thamnophis ordinoides","","","","Animalia","Chordata","","","Reptilia","","","Squamata","","","Colubridae","","","Thamnophis","","","","","","","","","","1818-06-20","","MVZ","MVZ:Herp:16982","1145474384","","","","","",""
"Thamnophis sirtalis","","","","Animalia","Chordata","","","Reptilia","","","Squamata","","","Colubridae","","","Thamnophis","","","","","","","","","","1818-06-20","","MVZ","MVZ:Herp:16981","1145474382","","","","","",""
"Thamnophis ordinoides","","","","Animalia","Chordata","","","Reptilia","","","Squamata","","","Colubridae","","","Thamnophis","","","","","","","","","","1818-06-20","","MVZ","MVZ:Herp:16980","1145474336","","","","","",""
"Thamnophis ordinoides","","","","Animalia","Chordata","","","Reptilia","","","Squamata","","","Colubridae","","","Thamnophis","","","","","","","","","","1818-06-20","","MVZ","MVZ:Herp:16979","1145474334","","","","","",""
"Thamnophis sirtalis","","","","Animalia","Chordata","","","Reptilia","","","Squamata","","","Colubridae","","","Thamnophis","","","","","","","","","","1818-06-20","","MVZ","MVZ:Herp:16978","1145474313","","","","","",""
"Thamnophis ordinoides","","","","Animalia","Chordata","","","Reptilia","","","Squamata","","","Colubridae","","","Thamnophis","","","","","","","","","","1818-06-20","","MVZ","MVZ:Herp:16976","1145474289","","","","","",""
"Thamnophis ordinoides","","","","Animalia","Chordata","","","Reptilia","","","Squamata","","","Colubridae","","","Thamnophis","","","","","","","","","","1818-06-20","","MVZ","MVZ:Herp:16974","1145474276","","","","","",""
"Thamnophis ordinoides","","","","Animalia","Chordata","","","Reptilia","","","Squamata","","","Colubridae","","","Thamnophis","","","","","","","","","","1818-06-20","","MVZ","MVZ:Herp:16973","1145474274","","","","","",""
"Thamnophis ordinoides","","","","Animalia","Chordata","","","Reptilia","","","Squamata","","","Colubridae","","","Thamnophis","","","","","","","","","","1818-06-20","","MVZ","MVZ:Herp:16975","1145474271","","","","","",""
"Thamnophis sirtalis","","","","Animalia","Chordata","","","Reptilia","","","Squamata","","","Colubridae","","","Thamnophis","","","","","","","","","","1818-06-20","","MVZ","MVZ:Herp:16966","1145474213","","","","","",""
"Charina bottae","","","","Animalia","Chordata","","","Reptilia","","","Squamata","","","Boidae","","","Charina","","","","","","","","","","1818-06-20","","MVZ","MVZ:Herp:16964","1145474208","","","","","",""
"Thamnophis sirtalis","","","","Animalia","Chordata","","","Reptilia","","","Squamata","","","Colubridae","","","Thamnophis","","","","","","","","","","1818-06-20","","MVZ","MVZ:Herp:16967","1145474197","","","","","",""
"Elgaria coerulea","","","","Animalia","Chordata","","","Reptilia","","","Squamata","","","Anguidae","","","Elgaria","","","","","","","","","","1818-06-20","","MVZ","MVZ:Herp:16960","1145474161","","","","","",""
"Elgaria coerulea","","","","Animalia","Chordata","","","Reptilia","","","Squamata","","","Anguidae","","","Elgaria","","","","","","","","","","1818-06-20","","MVZ","MVZ:Herp:16962","1145474159","","","","","",""
"Elgaria coerulea","","","","Animalia","Chordata","","","Reptilia","","","Squamata","","","Anguidae","","","Elgaria","","","","","","","","","","1818-06-20","","MVZ","MVZ:Herp:16963","1145474127","","","","","",""
"Elgaria coerulea","","","","Animalia","Chordata","","","Reptilia","","","Squamata","","","Anguidae","","","Elgaria","","","","","","","","","","1818-06-20","","MVZ","MVZ:Herp:16961","1145474119","","","","","",""
"Pseudacris regilla","","","","Animalia","Chordata","","","Amphibia","","","Anura","","","Hylidae","","","Pseudacris","","","","","","","","","","1818-06-20","","MVZ","MVZ:Herp:16959","1145474099","","","","","",""
"Ambystoma macrodactylum","","","","Animalia","Chordata","","","Amphibia","","","Caudata","","","Ambystomatidae","","","Ambystoma","","","","","","","","","","1818-06-20","","MVZ","MVZ:Herp:16956","1145474086","","","","","",""
"Taricha granulosa","","","","Animalia","Chordata","","","Amphibia","","","Caudata","","","Salamandridae","","","Taricha","","","","","","","","","","1818-06-20","","MVZ","MVZ:Herp:16954","1145474085","","","","","",""
"Taricha granulosa","","","","Animalia","Chordata","","","Amphibia","","","Caudata","","","Salamandridae","","","Taricha","","","","","","","","","","1818-06-20","","MVZ","MVZ:Herp:16951","1145474073","","","","","",""
"Rana aurora aurora","","","","Animalia","Chordata","","","Amphibia","","","Anura","","","Ranidae","","","Rana","","","","","","","","","","1818-06-20","","MVZ","MVZ:Herp:16957","1145474062","","","","","",""
"Taricha granulosa","","","","Animalia","Chordata","","","Amphibia","","","Caudata","","","Salamandridae","","","Taricha","","","","","","","","","","1818-06-20","","MVZ","MVZ:Herp:16950","1145474047","","","","","",""
"Taricha granulosa","","","","Animalia","Chordata","","","Amphibia","","","Caudata","","","Salamandridae","","","Taricha","","","","","","","","","","1818-06-20","","MVZ","MVZ:Herp:16953","1145474043","","","","","",""
"Taricha granulosa","","","","Animalia","Chordata","","","Amphibia","","","Caudata","","","Salamandridae","","","Taricha","","","","","","","","","","1818-06-20","","MVZ","MVZ:Herp:16952","1145474035","","","","","",""
"Ambystoma gracile","","","","Animalia","Chordata","","","Amphibia","","","Caudata","","","Ambystomatidae","","","Ambystoma","","","","","","","","","","1818-06-20","","MVZ","MVZ:Herp:16949","1145473987","","","","","",""
"Trachemys scripta subsp. elegans (Wied, 1838)","","","","Animalia","Chordata","","","Reptilia","","","Testudines","","","Emydidae","","","Trachemys","","","","","","","","","","2012-05-17","G.Droege","BGBM","26095897-0bb7-40bf-96bf-9e8e593ac771","1143475539","","","","","",""
"Trachemys scripta","","","","Animalia","Chordata","","","Reptilia","","","Testudines","","","Emydidae","","","Trachemys","","","","","","","","","","","","","","","","Paul Hotson","https://www.inaturalist.org/observations/193799829","","",""
"Coluber constrictor mormon","","","","Animalia","Chordata","","","Reptilia","","","Squamata","","","Colubridae","","","Coluber","","","","","","","","","","","","","","","","Jonah Timms","https://www.inaturalist.org/observations/181843626","","",""
"Ascaphus truei","","","","Animalia","Chordata","","","Amphibia","","","Anura","","","Ascaphidae","","","Ascaphus","","","","","","","","","","","","","","","","Jason Addy","https://www.inaturalist.org/observations/174977944","","",""
"Contia tenuis","","","","Animalia","Chordata","","","Reptilia","","","Squamata","","","Colubridae","","","Contia","","","","","","","","","","","","","","","","Doug McCutchen","https://www.inaturalist.org/observations/175281075","","",""
"Coluber constrictor","","","","Animalia","Chordata","","","Reptilia","","","Squamata","","","Colubridae","","","Coluber","","","","","","","","","","","","","","","","Ben Keen","https://www.inaturalist.org/observations/170750641","","",""
"Chelydra serpentina","","","","Animalia","Chordata","","","Reptilia","","","Testudines","","","Chelydridae","","","Chelydra","","","","","","","","","","","","","","","","gavinh","https://www.inaturalist.org/observations/167388627","","",""
"Aneides vagrans","","","","Animalia","Chordata","","","Amphibia","","","Caudata","","","Plethodontidae","","","Aneides","","","","","","","","","","","","","","","","Paul Westell","https://www.inaturalist.org/observations/149081215","","",""
"Ambystoma maculatum","","","","Animalia","Chordata","","","Amphibia","","","Caudata","","","Ambystomatidae","","","Ambystoma","","","","","","","","","","","","","","","","moniquekorn","https://www.inaturalist.org/observations/153685984","","",""
"Trachemys","","","","Animalia","Chordata","","","Reptilia","","","Testudines","","","Emydidae","","","Trachemys","","","","","","","","","","","","","","","","David Dyck","https://www.inaturalist.org/observations/114985848","","",""
"Chrysemys picta bellii","","","","Animalia","Chordata","","","Reptilia","","","Testudines","","","Emydidae","","","Chrysemys","","","","","","","","","","","","","","","","Steve Ansell","https://www.inaturalist.org/observations/147677241","","",""
"Elgaria coerulea principis","","","","Animalia","Chordata","","","Reptilia","","","Squamata","","","Anguidae","","","Elgaria","","","","","","","","","","","","","","","","Manuel Ruedi","https://www.inaturalist.org/observations/144317251","","",""
"Thamnophis sirtalis fitchi","","","","Animalia","Chordata","","","Reptilia","","","Squamata","","","Colubridae","","","Thamnophis","","","","","","","","","","","","","","","","Larry Cowan","https://www.inaturalist.org/observations/143458220","","",""
"Thamnophis","","","","Animalia","Chordata","","","Reptilia","","","Squamata","","","Colubridae","","","Thamnophis","","","","","","","","","","","","","","","","Sean Daniels","https://www.inaturalist.org/observations/57809363","","",""
"Graptemys ouachitensis","","","","Animalia","Chordata","","","Reptilia","","","Testudines","","","Emydidae","","","Graptemys","","","","","","","","","","","","","","","","t-wazzle","https://www.inaturalist.org/observations/58639927","","",""
"Ichthyosaura alpestris","","","","Animalia","Chordata","","","Amphibia","","","Caudata","","","Salamandridae","","","Ichthyosaura","","","","","","","","","","","","","","","","gavinh","https://www.inaturalist.org/observations/112891106","","",""
"Anolis sagrei","","","","Animalia","Chordata","","","Reptilia","","","Squamata","","","Anolidae","","","Anolis","","","","","","","","","","","","","","","","gavinh","https://www.inaturalist.org/observations/32974666","","",""
"Charina bottae","","","","Animalia","Chordata","","","Reptilia","","","Squamata","","","Boidae","","","Charina","","","","","","","","","","","","","","","","akopitov","https://www.inaturalist.org/observations/111739032","","",""
"Thamnophis sirtalis","","","","Animalia","Chordata","","","Reptilia","","","Squamata","","","Colubridae","","","Thamnophis","","","","","","","","","","","","","","","","Steve Ansell","https://www.inaturalist.org/observations/109350805","","",""
"Elgaria coerulea","","","","Animalia","Chordata","","","Reptilia","","","Squamata","","","Anguidae","","","Elgaria","","","","","","","","","","","","","","","","Steve Ansell","https://www.inaturalist.org/observations/108222328","","",""
"Taricha granulosa","","","","Animalia","Chordata","","","Amphibia","","","Caudata","","","Salamandridae","","","Taricha","","","","","","","","","","","","","","","","Steve Ansell","https://www.inaturalist.org/observations/108222393","","",""
"Anaxyrus boreas boreas","","","","Animalia","Chordata","","","Amphibia","","","Anura","","","Bufonidae","","","Anaxyrus","","","","","","","","","","","","","","","","Sean Daniels","https://www.inaturalist.org/observations/102857686","","",""
"Anaxyrus boreas boreas","","","","Animalia","Chordata","","","Amphibia","","","Anura","","","Bufonidae","","","Anaxyrus","","","","","","","","","","","","","","","","Sean Daniels","https://www.inaturalist.org/observations/102857693","","",""
"Anaxyrus boreas boreas","","","","Animalia","Chordata","","","Amphibia","","","Anura","","","Bufonidae","","","Anaxyrus","","","","","","","","","","","","","","","","Sean Daniels","https://www.inaturalist.org/observations/102857692","","",""
"Rana aurora","","","","Animalia","Chordata","","","Amphibia","","","Anura","","","Ranidae","","","Rana","","","","","","","","","","","","","","","","graeme45","https://www.inaturalist.org/observations/70098048","","",""
"Ambystoma macrodactylum","","","","Animalia","Chordata","","","Amphibia","","","Caudata","","","Ambystomatidae","","","Ambystoma","","","","","","","","","","","","","","","","Lyrae","https://www.inaturalist.org/observations/76301382","","",""
"Lithobates clamitans","","","","Animalia","Chordata","","","Amphibia","","","Anura","","","Ranidae","","","Lithobates","","","","","","","","","","","","","","","","Jessica","https://www.inaturalist.org/observations/82073658","","",""
"Graptemys pseudogeographica","","","","Animalia","Chordata","","","Reptilia","","","Testudines","","","Emydidae","","","Graptemys","","","","","","","","","","","","","","","","Liam Steele","https://www.inaturalist.org/observations/80115971","","",""
"Pseudacris regilla","","","","Animalia","Chordata","","","Amphibia","","","Anura","","","Hylidae","","","Pseudacris","","","","","","","","","","","","","","","","Jessica","https://www.inaturalist.org/observations/80041564","","",""
"Lithobates catesbeianus","","","","Animalia","Chordata","","","Amphibia","","","Anura","","","Ranidae","","","Lithobates","","","","","","","","","","","","","","","","Jessica","https://www.inaturalist.org/observations/80041556","","",""
"Ambystoma","","","","Animalia","Chordata","","","Amphibia","","","Caudata","","","Ambystomatidae","","","Ambystoma","","","","","","","","","","","","","","","","Liam Steele","https://www.inaturalist.org/observations/75958560","","",""
"Chrysemys picta","","","","Animalia","Chordata","","","Reptilia","","","Testudines","","","Emydidae","","","Chrysemys","","","","","","","","","","","","","","","","Lyrae","https://www.inaturalist.org/observations/76301381","","",""
"Sceloporus occidentalis occidentalis","","","","Animalia","Chordata","","","Reptilia","","","Squamata","","","Phrynosomatidae","","","Sceloporus","","","","","","","","","","","","","","","","EllieTrombone","https://www.inaturalist.org/observations/76615850","","",""
"Thamnophis ordinoides","","","","Animalia","Chordata","","","Reptilia","","","Squamata","","","Colubridae","","","Thamnophis","","","","","","","","","","","","","","","","graeme45","https://www.inaturalist.org/observations/70112227","","",""
"Thamnophis elegans vagrans","","","","Animalia","Chordata","","","Reptilia","","","Squamata","","","Colubridae","","","Thamnophis","","","","","","","","","","","","","","","","jmclatchie","https://www.inaturalist.org/observations/64748293","","",""
"Thamnophis elegans","","","","Animalia","Chordata","","","Reptilia","","","Squamata","","","Colubridae","","","Thamnophis","","","","","","","","","","","","","","","","Sean Daniels","https://www.inaturalist.org/observations/64749864","","",""
"Ambystoma gracile","","","","Animalia","Chordata","","","Amphibia","","","Caudata","","","Ambystomatidae","","","Ambystoma","","","","","","","","","","","","","","","","Royal BC Museum","https://www.inaturalist.org/observations/61257604","","",""
"Ambystoma macrodactylum macrodactylum","","","","Animalia","Chordata","","","Amphibia","","","Caudata","","","Ambystomatidae","","","Ambystoma","","","","","","","","","","","","","","","","dunskipper","https://www.inaturalist.org/observations/55745990","","",""
"Rana luteiventris","","","","Animalia","Chordata","","","Amphibia","","","Anura","","","Ranidae","","","Rana","","","","","","","","","","","","","","","","Chloe and Trevor Van Loon","https://www.inaturalist.org/observations/48510591","","",""
"Sceloporus occidentalis","","","","Animalia","Chordata","","","Reptilia","","","Squamata","","","Phrynosomatidae","","","Sceloporus","","","","","","","","","","","","","","","","sculpin_saves","https://www.inaturalist.org/observations/47077052","","",""
"Lithobates","","","","Animalia","Chordata","","","Amphibia","","","Anura","","","Ranidae","","","Lithobates","","","","","","","","","","","","","","","","Riley Pollom","http://www.inaturalist.org/observations/1883195","","",""
"Chrysemys picta marginata","","","","Animalia","Chordata","","","Reptilia","","","Testudines","","","Emydidae","","","Chrysemys","","","","","","","","","","","","","","","","Frank Lin","https://www.inaturalist.org/observations/43259142","","",""
"Pseudemys concinna","","","","Animalia","Chordata","","","Reptilia","","","Testudines","","","Emydidae","","","Pseudemys","","","","","","","","","","","","","","","","sandradennis","https://www.inaturalist.org/observations/34308056","","",""
"Pituophis catenifer deserticola","","","","Animalia","Chordata","","","Reptilia","","","Squamata","","","Colubridae","","","Pituophis","","","","","","","","","","","","","","","","Brian Starzomski","https://www.inaturalist.org/observations/15594957","","",""
"Podarcis siculus","","","","Animalia","Chordata","","","Reptilia","","","Squamata","","","Lacertidae","","","Podarcis","","","","","","","","","","","","","","","","gavinh","https://www.inaturalist.org/observations/27295298","","",""
"Lepidochelys olivacea","","","","Animalia","Chordata","","","Reptilia","","","Testudines","","","Cheloniidae","","","Lepidochelys","","","","","","","","","","","","","","","","gavinh","https://www.inaturalist.org/observations/33769285","","",""
"Podarcis muralis","","","","Animalia","Chordata","","","Reptilia","","","Squamata","","","Lacertidae","","","Podarcis","","","","","","","","","","","","","","","","gavinh","https://www.inaturalist.org/observations/32170084","","",""
"Ensatina eschscholtzii oregonensis","","","","Animalia","Chordata","","","Amphibia","","","Caudata","","","Plethodontidae","","","Ensatina","","","","","","","","","","","","","","","","Raphael D Mazor","https://www.inaturalist.org/observations/31860397","","",""
"Pituophis catenifer catenifer","","","","Animalia","Chordata","","","Reptilia","","","Squamata","","","Colubridae","","","Pituophis","","","","","","","","","","","","","","","","jessicakirkwood","https://www.inaturalist.org/observations/26849039","","",""
"Deirochelyinae","","","","Animalia","Chordata","","","Reptilia","","","Testudines","","","Emydidae","","","","","","","","","","","","","","","","","","","yungmikey","https://www.inaturalist.org/observations/23989927","","",""
"Podarcis muralis maculiventris","","","","Animalia","Chordata","","","Reptilia","","","Squamata","","","Lacertidae","","","Podarcis","","","","","","","","","","","","","","","","Jonah Timms","https://www.inaturalist.org/observations/22201890","","",""
"Chrysemys picta picta","","","","Animalia","Chordata","","","Reptilia","","","Testudines","","","Emydidae","","","Chrysemys","","","","","","","","","","","","","","","","Darren Kirby","https://www.inaturalist.org/observations/19104977","","",""
"Trachemys scripta elegans","","","","Animalia","Chordata","","","Reptilia","","","Testudines","","","Emydidae","","","Trachemys","","","","","","","","","","","","","","","","Veronica Wahl","https://www.inaturalist.org/observations/17539664","","",""
"Plethodon vehiculum","","","","Animalia","Chordata","","","Amphibia","","","Caudata","","","Plethodontidae","","","Plethodon","","","","","","","","","","","","","","","","Veronica Wahl","https://www.inaturalist.org/observations/17539660","","",""
"Ensatina eschscholtzii","","","","Animalia","Chordata","","","Amphibia","","","Caudata","","","Plethodontidae","","","Ensatina","","","","","","","","","","","","","","","","Ken McMillan","https://www.inaturalist.org/observations/14690555","","",""
"Thamnophis sirtalis pickeringii","","","","Animalia","Chordata","","","Reptilia","","","Squamata","","","Colubridae","","","Thamnophis","","","","","","","","","","","","","","","","Ken McMillan","https://www.inaturalist.org/observations/14658885","","",""
"Trachemys scripta scripta","","","","Animalia","Chordata","","","Reptilia","","","Testudines","","","Emydidae","","","Trachemys","","","","","","","","","","","","","","","","pacificnorthwestkate","https://www.inaturalist.org/observations/13620604","","",""
"Anaxyrus boreas","","","","Animalia","Chordata","","","Amphibia","","","Anura","","","Bufonidae","","","Anaxyrus","","","","","","","","","","","","","","","","hillanddale","https://www.inaturalist.org/observations/9551112","","",""
"Dicamptodon tenebrosus","","","","Animalia","Chordata","","","Amphibia","","","Caudata","","","Ambystomatidae","","","Dicamptodon","","","","","","","","","","","","","","","","Sara Brooke Benjamin","http://www.inaturalist.org/observations/1098266","","",""
