"scientificName","scientificNameAuthorship","taxonID","kingdom","phylum","subphylum","class","order","suborder","infraorder","superfamily","family","genus","subgenus","specificEpithet","infraspecificEpithet","taxonRank","institutionCode","collectionCode","catalogNumber","datasetName","occurrenceID","recordedBy","recordNumber","fieldNumber","eventDate","year","month","day","basisOfRecord","locality","locationRemarks","island","stateProvince","country","countryCode","coordinateUncertaintyInMeters","georeferencedBy","georeferenceVerificationStatus","georeferenceProtocol","georeferenceRemarks","habitat","verbatimDepth","verbatimElevation","occurrenceStatus","samplingProtocol","occurrenceRemarks","individualCount","sex","establishmentMeans","provincialStatus","nationalStatus","identifiedBy","identificationQualifier","identificationRemarks","previousIdentifications","bibliographicCitation","associatedReferences","cell_id"
"Acrosiphonia coalita","(Ruprecht) Scagel, Garbary, Golden & M.W.Hawkes",429957,"Plantae","Chlorophyta","","Ulvophyceae","Ulotrichales","",NA,NA,"Ulotrichaceae","Acrosiphonia",NA,"coalita","","species","iNaturalist","","25859551","","","Bridgette Clarkston","",NA,"2019-05-04",2019,5,4,"HumanObservation","",NA,"Galiano Island","British Columbia","Canada","CA",8,"",NA,"",NA,"",NA,NA,"present",NA,"",NA,NA,NA,"unlisted","unlisted","",NA,NA,NA,NA,NA,238
"Acrosiphonia coalita","(Ruprecht) Scagel, Garbary, Golden & M.W.Hawkes",429957,"Plantae","Chlorophyta","","Ulvophyceae","Ulotrichales","",NA,NA,"Ulotrichaceae","Acrosiphonia",NA,"coalita","","species","iNaturalist","","72235835","","","Andrew Simon","",NA,"2021-03-27",2021,3,27,"HumanObservation","",NA,"Galiano Island","British Columbia","Canada","CA",54,"",NA,"",NA,"",NA,NA,"present",NA,"",NA,NA,NA,"unlisted","unlisted","",NA,NA,NA,NA,NA,135
"Acrosiphonia coalita","(Ruprecht) Scagel, Garbary, Golden & M.W.Hawkes",429957,"Plantae","Chlorophyta","","Ulvophyceae","Ulotrichales","",NA,NA,"Ulotrichaceae","Acrosiphonia",NA,"coalita","","species","iNaturalist","","72321490","","","Andrew Simon","",NA,"2021-03-17",2021,3,17,"HumanObservation","",NA,"Galiano Island","British Columbia","Canada","CA",NA,"",NA,"",NA,"",NA,NA,"present",NA,"",NA,NA,NA,"unlisted","unlisted","",NA,NA,NA,NA,NA,238
"Acrosiphonia coalita","(Ruprecht) Scagel, Garbary, Golden & M.W.Hawkes",429957,"Plantae","Chlorophyta","","Ulvophyceae","Ulotrichales","",NA,NA,"Ulotrichaceae","Acrosiphonia",NA,"coalita","","species","PMLS","","PMLS2021:106","Pacific Marine Life Survey Dive Records","","Andy Lamb","",NA,"2009-06-12",2009,6,12,"HumanObservation","Spanish Hills Store",NA,"Galiano Island","British Columbia","Canada","CA",100,"",NA,"",NA,"",84,NA,"present",NA,"",NA,NA,NA,"unlisted","unlisted","",NA,NA,NA,NA,NA,347
"Cladophora columbiana","Collins",117775,"Plantae","Chlorophyta","","Ulvophyceae","Cladophorales","",NA,NA,"Cladophoraceae","Cladophora",NA,"columbiana","","species","iNaturalist","","4017201","","","Andrew Simon","",NA,"2016-09-01",2016,9,1,"HumanObservation","",NA,"Galiano Island","British Columbia","Canada","CA",43,"",NA,"",NA,"",NA,NA,"present",NA,"",NA,NA,NA,"unlisted","unlisted","",NA,NA,NA,NA,NA,90
"Cladophora sp.","",53707,"Plantae","Chlorophyta","","Ulvophyceae","Cladophorales","",NA,NA,"Cladophoraceae","Cladophora",NA,"","","genus","PMLS","","PMLS2021:148","Pacific Marine Life Survey Dive Records","","Andy Lamb","",NA,"2013-05-17",2013,5,17,"HumanObservation","Madrona Lodge",NA,"Galiano Island","British Columbia","Canada","CA",100,"",NA,"",NA,"",89,NA,"present",NA,"",NA,NA,NA,"unlisted","unlisted","",NA,NA,NA,NA,NA,193
"Codium fragile","Hariot",67555,"Plantae","Chlorophyta","","Ulvophyceae","Bryopsidales","",NA,NA,"Codiaceae","Codium",NA,"fragile","","species","UBC","","A57498","","1237668","Michael W. Hawkes","MWH 77-19",NA,"1977-11-27",1977,11,27,"PreservedSpecimen","S. Gulf Islands, Porlier Pass, Galiano Island.",NA,"Galiano Island","British Columbia","Canada","CA",NA,"Crystal Kwong",NA,"",NA,"",NA,NA,"present",NA,"-40 ft. to surface.",NA,NA,NA,"unlisted","unlisted","",NA,NA,NA,NA,NA,416
"Codium fragile","Hariot",67555,"Plantae","Chlorophyta","","Ulvophyceae","Bryopsidales","",NA,NA,"Codiaceae","Codium",NA,"fragile","","species","PMLS","","PMLS2021:53","Pacific Marine Life Survey Dive Records","","Andy Lamb","",NA,"2008-02-17",2008,2,17,"HumanObservation","Race Point",NA,"Galiano Island","British Columbia","Canada","CA",100,"",NA,"",NA,"",96,NA,"present",NA,"",NA,NA,NA,"unlisted","unlisted","",NA,NA,NA,NA,NA,416
"Codium fragile","Hariot",67555,"Plantae","Chlorophyta","","Ulvophyceae","Bryopsidales","",NA,NA,"Codiaceae","Codium",NA,"fragile","","species","PMLS","","PMLS2021:76","Pacific Marine Life Survey Dive Records","","Andy Lamb","",NA,"2008-10-05",2008,10,5,"HumanObservation","Dionisio Reef",NA,"Galiano Island","British Columbia","Canada","CA",100,"",NA,"",NA,"",85,NA,"present",NA,"",NA,NA,NA,"unlisted","unlisted","",NA,NA,NA,NA,NA,416
"Codium fragile","Hariot",67555,"Plantae","Chlorophyta","","Ulvophyceae","Bryopsidales","",NA,NA,"Codiaceae","Codium",NA,"fragile","","species","PMLS","","PMLS2021:92","Pacific Marine Life Survey Dive Records","","Andy Lamb","",NA,"2009-02-14",2009,2,14,"HumanObservation","Spanish Hills Store",NA,"Galiano Island","British Columbia","Canada","CA",100,"",NA,"",NA,"",92,NA,"present",NA,"",NA,NA,NA,"unlisted","unlisted","",NA,NA,NA,NA,NA,347
"Codium fragile","Hariot",67555,"Plantae","Chlorophyta","","Ulvophyceae","Bryopsidales","",NA,NA,"Codiaceae","Codium",NA,"fragile","","species","PMLS","","PMLS2021:111","Pacific Marine Life Survey Dive Records","","Andy Lamb","",NA,"2009-10-10",2009,10,10,"HumanObservation","Race Point",NA,"Galiano Island","British Columbia","Canada","CA",100,"",NA,"",NA,"",42,NA,"present",NA,"",NA,NA,NA,"unlisted","unlisted","",NA,NA,NA,NA,NA,416
"Codium fragile","Hariot",67555,"Plantae","Chlorophyta","","Ulvophyceae","Bryopsidales","",NA,NA,"Codiaceae","Codium",NA,"fragile","","species","PMLS","","PMLS2021:167","Pacific Marine Life Survey Dive Records","","Andy Lamb","",NA,"2016-07-24",2016,7,24,"HumanObservation","Spanish Hills wall",NA,"Galiano Island","British Columbia","Canada","CA",100,"",NA,"",NA,"",79,NA,"present",NA,"",NA,NA,NA,"unlisted","unlisted","",NA,NA,NA,NA,NA,370
"Codium setchellii","N.L.Gardner",117776,"Plantae","Chlorophyta","","Ulvophyceae","Bryopsidales","",NA,NA,"Codiaceae","Codium",NA,"setchellii","","species","PMLS","","PMLS2021:6","Pacific Marine Life Survey Dive Records","","Andy Lamb","",NA,"1994-10-22",1994,10,22,"HumanObservation","Alcala Point",NA,"Galiano Island","British Columbia","Canada","CA",100,"",NA,"",NA,"",82,NA,"present",NA,"",NA,NA,NA,"unlisted","unlisted","",NA,NA,NA,NA,NA,392
"Codium setchellii","N.L.Gardner",117776,"Plantae","Chlorophyta","","Ulvophyceae","Bryopsidales","",NA,NA,"Codiaceae","Codium",NA,"setchellii","","species","PMLS","","PMLS2021:15","Pacific Marine Life Survey Dive Records","","Charlie Gibbs","",NA,"1996-02-25",1996,2,25,"HumanObservation","Baines Bay",NA,"Galiano Island","British Columbia","Canada","CA",100,"",NA,"",NA,"",72,NA,"present",NA,"",NA,NA,NA,"unlisted","unlisted","",NA,NA,NA,NA,NA,393
"Codium setchellii","N.L.Gardner",117776,"Plantae","Chlorophyta","","Ulvophyceae","Bryopsidales","",NA,NA,"Codiaceae","Codium",NA,"setchellii","","species","PMLS","","PMLS2021:25","Pacific Marine Life Survey Dive Records","","Andy Lamb","",NA,"2005-12-10",2005,12,10,"HumanObservation","Virago Point",NA,"Galiano Island","British Columbia","Canada","CA",100,"",NA,"",NA,"",80,NA,"present",NA,"",NA,NA,NA,"unlisted","unlisted","",NA,NA,NA,NA,NA,392
"Codium setchellii","N.L.Gardner",117776,"Plantae","Chlorophyta","","Ulvophyceae","Bryopsidales","",NA,NA,"Codiaceae","Codium",NA,"setchellii","","species","PMLS","","PMLS2021:32","Pacific Marine Life Survey Dive Records","","Andy Lamb","",NA,"2006-09-29",2006,9,29,"HumanObservation","Race Point",NA,"Galiano Island","British Columbia","Canada","CA",100,"",NA,"",NA,"",82,NA,"present",NA,"",NA,NA,NA,"unlisted","unlisted","",NA,NA,NA,NA,NA,416
"Codium setchellii","N.L.Gardner",117776,"Plantae","Chlorophyta","","Ulvophyceae","Bryopsidales","",NA,NA,"Codiaceae","Codium",NA,"setchellii","","species","PMLS","","PMLS2021:59","Pacific Marine Life Survey Dive Records","","Andy Lamb","",NA,"2008-03-07",2008,3,7,"HumanObservation","Race Point",NA,"Galiano Island","British Columbia","Canada","CA",100,"",NA,"",NA,"",55,NA,"present",NA,"",NA,NA,NA,"unlisted","unlisted","",NA,NA,NA,NA,NA,416
"Codium setchellii","N.L.Gardner",117776,"Plantae","Chlorophyta","","Ulvophyceae","Bryopsidales","",NA,NA,"Codiaceae","Codium",NA,"setchellii","","species","PMLS","","PMLS2021:63","Pacific Marine Life Survey Dive Records","","Andy Lamb","",NA,"2008-04-27",2008,4,27,"HumanObservation","Walker Rock",NA,"Galiano Island","British Columbia","Canada","CA",100,"",NA,"",NA,"",110,NA,"present",NA,"",NA,NA,NA,"unlisted","unlisted","",NA,NA,NA,NA,NA,191
"Codium setchellii","N.L.Gardner",117776,"Plantae","Chlorophyta","","Ulvophyceae","Bryopsidales","",NA,NA,"Codiaceae","Codium",NA,"setchellii","","species","PMLS","","PMLS2021:66","Pacific Marine Life Survey Dive Records","","Andy Lamb","",NA,"2008-05-30",2008,5,30,"HumanObservation","Spanish Hills Store",NA,"Galiano Island","British Columbia","Canada","CA",100,"",NA,"",NA,"",54,NA,"present",NA,"",NA,NA,NA,"unlisted","unlisted","",NA,NA,NA,NA,NA,347
"Codium setchellii","N.L.Gardner",117776,"Plantae","Chlorophyta","","Ulvophyceae","Bryopsidales","",NA,NA,"Codiaceae","Codium",NA,"setchellii","","species","PMLS","","PMLS2021:73","Pacific Marine Life Survey Dive Records","","Andy Lamb","",NA,"2008-08-29",2008,8,29,"HumanObservation","Race Point",NA,"Galiano Island","British Columbia","Canada","CA",100,"",NA,"",NA,"",85,NA,"present",NA,"",NA,NA,NA,"unlisted","unlisted","",NA,NA,NA,NA,NA,416
"Codium setchellii","N.L.Gardner",117776,"Plantae","Chlorophyta","","Ulvophyceae","Bryopsidales","",NA,NA,"Codiaceae","Codium",NA,"setchellii","","species","PMLS","","PMLS2021:78","Pacific Marine Life Survey Dive Records","","Andy Lamb","",NA,"2008-10-06",2008,10,6,"HumanObservation","Dionisio Reef",NA,"Galiano Island","British Columbia","Canada","CA",100,"",NA,"",NA,"",63,NA,"present",NA,"",NA,NA,NA,"unlisted","unlisted","",NA,NA,NA,NA,NA,416
"Codium setchellii","N.L.Gardner",117776,"Plantae","Chlorophyta","","Ulvophyceae","Bryopsidales","",NA,NA,"Codiaceae","Codium",NA,"setchellii","","species","PMLS","","PMLS2021:89","Pacific Marine Life Survey Dive Records","","Andy Lamb","",NA,"2009-01-30",2009,1,30,"HumanObservation","Outer Dionisio Reef",NA,"Galiano Island","British Columbia","Canada","CA",100,"",NA,"",NA,"",61,NA,"present",NA,"",NA,NA,NA,"unlisted","unlisted","",NA,NA,NA,NA,NA,417
"Codium setchellii","N.L.Gardner",117776,"Plantae","Chlorophyta","","Ulvophyceae","Bryopsidales","",NA,NA,"Codiaceae","Codium",NA,"setchellii","","species","PMLS","","PMLS2021:90","Pacific Marine Life Survey Dive Records","","Andy Lamb","",NA,"2009-02-08",2009,2,8,"HumanObservation","Outer Dionisio Reef",NA,"Galiano Island","British Columbia","Canada","CA",100,"",NA,"",NA,"",90,NA,"present",NA,"",NA,NA,NA,"unlisted","unlisted","",NA,NA,NA,NA,NA,417
"Codium setchellii","N.L.Gardner",117776,"Plantae","Chlorophyta","","Ulvophyceae","Bryopsidales","",NA,NA,"Codiaceae","Codium",NA,"setchellii","","species","PMLS","","PMLS2021:94","Pacific Marine Life Survey Dive Records","","Andy Lamb","",NA,"2009-02-14",2009,2,14,"HumanObservation","Dionisio Reef",NA,"Galiano Island","British Columbia","Canada","CA",100,"",NA,"",NA,"",75,NA,"present",NA,"",NA,NA,NA,"unlisted","unlisted","",NA,NA,NA,NA,NA,416
"Codium setchellii","N.L.Gardner",117776,"Plantae","Chlorophyta","","Ulvophyceae","Bryopsidales","",NA,NA,"Codiaceae","Codium",NA,"setchellii","","species","PMLS","","PMLS2021:103","Pacific Marine Life Survey Dive Records","","Andy Lamb","",NA,"2009-04-13",2009,4,13,"HumanObservation","Alcala Point Reefs",NA,"Galiano Island","British Columbia","Canada","CA",100,"",NA,"",NA,"",71,NA,"present",NA,"",NA,NA,NA,"unlisted","unlisted","",NA,NA,NA,NA,NA,392
"Codium setchellii","N.L.Gardner",117776,"Plantae","Chlorophyta","","Ulvophyceae","Bryopsidales","",NA,NA,"Codiaceae","Codium",NA,"setchellii","","species","PMLS","","PMLS2021:113","Pacific Marine Life Survey Dive Records","","Andy Lamb","",NA,"2009-10-11",2009,10,11,"HumanObservation","Dionisio Reef",NA,"Galiano Island","British Columbia","Canada","CA",100,"",NA,"",NA,"",45,NA,"present",NA,"",NA,NA,NA,"unlisted","unlisted","",NA,NA,NA,NA,NA,416
"Codium setchellii","N.L.Gardner",117776,"Plantae","Chlorophyta","","Ulvophyceae","Bryopsidales","",NA,NA,"Codiaceae","Codium",NA,"setchellii","","species","PMLS","","PMLS2021:137","Pacific Marine Life Survey Dive Records","","Andy Lamb","",NA,"2011-11-18",2011,11,18,"HumanObservation","Virago Point",NA,"Galiano Island","British Columbia","Canada","CA",100,"",NA,"",NA,"",76,NA,"present",NA,"",NA,NA,NA,"unlisted","unlisted","",NA,NA,NA,NA,NA,392
"Codium setchellii","N.L.Gardner",117776,"Plantae","Chlorophyta","","Ulvophyceae","Bryopsidales","",NA,NA,"Codiaceae","Codium",NA,"setchellii","","species","PMLS","","PMLS2021:165","Pacific Marine Life Survey Dive Records","","Andy Lamb","",NA,"2016-03-27",2016,3,27,"HumanObservation","Spanish Hills wall",NA,"Galiano Island","British Columbia","Canada","CA",100,"",NA,"",NA,"",83,NA,"present",NA,"",NA,NA,NA,"unlisted","unlisted","",NA,NA,NA,NA,NA,370
"Monostroma grevillei","(Thuret) Wittrock",465247,"Plantae","Chlorophyta","","Ulvophyceae","Ulotrichales","",NA,NA,"Monostromataceae","Monostroma",NA,"grevillei","","species","iNaturalist","","25859558","","","Bridgette Clarkston","",NA,"2019-05-04",2019,5,4,"HumanObservation","",NA,"Galiano Island","British Columbia","Canada","CA",NA,"",NA,"",NA,"",NA,NA,"present",NA,"",NA,NA,NA,"unlisted","unlisted","",NA,NA,NA,NA,NA,238
"Prasiola furfuracea","(Hornemann) Trevisan",182814,"Plantae","Chlorophyta","","Trebouxiophyceae","Prasiolales","",NA,NA,"Prasiolaceae","Prasiola",NA,"furfuracea","","species","ca.ubc","UBCAlgae","A64646","BOLD","258501C1-B355-5E41-8BFB-79248FE9222C","D. Garbary, L. Golden","s.n.",NA,"1981-11-15",1981,11,15,"PreservedSpecimen","Western side cove, opposite lighthouse, galiano island",NA,"Galiano Island","British Columbia","Canada","CA",745,"",NA,"",NA,"",NA,NA,"present",NA,"",NA,NA,NA,"unlisted","unlisted","L. Golden",NA,NA,NA,NA,NA,240
"Prasiola furfuracea","(Hornemann) Trevisan",182814,"Plantae","Chlorophyta","","Trebouxiophyceae","Prasiolales","",NA,NA,"Prasiolaceae","Prasiola",NA,"furfuracea","","species","iNaturalist","","25860479","","","Bridgette Clarkston","",NA,"2019-05-04",2019,5,4,"HumanObservation","",NA,"Galiano Island","British Columbia","Canada","CA",8,"",NA,"",NA,"",NA,NA,"present",NA,"",NA,NA,NA,"unlisted","unlisted","",NA,NA,NA,NA,NA,90
"Prasiola furfuracea","(Hornemann) Trevisan",182814,"Plantae","Chlorophyta","","Trebouxiophyceae","Prasiolales","",NA,NA,"Prasiolaceae","Prasiola",NA,"furfuracea","","species","iNaturalist","","41881736","","","Andrew Simon","",NA,"2020-04-10",2020,4,10,"HumanObservation","",NA,"Galiano Island","British Columbia","Canada","CA",NA,"",NA,"",NA,"",NA,NA,"present",NA,"",NA,NA,NA,"unlisted","unlisted","",NA,NA,NA,NA,NA,155
"Prasiola meridionalis","Setchell & N.L. Gardner",429864,"Plantae","Chlorophyta","","Trebouxiophyceae","Prasiolales","",NA,NA,"Prasiolaceae","Prasiola",NA,"meridionalis","","species","PMLS","","PMLS2021:170","Pacific Marine Life Survey Dive Records","","Andy Lamb","",NA,"2016-08-23",2016,8,23,"HumanObservation","Spanish Hills Store",NA,"Galiano Island","British Columbia","Canada","CA",100,"",NA,"",NA,"",31,NA,"present",NA,"",NA,NA,NA,"unlisted","unlisted","",NA,NA,NA,NA,NA,347
"Rosenvingiella polyrhiza","(Rosenvinge) P.C. Silva",410405,"Plantae","Chlorophyta","","Trebouxiophyceae","Prasiolales","",NA,NA,"Prasiolaceae","Rosenvingiella",NA,"polyrhiza","","species","UBC","","A64667","","1285067","David J. Garbary","s.n.",NA,"1981-11-15",1981,11,15,"PreservedSpecimen","S. Gulf Islands, Galiano Island, Strait of Georgia.",NA,"Galiano Island","British Columbia","Canada","CA",NA,"Crystal Kwong",NA,"",NA,"",NA,NA,"present",NA,"",NA,NA,NA,"unlisted","unlisted","",NA,NA,NA,NA,NA,219
"Ulva fenestrata","Postels & Ruprecht",152972,"Plantae","Chlorophyta","","Ulvophyceae","Ulvales","",NA,NA,"Ulvaceae","Ulva",NA,"fenestrata","","species","iNaturalist","","55065514","","","alschencks","",NA,"2020-08-01",2020,8,1,"HumanObservation","",NA,"Galiano Island","British Columbia","Canada","CA",8,"",NA,"",NA,"",NA,NA,"present",NA,"",NA,NA,NA,"unlisted","unlisted","",NA,NA,NA,NA,NA,347
"Ulva fenestrata","Postels & Ruprecht",152972,"Plantae","Chlorophyta","","Ulvophyceae","Ulvales","",NA,NA,"Ulvaceae","Ulva",NA,"fenestrata","","species","iNaturalist","","3735172","","","Lauren Magner","",NA,"2015-08-28",2015,8,28,"HumanObservation","",NA,"Galiano Island","British Columbia","Canada","CA",58,"",NA,"",NA,"",NA,NA,"present",NA,"",NA,NA,NA,"unlisted","unlisted","",NA,NA,NA,NA,NA,194
"Ulva fenestrata","Postels & Ruprecht",152972,"Plantae","Chlorophyta","","Ulvophyceae","Ulvales","",NA,NA,"Ulvaceae","Ulva",NA,"fenestrata","","species","iNaturalist","","6570225","","","Ayla M","",NA,"2017-05-27",2017,5,27,"HumanObservation","",NA,"Galiano Island","British Columbia","Canada","CA",258,"",NA,"",NA,"",NA,NA,"present",NA,"",NA,NA,NA,"unlisted","unlisted","",NA,NA,NA,NA,NA,327
"Ulva fenestrata","Postels & Ruprecht",152972,"Plantae","Chlorophyta","","Ulvophyceae","Ulvales","",NA,NA,"Ulvaceae","Ulva",NA,"fenestrata","","species","iNaturalist","","7673384","","","Karolle Wall","",NA,"2017-05-25",2017,5,25,"HumanObservation","",NA,"Galiano Island","British Columbia","Canada","CA",61,"",NA,"",NA,"",NA,NA,"present",NA,"",NA,NA,NA,"unlisted","unlisted","",NA,NA,NA,NA,NA,238
"Ulva fenestrata","Postels & Ruprecht",152972,"Plantae","Chlorophyta","","Ulvophyceae","Ulvales","",NA,NA,"Ulvaceae","Ulva",NA,"fenestrata","","species","iNaturalist","","13325478","","","Lauren Magner","",NA,"2018-06-10",2018,6,10,"HumanObservation","",NA,"Galiano Island","British Columbia","Canada","CA",121,"",NA,"",NA,"",NA,NA,"present",NA,"",NA,NA,NA,"unlisted","unlisted","",NA,NA,NA,NA,NA,177
"Ulva fenestrata","Postels & Ruprecht",152972,"Plantae","Chlorophyta","","Ulvophyceae","Ulvales","",NA,NA,"Ulvaceae","Ulva",NA,"fenestrata","","species","iNaturalist","","24666605","","","Brian Starzomski","",NA,"2019-05-05",2019,5,5,"HumanObservation","",NA,"Galiano Island","British Columbia","Canada","CA",5,"",NA,"",NA,"",NA,NA,"present",NA,"",NA,NA,NA,"unlisted","unlisted","",NA,NA,NA,NA,NA,283
"Ulva fenestrata","Postels & Ruprecht",152972,"Plantae","Chlorophyta","","Ulvophyceae","Ulvales","",NA,NA,"Ulvaceae","Ulva",NA,"fenestrata","","species","iNaturalist","","24688938","","","Kalina Hunter","",NA,"2019-05-04",2019,5,4,"HumanObservation","",NA,"Galiano Island","British Columbia","Canada","CA",4,"",NA,"",NA,"",NA,NA,"present",NA,"",NA,NA,NA,"unlisted","unlisted","",NA,NA,NA,NA,NA,68
"Ulva fenestrata","Postels & Ruprecht",152972,"Plantae","Chlorophyta","","Ulvophyceae","Ulvales","",NA,NA,"Ulvaceae","Ulva",NA,"fenestrata","","species","iNaturalist","","24689409","","","Kalina Hunter","",NA,"2019-05-04",2019,5,4,"HumanObservation","",NA,"Galiano Island","British Columbia","Canada","CA",25,"",NA,"",NA,"",NA,NA,"present",NA,"",NA,NA,NA,"unlisted","unlisted","",NA,NA,NA,NA,NA,68
"Ulva fenestrata","Postels & Ruprecht",152972,"Plantae","Chlorophyta","","Ulvophyceae","Ulvales","",NA,NA,"Ulvaceae","Ulva",NA,"fenestrata","","species","iNaturalist","","24697334","","","Emily Adamczyk","",NA,"2019-05-04",2019,5,4,"HumanObservation","",NA,"Galiano Island","British Columbia","Canada","CA",95,"",NA,"",NA,"",NA,NA,"present",NA,"",NA,NA,NA,"unlisted","unlisted","",NA,NA,NA,NA,NA,130
"Ulva fenestrata","Postels & Ruprecht",152972,"Plantae","Chlorophyta","","Ulvophyceae","Ulvales","",NA,NA,"Ulvaceae","Ulva",NA,"fenestrata","","species","iNaturalist","","24714410","","","Katie Kushneryk","",NA,"2019-05-04",2019,5,4,"HumanObservation","",NA,"Galiano Island","British Columbia","Canada","CA",5,"",NA,"",NA,"",NA,NA,"present",NA,"",NA,NA,NA,"unlisted","unlisted","",NA,NA,NA,NA,NA,68
"Ulva fenestrata","Postels & Ruprecht",152972,"Plantae","Chlorophyta","","Ulvophyceae","Ulvales","",NA,NA,"Ulvaceae","Ulva",NA,"fenestrata","","species","iNaturalist","","24714908","","","Kelly Fretwell","",NA,"2019-05-04",2019,5,4,"HumanObservation","",NA,"Galiano Island","British Columbia","Canada","CA",345,"",NA,"",NA,"",NA,NA,"present",NA,"",NA,NA,NA,"unlisted","unlisted","",NA,NA,NA,NA,NA,108
"Ulva fenestrata","Postels & Ruprecht",152972,"Plantae","Chlorophyta","","Ulvophyceae","Ulvales","",NA,NA,"Ulvaceae","Ulva",NA,"fenestrata","","species","iNaturalist","","24942197","","","Katie Kushneryk","",NA,"2019-05-05",2019,5,5,"HumanObservation","",NA,"Galiano Island","British Columbia","Canada","CA",5,"",NA,"",NA,"",NA,NA,"present",NA,"",NA,NA,NA,"unlisted","unlisted","",NA,NA,NA,NA,NA,129
"Ulva fenestrata","Postels & Ruprecht",152972,"Plantae","Chlorophyta","","Ulvophyceae","Ulvales","",NA,NA,"Ulvaceae","Ulva",NA,"fenestrata","","species","iNaturalist","","25541289","","","John D Reynolds","",NA,"2019-05-04",2019,5,4,"HumanObservation","",NA,"Galiano Island","British Columbia","Canada","CA",6,"",NA,"",NA,"",NA,NA,"present",NA,"",NA,NA,NA,"unlisted","unlisted","",NA,NA,NA,NA,NA,130
"Ulva fenestrata","Postels & Ruprecht",152972,"Plantae","Chlorophyta","","Ulvophyceae","Ulvales","",NA,NA,"Ulvaceae","Ulva",NA,"fenestrata","","species","iNaturalist","","25656973","","","John D Reynolds","",NA,"2019-05-05",2019,5,5,"HumanObservation","",NA,"Galiano Island","British Columbia","Canada","CA",6,"",NA,"",NA,"",NA,NA,"present",NA,"",NA,NA,NA,"unlisted","unlisted","",NA,NA,NA,NA,NA,130
"Ulva fenestrata","Postels & Ruprecht",152972,"Plantae","Chlorophyta","","Ulvophyceae","Ulvales","",NA,NA,"Ulvaceae","Ulva",NA,"fenestrata","","species","iNaturalist","","57099182","","","Andrew Simon","",NA,"2020-08-15",2020,8,15,"HumanObservation","",NA,"Galiano Island","British Columbia","Canada","CA",27,"",NA,"",NA,"",NA,NA,"present",NA,"",NA,NA,NA,"unlisted","unlisted","",NA,NA,NA,NA,NA,417
"Ulva fenestrata","Postels & Ruprecht",152972,"Plantae","Chlorophyta","","Ulvophyceae","Ulvales","",NA,NA,"Ulvaceae","Ulva",NA,"fenestrata","","species","iNaturalist","","57301049","","","Stephen Hui","",NA,"2020-08-22",2020,8,22,"HumanObservation","",NA,"Galiano Island","British Columbia","Canada","CA",10,"",NA,"",NA,"",NA,NA,"present",NA,"",NA,NA,NA,"unlisted","unlisted","",NA,NA,NA,NA,NA,262
"Ulva fenestrata","Postels & Ruprecht",152972,"Plantae","Chlorophyta","","Ulvophyceae","Ulvales","",NA,NA,"Ulvaceae","Ulva",NA,"fenestrata","","species","iNaturalist","","72321482","","","Andrew Simon","",NA,"2021-03-17",2021,3,17,"HumanObservation","",NA,"Galiano Island","British Columbia","Canada","CA",NA,"",NA,"",NA,"",NA,NA,"present",NA,"",NA,NA,NA,"unlisted","unlisted","",NA,NA,NA,NA,NA,238
"Ulva fenestrata","Postels & Ruprecht",152972,"Plantae","Chlorophyta","","Ulvophyceae","Ulvales","",NA,NA,"Ulvaceae","Ulva",NA,"fenestrata","","species","iNaturalist","","126115282","","","svpym","",NA,"2022-07-13",2022,7,13,"HumanObservation","",NA,"Galiano Island","British Columbia","Canada","CA",4,"",NA,"",NA,"",NA,NA,"present",NA,"",NA,NA,NA,"unlisted","unlisted","",NA,NA,NA,NA,NA,130
"Ulva fenestrata","Postels & Ruprecht",152972,"Plantae","Chlorophyta","","Ulvophyceae","Ulvales","",NA,NA,"Ulvaceae","Ulva",NA,"fenestrata","","species","iNaturalist","","83605023","","","Riley Cameron","",NA,"2021-06-12",2021,6,12,"HumanObservation","",NA,"Galiano Island","British Columbia","Canada","CA",NA,"",NA,"",NA,"",NA,NA,"present",NA,"",NA,NA,NA,"unlisted","unlisted","",NA,NA,NA,NA,NA,394
"Ulva fenestrata","Postels & Ruprecht",152972,"Plantae","Chlorophyta","","Ulvophyceae","Ulvales","",NA,NA,"Ulvaceae","Ulva",NA,"fenestrata","","species","iNaturalist","","86788010","","","Emily Adamczyk","",NA,"2021-07-11",2021,7,11,"HumanObservation","",NA,"Galiano Island","British Columbia","Canada","CA",51,"",NA,"",NA,"",NA,NA,"present",NA,"",NA,NA,NA,"unlisted","unlisted","",NA,NA,NA,NA,NA,61
"Ulva fenestrata","Postels & Ruprecht",152972,"Plantae","Chlorophyta","","Ulvophyceae","Ulvales","",NA,NA,"Ulvaceae","Ulva",NA,"fenestrata","","species","PMLS","","PMLS2021:1","Pacific Marine Life Survey Dive Records","","Charlie Gibbs","",NA,"1994-02-26",1994,2,26,"HumanObservation","Alcala Point",NA,"Galiano Island","British Columbia","Canada","CA",100,"",NA,"",NA,"",79,NA,"present",NA,"",NA,NA,NA,"unlisted","unlisted","",NA,NA,NA,NA,NA,392
"Ulva fenestrata","Postels & Ruprecht",152972,"Plantae","Chlorophyta","","Ulvophyceae","Ulvales","",NA,NA,"Ulvaceae","Ulva",NA,"fenestrata","","species","PMLS","","PMLS2021:2","Pacific Marine Life Survey Dive Records","","Charlie Gibbs","",NA,"1994-02-26",1994,2,26,"HumanObservation","Race Point",NA,"Galiano Island","British Columbia","Canada","CA",100,"",NA,"",NA,"",60,NA,"present",NA,"",NA,NA,NA,"unlisted","unlisted","",NA,NA,NA,NA,NA,416
"Ulva fenestrata","Postels & Ruprecht",152972,"Plantae","Chlorophyta","","Ulvophyceae","Ulvales","",NA,NA,"Ulvaceae","Ulva",NA,"fenestrata","","species","PMLS","","PMLS2021:3","Pacific Marine Life Survey Dive Records","","Charlie Gibbs","",NA,"1994-02-27",1994,2,27,"HumanObservation","Spanish Hills Store",NA,"Galiano Island","British Columbia","Canada","CA",100,"",NA,"",NA,"",69,NA,"present",NA,"",NA,NA,NA,"unlisted","unlisted","",NA,NA,NA,NA,NA,347
"Ulva fenestrata","Postels & Ruprecht",152972,"Plantae","Chlorophyta","","Ulvophyceae","Ulvales","",NA,NA,"Ulvaceae","Ulva",NA,"fenestrata","","species","PMLS","","PMLS2021:4","Pacific Marine Life Survey Dive Records","","Andy Lamb","",NA,"1994-09-10",1994,9,10,"HumanObservation","Mary Anne Point",NA,"Galiano Island","British Columbia","Canada","CA",100,"",NA,"",NA,"",79,NA,"present",NA,"",NA,NA,NA,"unlisted","unlisted","",NA,NA,NA,NA,NA,45
"Ulva fenestrata","Postels & Ruprecht",152972,"Plantae","Chlorophyta","","Ulvophyceae","Ulvales","",NA,NA,"Ulvaceae","Ulva",NA,"fenestrata","","species","PMLS","","PMLS2021:5","Pacific Marine Life Survey Dive Records","","Andy Lamb","",NA,"1994-10-22",1994,10,22,"HumanObservation","Alcala Point",NA,"Galiano Island","British Columbia","Canada","CA",100,"",NA,"",NA,"",82,NA,"present",NA,"",NA,NA,NA,"unlisted","unlisted","",NA,NA,NA,NA,NA,392
"Ulva fenestrata","Postels & Ruprecht",152972,"Plantae","Chlorophyta","","Ulvophyceae","Ulvales","",NA,NA,"Ulvaceae","Ulva",NA,"fenestrata","","species","PMLS","","PMLS2021:7","Pacific Marine Life Survey Dive Records","","Charlie Gibbs","",NA,"1995-02-23",1995,2,23,"HumanObservation","Cliff House",NA,"Galiano Island","British Columbia","Canada","CA",100,"",NA,"",NA,"",56,NA,"present",NA,"",NA,NA,NA,"unlisted","unlisted","",NA,NA,NA,NA,NA,302
"Ulva fenestrata","Postels & Ruprecht",152972,"Plantae","Chlorophyta","","Ulvophyceae","Ulvales","",NA,NA,"Ulvaceae","Ulva",NA,"fenestrata","","species","PMLS","","PMLS2021:8","Pacific Marine Life Survey Dive Records","","Charlie Gibbs","",NA,"1995-02-25",1995,2,25,"HumanObservation","Spanish Hills Store",NA,"Galiano Island","British Columbia","Canada","CA",100,"",NA,"",NA,"",96,NA,"present",NA,"",NA,NA,NA,"unlisted","unlisted","",NA,NA,NA,NA,NA,347
"Ulva fenestrata","Postels & Ruprecht",152972,"Plantae","Chlorophyta","","Ulvophyceae","Ulvales","",NA,NA,"Ulvaceae","Ulva",NA,"fenestrata","","species","PMLS","","PMLS2021:9","Pacific Marine Life Survey Dive Records","","Charlie Gibbs","",NA,"1995-02-25",1995,2,25,"HumanObservation","Alcala Point",NA,"Galiano Island","British Columbia","Canada","CA",100,"",NA,"",NA,"",69,NA,"present",NA,"",NA,NA,NA,"unlisted","unlisted","",NA,NA,NA,NA,NA,392
"Ulva fenestrata","Postels & Ruprecht",152972,"Plantae","Chlorophyta","","Ulvophyceae","Ulvales","",NA,NA,"Ulvaceae","Ulva",NA,"fenestrata","","species","PMLS","","PMLS2021:10","Pacific Marine Life Survey Dive Records","","Charlie Gibbs","",NA,"1995-02-25",1995,2,25,"HumanObservation","Spanish Hills Store",NA,"Galiano Island","British Columbia","Canada","CA",100,"",NA,"",NA,"",62,NA,"present",NA,"",NA,NA,NA,"unlisted","unlisted","",NA,NA,NA,NA,NA,347
"Ulva fenestrata","Postels & Ruprecht",152972,"Plantae","Chlorophyta","","Ulvophyceae","Ulvales","",NA,NA,"Ulvaceae","Ulva",NA,"fenestrata","","species","PMLS","","PMLS2021:11","Pacific Marine Life Survey Dive Records","","Charlie Gibbs","",NA,"1995-02-26",1995,2,26,"HumanObservation","wreck of the Point Grey",NA,"Galiano Island","British Columbia","Canada","CA",100,"",NA,"",NA,"",43,NA,"present",NA,"",NA,NA,NA,"unlisted","unlisted","",NA,NA,NA,NA,NA,415
"Ulva fenestrata","Postels & Ruprecht",152972,"Plantae","Chlorophyta","","Ulvophyceae","Ulvales","",NA,NA,"Ulvaceae","Ulva",NA,"fenestrata","","species","PMLS","","PMLS2021:12","Pacific Marine Life Survey Dive Records","","Charlie Gibbs","",NA,"1996-02-24",1996,2,24,"HumanObservation","wreck of the Point Grey",NA,"Galiano Island","British Columbia","Canada","CA",100,"",NA,"",NA,"",NA,NA,"present",NA,"",NA,NA,NA,"unlisted","unlisted","",NA,NA,NA,NA,NA,415
"Ulva fenestrata","Postels & Ruprecht",152972,"Plantae","Chlorophyta","","Ulvophyceae","Ulvales","",NA,NA,"Ulvaceae","Ulva",NA,"fenestrata","","species","PMLS","","PMLS2021:13","Pacific Marine Life Survey Dive Records","","Charlie Gibbs","",NA,"1996-02-24",1996,2,24,"HumanObservation","Spanish Hills Store",NA,"Galiano Island","British Columbia","Canada","CA",100,"",NA,"",NA,"",70,NA,"present",NA,"",NA,NA,NA,"unlisted","unlisted","",NA,NA,NA,NA,NA,347
"Ulva fenestrata","Postels & Ruprecht",152972,"Plantae","Chlorophyta","","Ulvophyceae","Ulvales","",NA,NA,"Ulvaceae","Ulva",NA,"fenestrata","","species","PMLS","","PMLS2021:14","Pacific Marine Life Survey Dive Records","","Charlie Gibbs","",NA,"1996-02-25",1996,2,25,"HumanObservation","Baines Bay",NA,"Galiano Island","British Columbia","Canada","CA",100,"",NA,"",NA,"",72,NA,"present",NA,"",NA,NA,NA,"unlisted","unlisted","",NA,NA,NA,NA,NA,393
"Ulva fenestrata","Postels & Ruprecht",152972,"Plantae","Chlorophyta","","Ulvophyceae","Ulvales","",NA,NA,"Ulvaceae","Ulva",NA,"fenestrata","","species","PMLS","","PMLS2021:16","Pacific Marine Life Survey Dive Records","","Charlie Gibbs","",NA,"1996-05-29",1996,5,29,"HumanObservation","Spanish Hills Store",NA,"Galiano Island","British Columbia","Canada","CA",100,"",NA,"",NA,"",70,NA,"present",NA,"",NA,NA,NA,"unlisted","unlisted","",NA,NA,NA,NA,NA,347
"Ulva fenestrata","Postels & Ruprecht",152972,"Plantae","Chlorophyta","","Ulvophyceae","Ulvales","",NA,NA,"Ulvaceae","Ulva",NA,"fenestrata","","species","PMLS","","PMLS2021:17","Pacific Marine Life Survey Dive Records","","Charlie Gibbs","",NA,"1996-09-28",1996,9,28,"HumanObservation","Shaw's Landing",NA,"Galiano Island","British Columbia","Canada","CA",100,"",NA,"",NA,"",84,NA,"present",NA,"",NA,NA,NA,"unlisted","unlisted","",NA,NA,NA,NA,NA,135
"Ulva fenestrata","Postels & Ruprecht",152972,"Plantae","Chlorophyta","","Ulvophyceae","Ulvales","",NA,NA,"Ulvaceae","Ulva",NA,"fenestrata","","species","PMLS","","PMLS2021:18","Pacific Marine Life Survey Dive Records","","Charlie Gibbs","",NA,"1996-09-28",1996,9,28,"HumanObservation","Bodega, off Bodega Ridge",NA,"Galiano Island","British Columbia","Canada","CA",100,"",NA,"",NA,"",63,NA,"present",NA,"",NA,NA,NA,"unlisted","unlisted","",NA,NA,NA,NA,NA,258
"Ulva fenestrata","Postels & Ruprecht",152972,"Plantae","Chlorophyta","","Ulvophyceae","Ulvales","",NA,NA,"Ulvaceae","Ulva",NA,"fenestrata","","species","PMLS","","PMLS2021:19","Pacific Marine Life Survey Dive Records","","Charlie Gibbs","",NA,"1996-09-29",1996,9,29,"HumanObservation","Retreat Cove, north of",NA,"Galiano Island","British Columbia","Canada","CA",100,"",NA,"",NA,"",58,NA,"present",NA,"",NA,NA,NA,"unlisted","unlisted","",NA,NA,NA,NA,NA,237
"Ulva fenestrata","Postels & Ruprecht",152972,"Plantae","Chlorophyta","","Ulvophyceae","Ulvales","",NA,NA,"Ulvaceae","Ulva",NA,"fenestrata","","species","PMLS","","PMLS2021:21","Pacific Marine Life Survey Dive Records","","Andy Lamb","",NA,"1999-05-04",1999,5,4,"HumanObservation","Collinson Point",NA,"Galiano Island","British Columbia","Canada","CA",100,"",NA,"",NA,"",75,NA,"present",NA,"",NA,NA,NA,"unlisted","unlisted","",NA,NA,NA,NA,NA,42
"Ulva fenestrata","Postels & Ruprecht",152972,"Plantae","Chlorophyta","","Ulvophyceae","Ulvales","",NA,NA,"Ulvaceae","Ulva",NA,"fenestrata","","species","PMLS","","PMLS2021:22","Pacific Marine Life Survey Dive Records","","Andy Lamb","",NA,"1999-10-02",1999,10,2,"HumanObservation","Retreat Cove, west of",NA,"Galiano Island","British Columbia","Canada","CA",100,"",NA,"",NA,"",92,NA,"present",NA,"",NA,NA,NA,"unlisted","unlisted","",NA,NA,NA,NA,NA,237
"Ulva fenestrata","Postels & Ruprecht",152972,"Plantae","Chlorophyta","","Ulvophyceae","Ulvales","",NA,NA,"Ulvaceae","Ulva",NA,"fenestrata","","species","PMLS","","PMLS2021:23","Pacific Marine Life Survey Dive Records","","Andy Lamb","",NA,"2004-10-02",2004,10,2,"HumanObservation","Virago Point",NA,"Galiano Island","British Columbia","Canada","CA",100,"",NA,"",NA,"",42,NA,"present",NA,"",NA,NA,NA,"unlisted","unlisted","",NA,NA,NA,NA,NA,392
"Ulva fenestrata","Postels & Ruprecht",152972,"Plantae","Chlorophyta","","Ulvophyceae","Ulvales","",NA,NA,"Ulvaceae","Ulva",NA,"fenestrata","","species","PMLS","","PMLS2021:24","Pacific Marine Life Survey Dive Records","","Andy Lamb","",NA,"2005-12-10",2005,12,10,"HumanObservation","Virago Point",NA,"Galiano Island","British Columbia","Canada","CA",100,"",NA,"",NA,"",80,NA,"present",NA,"",NA,NA,NA,"unlisted","unlisted","",NA,NA,NA,NA,NA,392
"Ulva fenestrata","Postels & Ruprecht",152972,"Plantae","Chlorophyta","","Ulvophyceae","Ulvales","",NA,NA,"Ulvaceae","Ulva",NA,"fenestrata","","species","PMLS","","PMLS2021:26","Pacific Marine Life Survey Dive Records","","Andy Lamb","",NA,"2006-03-05",2006,3,5,"HumanObservation","False Reef",NA,"Galiano Island","British Columbia","Canada","CA",100,"",NA,"",NA,"",65,NA,"present",NA,"",NA,NA,NA,"unlisted","unlisted","",NA,NA,NA,NA,NA,214
"Ulva fenestrata","Postels & Ruprecht",152972,"Plantae","Chlorophyta","","Ulvophyceae","Ulvales","",NA,NA,"Ulvaceae","Ulva",NA,"fenestrata","","species","PMLS","","PMLS2021:27","Pacific Marine Life Survey Dive Records","","Andy Lamb","",NA,"2006-06-23",2006,6,23,"HumanObservation","Spanish Hills Store",NA,"Galiano Island","British Columbia","Canada","CA",100,"",NA,"",NA,"",91,NA,"present",NA,"",NA,NA,NA,"unlisted","unlisted","",NA,NA,NA,NA,NA,347
"Ulva fenestrata","Postels & Ruprecht",152972,"Plantae","Chlorophyta","","Ulvophyceae","Ulvales","",NA,NA,"Ulvaceae","Ulva",NA,"fenestrata","","species","PMLS","","PMLS2021:28","Pacific Marine Life Survey Dive Records","","Andy Lamb","",NA,"2006-06-30",2006,6,30,"HumanObservation","Lighthouse Bay",NA,"Galiano Island","British Columbia","Canada","CA",100,"",NA,"",NA,"",56,NA,"present",NA,"",NA,NA,NA,"unlisted","unlisted","",NA,NA,NA,NA,NA,416
"Ulva fenestrata","Postels & Ruprecht",152972,"Plantae","Chlorophyta","","Ulvophyceae","Ulvales","",NA,NA,"Ulvaceae","Ulva",NA,"fenestrata","","species","PMLS","","PMLS2021:29","Pacific Marine Life Survey Dive Records","","Andy Lamb","",NA,"2006-09-28",2006,9,28,"HumanObservation","Spanish Hills Store",NA,"Galiano Island","British Columbia","Canada","CA",100,"",NA,"",NA,"",82,NA,"present",NA,"",NA,NA,NA,"unlisted","unlisted","",NA,NA,NA,NA,NA,347
"Ulva fenestrata","Postels & Ruprecht",152972,"Plantae","Chlorophyta","","Ulvophyceae","Ulvales","",NA,NA,"Ulvaceae","Ulva",NA,"fenestrata","","species","PMLS","","PMLS2021:30","Pacific Marine Life Survey Dive Records","","Andy Lamb","",NA,"2006-09-28",2006,9,28,"HumanObservation","Dionisio Reef",NA,"Galiano Island","British Columbia","Canada","CA",100,"",NA,"",NA,"",62,NA,"present",NA,"",NA,NA,NA,"unlisted","unlisted","",NA,NA,NA,NA,NA,416
"Ulva fenestrata","Postels & Ruprecht",152972,"Plantae","Chlorophyta","","Ulvophyceae","Ulvales","",NA,NA,"Ulvaceae","Ulva",NA,"fenestrata","","species","PMLS","","PMLS2021:31","Pacific Marine Life Survey Dive Records","","Andy Lamb","",NA,"2006-09-29",2006,9,29,"HumanObservation","Race Point",NA,"Galiano Island","British Columbia","Canada","CA",100,"",NA,"",NA,"",82,NA,"present",NA,"",NA,NA,NA,"unlisted","unlisted","",NA,NA,NA,NA,NA,416
"Ulva fenestrata","Postels & Ruprecht",152972,"Plantae","Chlorophyta","","Ulvophyceae","Ulvales","",NA,NA,"Ulvaceae","Ulva",NA,"fenestrata","","species","PMLS","","PMLS2021:33","Pacific Marine Life Survey Dive Records","","Andy Lamb","",NA,"2006-11-11",2006,11,11,"HumanObservation","Dionisio Reef",NA,"Galiano Island","British Columbia","Canada","CA",100,"",NA,"",NA,"",78,NA,"present",NA,"",NA,NA,NA,"unlisted","unlisted","",NA,NA,NA,NA,NA,416
"Ulva fenestrata","Postels & Ruprecht",152972,"Plantae","Chlorophyta","","Ulvophyceae","Ulvales","",NA,NA,"Ulvaceae","Ulva",NA,"fenestrata","","species","PMLS","","PMLS2021:34","Pacific Marine Life Survey Dive Records","","Andy Lamb","",NA,"2006-11-11",2006,11,11,"HumanObservation","Spanish Hills wall",NA,"Galiano Island","British Columbia","Canada","CA",100,"",NA,"",NA,"",80,NA,"present",NA,"",NA,NA,NA,"unlisted","unlisted","",NA,NA,NA,NA,NA,370
"Ulva fenestrata","Postels & Ruprecht",152972,"Plantae","Chlorophyta","","Ulvophyceae","Ulvales","",NA,NA,"Ulvaceae","Ulva",NA,"fenestrata","","species","PMLS","","PMLS2021:35","Pacific Marine Life Survey Dive Records","","Andy Lamb","",NA,"2006-11-18",2006,11,18,"HumanObservation","Spanish Hills Store",NA,"Galiano Island","British Columbia","Canada","CA",100,"",NA,"",NA,"",89,NA,"present",NA,"",NA,NA,NA,"unlisted","unlisted","",NA,NA,NA,NA,NA,347
"Ulva fenestrata","Postels & Ruprecht",152972,"Plantae","Chlorophyta","","Ulvophyceae","Ulvales","",NA,NA,"Ulvaceae","Ulva",NA,"fenestrata","","species","PMLS","","PMLS2021:36","Pacific Marine Life Survey Dive Records","","Andy Lamb","",NA,"2006-11-18",2006,11,18,"HumanObservation","Dionisio Reef",NA,"Galiano Island","British Columbia","Canada","CA",100,"",NA,"",NA,"",66,NA,"present",NA,"",NA,NA,NA,"unlisted","unlisted","",NA,NA,NA,NA,NA,416
"Ulva fenestrata","Postels & Ruprecht",152972,"Plantae","Chlorophyta","","Ulvophyceae","Ulvales","",NA,NA,"Ulvaceae","Ulva",NA,"fenestrata","","species","PMLS","","PMLS2021:37","Pacific Marine Life Survey Dive Records","","Charlie Gibbs","",NA,"2006-12-02",2006,12,2,"HumanObservation","Dionisio Reef",NA,"Galiano Island","British Columbia","Canada","CA",100,"",NA,"",NA,"",69,NA,"present",NA,"",NA,NA,NA,"unlisted","unlisted","",NA,NA,NA,NA,NA,416
"Ulva fenestrata","Postels & Ruprecht",152972,"Plantae","Chlorophyta","","Ulvophyceae","Ulvales","",NA,NA,"Ulvaceae","Ulva",NA,"fenestrata","","species","PMLS","","PMLS2021:38","Pacific Marine Life Survey Dive Records","","Andy Lamb","",NA,"2007-08-20",2007,8,20,"HumanObservation","Spanish Hills Store",NA,"Galiano Island","British Columbia","Canada","CA",100,"",NA,"",NA,"",67,NA,"present",NA,"",NA,NA,NA,"unlisted","unlisted","",NA,NA,NA,NA,NA,347
"Ulva fenestrata","Postels & Ruprecht",152972,"Plantae","Chlorophyta","","Ulvophyceae","Ulvales","",NA,NA,"Ulvaceae","Ulva",NA,"fenestrata","","species","PMLS","","PMLS2021:39","Pacific Marine Life Survey Dive Records","","Andy Lamb","",NA,"2007-09-29",2007,9,29,"HumanObservation","Race Point",NA,"Galiano Island","British Columbia","Canada","CA",100,"",NA,"",NA,"",69,NA,"present",NA,"",NA,NA,NA,"unlisted","unlisted","",NA,NA,NA,NA,NA,416
"Ulva fenestrata","Postels & Ruprecht",152972,"Plantae","Chlorophyta","","Ulvophyceae","Ulvales","",NA,NA,"Ulvaceae","Ulva",NA,"fenestrata","","species","PMLS","","PMLS2021:41","Pacific Marine Life Survey Dive Records","","Andy Lamb","",NA,"2007-10-14",2007,10,14,"HumanObservation","Spanish Hills Store",NA,"Galiano Island","British Columbia","Canada","CA",100,"",NA,"",NA,"",92,NA,"present",NA,"",NA,NA,NA,"unlisted","unlisted","",NA,NA,NA,NA,NA,347
"Ulva fenestrata","Postels & Ruprecht",152972,"Plantae","Chlorophyta","","Ulvophyceae","Ulvales","",NA,NA,"Ulvaceae","Ulva",NA,"fenestrata","","species","PMLS","","PMLS2021:42","Pacific Marine Life Survey Dive Records","","Andy Lamb","",NA,"2007-10-14",2007,10,14,"HumanObservation","Dionisio Reef",NA,"Galiano Island","British Columbia","Canada","CA",100,"",NA,"",NA,"",81,NA,"present",NA,"",NA,NA,NA,"unlisted","unlisted","",NA,NA,NA,NA,NA,416
"Ulva fenestrata","Postels & Ruprecht",152972,"Plantae","Chlorophyta","","Ulvophyceae","Ulvales","",NA,NA,"Ulvaceae","Ulva",NA,"fenestrata","","species","PMLS","","PMLS2021:43","Pacific Marine Life Survey Dive Records","","Andy Lamb","",NA,"2007-10-21",2007,10,21,"HumanObservation","Spanish Hills Store",NA,"Galiano Island","British Columbia","Canada","CA",100,"",NA,"",NA,"",86,NA,"present",NA,"",NA,NA,NA,"unlisted","unlisted","",NA,NA,NA,NA,NA,347
"Ulva fenestrata","Postels & Ruprecht",152972,"Plantae","Chlorophyta","","Ulvophyceae","Ulvales","",NA,NA,"Ulvaceae","Ulva",NA,"fenestrata","","species","PMLS","","PMLS2021:45","Pacific Marine Life Survey Dive Records","","Andy Lamb","",NA,"2007-10-21",2007,10,21,"HumanObservation","Race Point",NA,"Galiano Island","British Columbia","Canada","CA",100,"",NA,"",NA,"",75,NA,"present",NA,"",NA,NA,NA,"unlisted","unlisted","",NA,NA,NA,NA,NA,416
"Ulva fenestrata","Postels & Ruprecht",152972,"Plantae","Chlorophyta","","Ulvophyceae","Ulvales","",NA,NA,"Ulvaceae","Ulva",NA,"fenestrata","","species","PMLS","","PMLS2021:47","Pacific Marine Life Survey Dive Records","","Andy Lamb","",NA,"2007-12-15",2007,12,15,"HumanObservation","Spanish Hills Store",NA,"Galiano Island","British Columbia","Canada","CA",100,"",NA,"",NA,"",93,NA,"present",NA,"",NA,NA,NA,"unlisted","unlisted","",NA,NA,NA,NA,NA,347
"Ulva fenestrata","Postels & Ruprecht",152972,"Plantae","Chlorophyta","","Ulvophyceae","Ulvales","",NA,NA,"Ulvaceae","Ulva",NA,"fenestrata","","species","PMLS","","PMLS2021:48","Pacific Marine Life Survey Dive Records","","Andy Lamb","",NA,"2007-12-15",2007,12,15,"HumanObservation","Dionisio Reef",NA,"Galiano Island","British Columbia","Canada","CA",100,"",NA,"",NA,"",71,NA,"present",NA,"",NA,NA,NA,"unlisted","unlisted","",NA,NA,NA,NA,NA,416
"Ulva fenestrata","Postels & Ruprecht",152972,"Plantae","Chlorophyta","","Ulvophyceae","Ulvales","",NA,NA,"Ulvaceae","Ulva",NA,"fenestrata","","species","PMLS","","PMLS2021:49","Pacific Marine Life Survey Dive Records","","Andy Lamb","",NA,"2008-02-03",2008,2,3,"HumanObservation","Spanish Hills Store",NA,"Galiano Island","British Columbia","Canada","CA",100,"",NA,"",NA,"",81,NA,"present",NA,"",NA,NA,NA,"unlisted","unlisted","",NA,NA,NA,NA,NA,347
"Ulva fenestrata","Postels & Ruprecht",152972,"Plantae","Chlorophyta","","Ulvophyceae","Ulvales","",NA,NA,"Ulvaceae","Ulva",NA,"fenestrata","","species","PMLS","","PMLS2021:50","Pacific Marine Life Survey Dive Records","","Andy Lamb","",NA,"2008-02-16",2008,2,16,"HumanObservation","Dionisio Reef",NA,"Galiano Island","British Columbia","Canada","CA",100,"",NA,"",NA,"",81,NA,"present",NA,"",NA,NA,NA,"unlisted","unlisted","",NA,NA,NA,NA,NA,416
"Ulva fenestrata","Postels & Ruprecht",152972,"Plantae","Chlorophyta","","Ulvophyceae","Ulvales","",NA,NA,"Ulvaceae","Ulva",NA,"fenestrata","","species","PMLS","","PMLS2021:51","Pacific Marine Life Survey Dive Records","","Andy Lamb","",NA,"2008-02-16",2008,2,16,"HumanObservation","Spanish Hills Store",NA,"Galiano Island","British Columbia","Canada","CA",100,"",NA,"",NA,"",91,NA,"present",NA,"",NA,NA,NA,"unlisted","unlisted","",NA,NA,NA,NA,NA,347
"Ulva fenestrata","Postels & Ruprecht",152972,"Plantae","Chlorophyta","","Ulvophyceae","Ulvales","",NA,NA,"Ulvaceae","Ulva",NA,"fenestrata","","species","PMLS","","PMLS2021:52","Pacific Marine Life Survey Dive Records","","Andy Lamb","",NA,"2008-02-17",2008,2,17,"HumanObservation","Race Point",NA,"Galiano Island","British Columbia","Canada","CA",100,"",NA,"",NA,"",96,NA,"present",NA,"",NA,NA,NA,"unlisted","unlisted","",NA,NA,NA,NA,NA,416
"Ulva fenestrata","Postels & Ruprecht",152972,"Plantae","Chlorophyta","","Ulvophyceae","Ulvales","",NA,NA,"Ulvaceae","Ulva",NA,"fenestrata","","species","PMLS","","PMLS2021:54","Pacific Marine Life Survey Dive Records","","Andy Lamb","",NA,"2008-03-01",2008,3,1,"HumanObservation","Race Point",NA,"Galiano Island","British Columbia","Canada","CA",100,"",NA,"",NA,"",96,NA,"present",NA,"",NA,NA,NA,"unlisted","unlisted","",NA,NA,NA,NA,NA,416
"Ulva fenestrata","Postels & Ruprecht",152972,"Plantae","Chlorophyta","","Ulvophyceae","Ulvales","",NA,NA,"Ulvaceae","Ulva",NA,"fenestrata","","species","PMLS","","PMLS2021:55","Pacific Marine Life Survey Dive Records","","Andy Lamb","",NA,"2008-03-01",2008,3,1,"HumanObservation","Spanish Hills Store",NA,"Galiano Island","British Columbia","Canada","CA",100,"",NA,"",NA,"",102,NA,"present",NA,"",NA,NA,NA,"unlisted","unlisted","",NA,NA,NA,NA,NA,347
"Ulva fenestrata","Postels & Ruprecht",152972,"Plantae","Chlorophyta","","Ulvophyceae","Ulvales","",NA,NA,"Ulvaceae","Ulva",NA,"fenestrata","","species","PMLS","","PMLS2021:56","Pacific Marine Life Survey Dive Records","","Andy Lamb","",NA,"2008-03-07",2008,3,7,"HumanObservation","Dionisio Reef",NA,"Galiano Island","British Columbia","Canada","CA",100,"",NA,"",NA,"",71,NA,"present",NA,"",NA,NA,NA,"unlisted","unlisted","",NA,NA,NA,NA,NA,416
"Ulva fenestrata","Postels & Ruprecht",152972,"Plantae","Chlorophyta","","Ulvophyceae","Ulvales","",NA,NA,"Ulvaceae","Ulva",NA,"fenestrata","","species","PMLS","","PMLS2021:57","Pacific Marine Life Survey Dive Records","","Andy Lamb","",NA,"2008-03-07",2008,3,7,"HumanObservation","Spanish Hills Store",NA,"Galiano Island","British Columbia","Canada","CA",100,"",NA,"",NA,"",71,NA,"present",NA,"",NA,NA,NA,"unlisted","unlisted","",NA,NA,NA,NA,NA,347
"Ulva fenestrata","Postels & Ruprecht",152972,"Plantae","Chlorophyta","","Ulvophyceae","Ulvales","",NA,NA,"Ulvaceae","Ulva",NA,"fenestrata","","species","PMLS","","PMLS2021:58","Pacific Marine Life Survey Dive Records","","Andy Lamb","",NA,"2008-03-07",2008,3,7,"HumanObservation","Race Point",NA,"Galiano Island","British Columbia","Canada","CA",100,"",NA,"",NA,"",55,NA,"present",NA,"",NA,NA,NA,"unlisted","unlisted","",NA,NA,NA,NA,NA,416
"Ulva fenestrata","Postels & Ruprecht",152972,"Plantae","Chlorophyta","","Ulvophyceae","Ulvales","",NA,NA,"Ulvaceae","Ulva",NA,"fenestrata","","species","PMLS","","PMLS2021:60","Pacific Marine Life Survey Dive Records","","Andy Lamb","",NA,"2008-03-08",2008,3,8,"HumanObservation","Spanish Hills Store",NA,"Galiano Island","British Columbia","Canada","CA",100,"",NA,"",NA,"",71,NA,"present",NA,"",NA,NA,NA,"unlisted","unlisted","",NA,NA,NA,NA,NA,347
"Ulva fenestrata","Postels & Ruprecht",152972,"Plantae","Chlorophyta","","Ulvophyceae","Ulvales","",NA,NA,"Ulvaceae","Ulva",NA,"fenestrata","","species","PMLS","","PMLS2021:61","Pacific Marine Life Survey Dive Records","","Andy Lamb","",NA,"2008-04-27",2008,4,27,"HumanObservation","Mathews Point",NA,"Galiano Island","British Columbia","Canada","CA",100,"",NA,"",NA,"",89,NA,"present",NA,"",NA,NA,NA,"unlisted","unlisted","",NA,NA,NA,NA,NA,43
"Ulva fenestrata","Postels & Ruprecht",152972,"Plantae","Chlorophyta","","Ulvophyceae","Ulvales","",NA,NA,"Ulvaceae","Ulva",NA,"fenestrata","","species","PMLS","","PMLS2021:62","Pacific Marine Life Survey Dive Records","","Andy Lamb","",NA,"2008-04-27",2008,4,27,"HumanObservation","Walker Rock",NA,"Galiano Island","British Columbia","Canada","CA",100,"",NA,"",NA,"",110,NA,"present",NA,"",NA,NA,NA,"unlisted","unlisted","",NA,NA,NA,NA,NA,191
"Ulva fenestrata","Postels & Ruprecht",152972,"Plantae","Chlorophyta","","Ulvophyceae","Ulvales","",NA,NA,"Ulvaceae","Ulva",NA,"fenestrata","","species","PMLS","","PMLS2021:64","Pacific Marine Life Survey Dive Records","","Andy Lamb","",NA,"2008-05-30",2008,5,30,"HumanObservation","Spanish Hills Store",NA,"Galiano Island","British Columbia","Canada","CA",100,"",NA,"",NA,"",54,NA,"present",NA,"",NA,NA,NA,"unlisted","unlisted","",NA,NA,NA,NA,NA,347
"Ulva fenestrata","Postels & Ruprecht",152972,"Plantae","Chlorophyta","","Ulvophyceae","Ulvales","",NA,NA,"Ulvaceae","Ulva",NA,"fenestrata","","species","PMLS","","PMLS2021:67","Pacific Marine Life Survey Dive Records","","Andy Lamb","",NA,"2008-06-14",2008,6,14,"HumanObservation","Spanish Hills Store",NA,"Galiano Island","British Columbia","Canada","CA",100,"",NA,"",NA,"",78,NA,"present",NA,"",NA,NA,NA,"unlisted","unlisted","",NA,NA,NA,NA,NA,347
"Ulva fenestrata","Postels & Ruprecht",152972,"Plantae","Chlorophyta","","Ulvophyceae","Ulvales","",NA,NA,"Ulvaceae","Ulva",NA,"fenestrata","","species","PMLS","","PMLS2021:68","Pacific Marine Life Survey Dive Records","","Andy Lamb","",NA,"2008-06-21",2008,6,21,"HumanObservation","Dionisio Reef",NA,"Galiano Island","British Columbia","Canada","CA",100,"",NA,"",NA,"",76,NA,"present",NA,"",NA,NA,NA,"unlisted","unlisted","",NA,NA,NA,NA,NA,416
"Ulva fenestrata","Postels & Ruprecht",152972,"Plantae","Chlorophyta","","Ulvophyceae","Ulvales","",NA,NA,"Ulvaceae","Ulva",NA,"fenestrata","","species","PMLS","","PMLS2021:69","Pacific Marine Life Survey Dive Records","","Andy Lamb","",NA,"2008-06-21",2008,6,21,"HumanObservation","Spanish Hills Store",NA,"Galiano Island","British Columbia","Canada","CA",100,"",NA,"",NA,"",76,NA,"present",NA,"",NA,NA,NA,"unlisted","unlisted","",NA,NA,NA,NA,NA,347
"Ulva fenestrata","Postels & Ruprecht",152972,"Plantae","Chlorophyta","","Ulvophyceae","Ulvales","",NA,NA,"Ulvaceae","Ulva",NA,"fenestrata","","species","PMLS","","PMLS2021:70","Pacific Marine Life Survey Dive Records","","Andy Lamb","",NA,"2008-07-19",2008,7,19,"HumanObservation","Spanish Hills Store",NA,"Galiano Island","British Columbia","Canada","CA",100,"",NA,"",NA,"",52,NA,"present",NA,"",NA,NA,NA,"unlisted","unlisted","",NA,NA,NA,NA,NA,347
"Ulva fenestrata","Postels & Ruprecht",152972,"Plantae","Chlorophyta","","Ulvophyceae","Ulvales","",NA,NA,"Ulvaceae","Ulva",NA,"fenestrata","","species","PMLS","","PMLS2021:71","Pacific Marine Life Survey Dive Records","","Andy Lamb","",NA,"2008-07-19",2008,7,19,"HumanObservation","Dionisio Reef",NA,"Galiano Island","British Columbia","Canada","CA",100,"",NA,"",NA,"",77,NA,"present",NA,"",NA,NA,NA,"unlisted","unlisted","",NA,NA,NA,NA,NA,416
"Ulva fenestrata","Postels & Ruprecht",152972,"Plantae","Chlorophyta","","Ulvophyceae","Ulvales","",NA,NA,"Ulvaceae","Ulva",NA,"fenestrata","","species","PMLS","","PMLS2021:72","Pacific Marine Life Survey Dive Records","","Andy Lamb","",NA,"2008-08-29",2008,8,29,"HumanObservation","Race Point",NA,"Galiano Island","British Columbia","Canada","CA",100,"",NA,"",NA,"",85,NA,"present",NA,"",NA,NA,NA,"unlisted","unlisted","",NA,NA,NA,NA,NA,416
"Ulva fenestrata","Postels & Ruprecht",152972,"Plantae","Chlorophyta","","Ulvophyceae","Ulvales","",NA,NA,"Ulvaceae","Ulva",NA,"fenestrata","","species","PMLS","","PMLS2021:74","Pacific Marine Life Survey Dive Records","","Andy Lamb","",NA,"2008-09-19",2008,9,19,"HumanObservation","Spanish Hills Store",NA,"Galiano Island","British Columbia","Canada","CA",100,"",NA,"",NA,"",137,NA,"present",NA,"",NA,NA,NA,"unlisted","unlisted","",NA,NA,NA,NA,NA,347
"Ulva fenestrata","Postels & Ruprecht",152972,"Plantae","Chlorophyta","","Ulvophyceae","Ulvales","",NA,NA,"Ulvaceae","Ulva",NA,"fenestrata","","species","PMLS","","PMLS2021:75","Pacific Marine Life Survey Dive Records","","Andy Lamb","",NA,"2008-10-05",2008,10,5,"HumanObservation","Spanish Hills Store",NA,"Galiano Island","British Columbia","Canada","CA",100,"",NA,"",NA,"",93,NA,"present",NA,"",NA,NA,NA,"unlisted","unlisted","",NA,NA,NA,NA,NA,347
"Ulva fenestrata","Postels & Ruprecht",152972,"Plantae","Chlorophyta","","Ulvophyceae","Ulvales","",NA,NA,"Ulvaceae","Ulva",NA,"fenestrata","","species","PMLS","","PMLS2021:77","Pacific Marine Life Survey Dive Records","","Andy Lamb","",NA,"2008-10-06",2008,10,6,"HumanObservation","Dionisio Reef",NA,"Galiano Island","British Columbia","Canada","CA",100,"",NA,"",NA,"",63,NA,"present",NA,"",NA,NA,NA,"unlisted","unlisted","",NA,NA,NA,NA,NA,416
"Ulva fenestrata","Postels & Ruprecht",152972,"Plantae","Chlorophyta","","Ulvophyceae","Ulvales","",NA,NA,"Ulvaceae","Ulva",NA,"fenestrata","","species","PMLS","","PMLS2021:79","Pacific Marine Life Survey Dive Records","","Andy Lamb","",NA,"2008-10-07",2008,10,7,"HumanObservation","Dionisio Bay",NA,"Galiano Island","British Columbia","Canada","CA",100,"",NA,"",NA,"",88,NA,"present",NA,"",NA,NA,NA,"unlisted","unlisted","",NA,NA,NA,NA,NA,416
"Ulva fenestrata","Postels & Ruprecht",152972,"Plantae","Chlorophyta","","Ulvophyceae","Ulvales","",NA,NA,"Ulvaceae","Ulva",NA,"fenestrata","","species","PMLS","","PMLS2021:80","Pacific Marine Life Survey Dive Records","","Andy Lamb","",NA,"2008-10-09",2008,10,9,"HumanObservation","Spanish Hills Store",NA,"Galiano Island","British Columbia","Canada","CA",100,"",NA,"",NA,"",72,NA,"present",NA,"",NA,NA,NA,"unlisted","unlisted","",NA,NA,NA,NA,NA,347
"Ulva fenestrata","Postels & Ruprecht",152972,"Plantae","Chlorophyta","","Ulvophyceae","Ulvales","",NA,NA,"Ulvaceae","Ulva",NA,"fenestrata","","species","PMLS","","PMLS2021:81","Pacific Marine Life Survey Dive Records","","Andy Lamb","",NA,"2008-10-09",2008,10,9,"HumanObservation","Dionisio Reef",NA,"Galiano Island","British Columbia","Canada","CA",100,"",NA,"",NA,"",83,NA,"present",NA,"",NA,NA,NA,"unlisted","unlisted","",NA,NA,NA,NA,NA,416
"Ulva fenestrata","Postels & Ruprecht",152972,"Plantae","Chlorophyta","","Ulvophyceae","Ulvales","",NA,NA,"Ulvaceae","Ulva",NA,"fenestrata","","species","PMLS","","PMLS2021:82","Pacific Marine Life Survey Dive Records","","Andy Lamb","",NA,"2008-10-10",2008,10,10,"HumanObservation","Spanish Hills Store",NA,"Galiano Island","British Columbia","Canada","CA",100,"",NA,"",NA,"",104,NA,"present",NA,"",NA,NA,NA,"unlisted","unlisted","",NA,NA,NA,NA,NA,347
"Ulva fenestrata","Postels & Ruprecht",152972,"Plantae","Chlorophyta","","Ulvophyceae","Ulvales","",NA,NA,"Ulvaceae","Ulva",NA,"fenestrata","","species","PMLS","","PMLS2021:83","Pacific Marine Life Survey Dive Records","","Andy Lamb","",NA,"2008-11-13",2008,11,13,"HumanObservation","Mathews Point",NA,"Galiano Island","British Columbia","Canada","CA",100,"",NA,"",NA,"",71,NA,"present",NA,"",NA,NA,NA,"unlisted","unlisted","",NA,NA,NA,NA,NA,43
"Ulva fenestrata","Postels & Ruprecht",152972,"Plantae","Chlorophyta","","Ulvophyceae","Ulvales","",NA,NA,"Ulvaceae","Ulva",NA,"fenestrata","","species","PMLS","","PMLS2021:84","Pacific Marine Life Survey Dive Records","","Andy Lamb","",NA,"2008-12-29",2008,12,29,"HumanObservation","Spanish Hills Store",NA,"Galiano Island","British Columbia","Canada","CA",100,"",NA,"",NA,"",85,NA,"present",NA,"",NA,NA,NA,"unlisted","unlisted","",NA,NA,NA,NA,NA,347
"Ulva fenestrata","Postels & Ruprecht",152972,"Plantae","Chlorophyta","","Ulvophyceae","Ulvales","",NA,NA,"Ulvaceae","Ulva",NA,"fenestrata","","species","PMLS","","PMLS2021:85","Pacific Marine Life Survey Dive Records","","Andy Lamb","",NA,"2008-12-29",2008,12,29,"HumanObservation","Dionisio Reef",NA,"Galiano Island","British Columbia","Canada","CA",100,"",NA,"",NA,"",76,NA,"present",NA,"",NA,NA,NA,"unlisted","unlisted","",NA,NA,NA,NA,NA,416
"Ulva fenestrata","Postels & Ruprecht",152972,"Plantae","Chlorophyta","","Ulvophyceae","Ulvales","",NA,NA,"Ulvaceae","Ulva",NA,"fenestrata","","species","PMLS","","PMLS2021:86","Pacific Marine Life Survey Dive Records","","Andy Lamb","",NA,"2009-01-02",2009,1,2,"HumanObservation","Spanish Hills wall",NA,"Galiano Island","British Columbia","Canada","CA",100,"",NA,"",NA,"",106,NA,"present",NA,"",NA,NA,NA,"unlisted","unlisted","",NA,NA,NA,NA,NA,370
"Ulva fenestrata","Postels & Ruprecht",152972,"Plantae","Chlorophyta","","Ulvophyceae","Ulvales","",NA,NA,"Ulvaceae","Ulva",NA,"fenestrata","","species","PMLS","","PMLS2021:87","Pacific Marine Life Survey Dive Records","","Andy Lamb","",NA,"2009-01-04",2009,1,4,"HumanObservation","Spanish Hills Store",NA,"Galiano Island","British Columbia","Canada","CA",100,"",NA,"",NA,"",81,NA,"present",NA,"",NA,NA,NA,"unlisted","unlisted","",NA,NA,NA,NA,NA,347
"Ulva fenestrata","Postels & Ruprecht",152972,"Plantae","Chlorophyta","","Ulvophyceae","Ulvales","",NA,NA,"Ulvaceae","Ulva",NA,"fenestrata","","species","PMLS","","PMLS2021:88","Pacific Marine Life Survey Dive Records","","Andy Lamb","",NA,"2009-01-30",2009,1,30,"HumanObservation","Outer Dionisio Reef",NA,"Galiano Island","British Columbia","Canada","CA",100,"",NA,"",NA,"",61,NA,"present",NA,"",NA,NA,NA,"unlisted","unlisted","",NA,NA,NA,NA,NA,417
"Ulva fenestrata","Postels & Ruprecht",152972,"Plantae","Chlorophyta","","Ulvophyceae","Ulvales","",NA,NA,"Ulvaceae","Ulva",NA,"fenestrata","","species","PMLS","","PMLS2021:91","Pacific Marine Life Survey Dive Records","","Andy Lamb","",NA,"2009-02-14",2009,2,14,"HumanObservation","Spanish Hills Store",NA,"Galiano Island","British Columbia","Canada","CA",100,"",NA,"",NA,"",92,NA,"present",NA,"",NA,NA,NA,"unlisted","unlisted","",NA,NA,NA,NA,NA,347
"Ulva fenestrata","Postels & Ruprecht",152972,"Plantae","Chlorophyta","","Ulvophyceae","Ulvales","",NA,NA,"Ulvaceae","Ulva",NA,"fenestrata","","species","PMLS","","PMLS2021:93","Pacific Marine Life Survey Dive Records","","Andy Lamb","",NA,"2009-02-14",2009,2,14,"HumanObservation","Dionisio Reef",NA,"Galiano Island","British Columbia","Canada","CA",100,"",NA,"",NA,"",75,NA,"present",NA,"",NA,NA,NA,"unlisted","unlisted","",NA,NA,NA,NA,NA,416
"Ulva fenestrata","Postels & Ruprecht",152972,"Plantae","Chlorophyta","","Ulvophyceae","Ulvales","",NA,NA,"Ulvaceae","Ulva",NA,"fenestrata","","species","PMLS","","PMLS2021:95","Pacific Marine Life Survey Dive Records","","Andy Lamb","",NA,"2009-03-07",2009,3,7,"HumanObservation","Spanish Hills Store",NA,"Galiano Island","British Columbia","Canada","CA",100,"",NA,"",NA,"",73,NA,"present",NA,"",NA,NA,NA,"unlisted","unlisted","",NA,NA,NA,NA,NA,347
"Ulva fenestrata","Postels & Ruprecht",152972,"Plantae","Chlorophyta","","Ulvophyceae","Ulvales","",NA,NA,"Ulvaceae","Ulva",NA,"fenestrata","","species","PMLS","","PMLS2021:96","Pacific Marine Life Survey Dive Records","","Andy Lamb","",NA,"2009-03-07",2009,3,7,"HumanObservation","Dionisio Reef",NA,"Galiano Island","British Columbia","Canada","CA",100,"",NA,"",NA,"",73,NA,"present",NA,"",NA,NA,NA,"unlisted","unlisted","",NA,NA,NA,NA,NA,416
"Ulva fenestrata","Postels & Ruprecht",152972,"Plantae","Chlorophyta","","Ulvophyceae","Ulvales","",NA,NA,"Ulvaceae","Ulva",NA,"fenestrata","","species","PMLS","","PMLS2021:97","Pacific Marine Life Survey Dive Records","","Andy Lamb","",NA,"2009-03-19",2009,3,19,"HumanObservation","Spanish Hills Store",NA,"Galiano Island","British Columbia","Canada","CA",100,"",NA,"",NA,"",58,NA,"present",NA,"",NA,NA,NA,"unlisted","unlisted","",NA,NA,NA,NA,NA,347
"Ulva fenestrata","Postels & Ruprecht",152972,"Plantae","Chlorophyta","","Ulvophyceae","Ulvales","",NA,NA,"Ulvaceae","Ulva",NA,"fenestrata","","species","PMLS","","PMLS2021:98","Pacific Marine Life Survey Dive Records","","Andy Lamb","",NA,"2009-03-20",2009,3,20,"HumanObservation","Dionisio Reef",NA,"Galiano Island","British Columbia","Canada","CA",100,"",NA,"",NA,"",68,NA,"present",NA,"",NA,NA,NA,"unlisted","unlisted","",NA,NA,NA,NA,NA,416
"Ulva fenestrata","Postels & Ruprecht",152972,"Plantae","Chlorophyta","","Ulvophyceae","Ulvales","",NA,NA,"Ulvaceae","Ulva",NA,"fenestrata","","species","PMLS","","PMLS2021:99","Pacific Marine Life Survey Dive Records","","Andy Lamb","",NA,"2009-03-20",2009,3,20,"HumanObservation","Dionisio Bay",NA,"Galiano Island","British Columbia","Canada","CA",100,"",NA,"",NA,"",56,NA,"present",NA,"",NA,NA,NA,"unlisted","unlisted","",NA,NA,NA,NA,NA,416
"Ulva fenestrata","Postels & Ruprecht",152972,"Plantae","Chlorophyta","","Ulvophyceae","Ulvales","",NA,NA,"Ulvaceae","Ulva",NA,"fenestrata","","species","PMLS","","PMLS2021:100","Pacific Marine Life Survey Dive Records","","Andy Lamb","",NA,"2009-04-04",2009,4,4,"HumanObservation","Outer Dionisio Reef",NA,"Galiano Island","British Columbia","Canada","CA",100,"",NA,"",NA,"",79,NA,"present",NA,"",NA,NA,NA,"unlisted","unlisted","",NA,NA,NA,NA,NA,417
"Ulva fenestrata","Postels & Ruprecht",152972,"Plantae","Chlorophyta","","Ulvophyceae","Ulvales","",NA,NA,"Ulvaceae","Ulva",NA,"fenestrata","","species","PMLS","","PMLS2021:101","Pacific Marine Life Survey Dive Records","","Andy Lamb","",NA,"2009-04-04",2009,4,4,"HumanObservation","Spanish Hills Store",NA,"Galiano Island","British Columbia","Canada","CA",100,"",NA,"",NA,"",92,NA,"present",NA,"",NA,NA,NA,"unlisted","unlisted","",NA,NA,NA,NA,NA,347
"Ulva fenestrata","Postels & Ruprecht",152972,"Plantae","Chlorophyta","","Ulvophyceae","Ulvales","",NA,NA,"Ulvaceae","Ulva",NA,"fenestrata","","species","PMLS","","PMLS2021:102","Pacific Marine Life Survey Dive Records","","Andy Lamb","",NA,"2009-04-11",2009,4,11,"HumanObservation","Alcala Point",NA,"Galiano Island","British Columbia","Canada","CA",100,"",NA,"",NA,"",60,NA,"present",NA,"",NA,NA,NA,"unlisted","unlisted","",NA,NA,NA,NA,NA,392
"Ulva fenestrata","Postels & Ruprecht",152972,"Plantae","Chlorophyta","","Ulvophyceae","Ulvales","",NA,NA,"Ulvaceae","Ulva",NA,"fenestrata","","species","PMLS","","PMLS2021:104","Pacific Marine Life Survey Dive Records","","Andy Lamb","",NA,"2009-05-16",2009,5,16,"HumanObservation","Dionisio Reef",NA,"Galiano Island","British Columbia","Canada","CA",100,"",NA,"",NA,"",78,NA,"present",NA,"",NA,NA,NA,"unlisted","unlisted","",NA,NA,NA,NA,NA,416
"Ulva fenestrata","Postels & Ruprecht",152972,"Plantae","Chlorophyta","","Ulvophyceae","Ulvales","",NA,NA,"Ulvaceae","Ulva",NA,"fenestrata","","species","PMLS","","PMLS2021:105","Pacific Marine Life Survey Dive Records","","Andy Lamb","",NA,"2009-05-30",2009,5,30,"HumanObservation","Spanish Hills Store",NA,"Galiano Island","British Columbia","Canada","CA",100,"",NA,"",NA,"",92,NA,"present",NA,"",NA,NA,NA,"unlisted","unlisted","",NA,NA,NA,NA,NA,347
"Ulva fenestrata","Postels & Ruprecht",152972,"Plantae","Chlorophyta","","Ulvophyceae","Ulvales","",NA,NA,"Ulvaceae","Ulva",NA,"fenestrata","","species","PMLS","","PMLS2021:107","Pacific Marine Life Survey Dive Records","","Andy Lamb","",NA,"2009-06-12",2009,6,12,"HumanObservation","Dionisio Reef",NA,"Galiano Island","British Columbia","Canada","CA",100,"",NA,"",NA,"",74,NA,"present",NA,"",NA,NA,NA,"unlisted","unlisted","",NA,NA,NA,NA,NA,416
"Ulva fenestrata","Postels & Ruprecht",152972,"Plantae","Chlorophyta","","Ulvophyceae","Ulvales","",NA,NA,"Ulvaceae","Ulva",NA,"fenestrata","","species","PMLS","","PMLS2021:108","Pacific Marine Life Survey Dive Records","","Andy Lamb","",NA,"2009-07-04",2009,7,4,"HumanObservation","Alcala Point",NA,"Galiano Island","British Columbia","Canada","CA",100,"",NA,"",NA,"",95,NA,"present",NA,"",NA,NA,NA,"unlisted","unlisted","",NA,NA,NA,NA,NA,392
"Ulva fenestrata","Postels & Ruprecht",152972,"Plantae","Chlorophyta","","Ulvophyceae","Ulvales","",NA,NA,"Ulvaceae","Ulva",NA,"fenestrata","","species","PMLS","","PMLS2021:109","Pacific Marine Life Survey Dive Records","","Andy Lamb","",NA,"2009-08-02",2009,8,2,"HumanObservation","Spanish Hills Store",NA,"Galiano Island","British Columbia","Canada","CA",100,"",NA,"",NA,"",94,NA,"present",NA,"",NA,NA,NA,"unlisted","unlisted","",NA,NA,NA,NA,NA,347
"Ulva fenestrata","Postels & Ruprecht",152972,"Plantae","Chlorophyta","","Ulvophyceae","Ulvales","",NA,NA,"Ulvaceae","Ulva",NA,"fenestrata","","species","PMLS","","PMLS2021:110","Pacific Marine Life Survey Dive Records","","Andy Lamb","",NA,"2009-10-10",2009,10,10,"HumanObservation","Race Point",NA,"Galiano Island","British Columbia","Canada","CA",100,"",NA,"",NA,"",42,NA,"present",NA,"",NA,NA,NA,"unlisted","unlisted","",NA,NA,NA,NA,NA,416
"Ulva fenestrata","Postels & Ruprecht",152972,"Plantae","Chlorophyta","","Ulvophyceae","Ulvales","",NA,NA,"Ulvaceae","Ulva",NA,"fenestrata","","species","PMLS","","PMLS2021:112","Pacific Marine Life Survey Dive Records","","Andy Lamb","",NA,"2009-10-11",2009,10,11,"HumanObservation","Dionisio Reef",NA,"Galiano Island","British Columbia","Canada","CA",100,"",NA,"",NA,"",45,NA,"present",NA,"",NA,NA,NA,"unlisted","unlisted","",NA,NA,NA,NA,NA,416
"Ulva fenestrata","Postels & Ruprecht",152972,"Plantae","Chlorophyta","","Ulvophyceae","Ulvales","",NA,NA,"Ulvaceae","Ulva",NA,"fenestrata","","species","PMLS","","PMLS2021:114","Pacific Marine Life Survey Dive Records","","Andy Lamb","",NA,"2009-12-31",2009,12,31,"HumanObservation","Dionisio Reef",NA,"Galiano Island","British Columbia","Canada","CA",100,"",NA,"",NA,"",85,NA,"present",NA,"",NA,NA,NA,"unlisted","unlisted","",NA,NA,NA,NA,NA,416
"Ulva fenestrata","Postels & Ruprecht",152972,"Plantae","Chlorophyta","","Ulvophyceae","Ulvales","",NA,NA,"Ulvaceae","Ulva",NA,"fenestrata","","species","PMLS","","PMLS2021:115","Pacific Marine Life Survey Dive Records","","Andy Lamb","",NA,"2009-12-31",2009,12,31,"HumanObservation","Spanish Hills Store",NA,"Galiano Island","British Columbia","Canada","CA",100,"",NA,"",NA,"",81,NA,"present",NA,"",NA,NA,NA,"unlisted","unlisted","",NA,NA,NA,NA,NA,347
"Ulva fenestrata","Postels & Ruprecht",152972,"Plantae","Chlorophyta","","Ulvophyceae","Ulvales","",NA,NA,"Ulvaceae","Ulva",NA,"fenestrata","","species","PMLS","","PMLS2021:116","Pacific Marine Life Survey Dive Records","","Andy Lamb","",NA,"2010-03-20",2010,3,20,"HumanObservation","Dionisio Reef",NA,"Galiano Island","British Columbia","Canada","CA",100,"",NA,"",NA,"",84,NA,"present",NA,"",NA,NA,NA,"unlisted","unlisted","",NA,NA,NA,NA,NA,416
"Ulva fenestrata","Postels & Ruprecht",152972,"Plantae","Chlorophyta","","Ulvophyceae","Ulvales","",NA,NA,"Ulvaceae","Ulva",NA,"fenestrata","","species","PMLS","","PMLS2021:117","Pacific Marine Life Survey Dive Records","","Andy Lamb","",NA,"2010-03-21",2010,3,21,"HumanObservation","Spanish Hills Store",NA,"Galiano Island","British Columbia","Canada","CA",100,"",NA,"",NA,"",94,NA,"present",NA,"",NA,NA,NA,"unlisted","unlisted","",NA,NA,NA,NA,NA,347
"Ulva fenestrata","Postels & Ruprecht",152972,"Plantae","Chlorophyta","","Ulvophyceae","Ulvales","",NA,NA,"Ulvaceae","Ulva",NA,"fenestrata","","species","PMLS","","PMLS2021:118","Pacific Marine Life Survey Dive Records","","Andy Lamb","",NA,"2010-04-18",2010,4,18,"HumanObservation","Spanish Hills Store",NA,"Galiano Island","British Columbia","Canada","CA",100,"",NA,"",NA,"",73,NA,"present",NA,"",NA,NA,NA,"unlisted","unlisted","",NA,NA,NA,NA,NA,347
"Ulva fenestrata","Postels & Ruprecht",152972,"Plantae","Chlorophyta","","Ulvophyceae","Ulvales","",NA,NA,"Ulvaceae","Ulva",NA,"fenestrata","","species","PMLS","","PMLS2021:119","Pacific Marine Life Survey Dive Records","","Andy Lamb","",NA,"2010-05-30",2010,5,30,"HumanObservation","Spanish Hills wall",NA,"Galiano Island","British Columbia","Canada","CA",100,"",NA,"",NA,"",81,NA,"present",NA,"",NA,NA,NA,"unlisted","unlisted","",NA,NA,NA,NA,NA,370
"Ulva fenestrata","Postels & Ruprecht",152972,"Plantae","Chlorophyta","","Ulvophyceae","Ulvales","",NA,NA,"Ulvaceae","Ulva",NA,"fenestrata","","species","PMLS","","PMLS2021:120","Pacific Marine Life Survey Dive Records","","Andy Lamb","",NA,"2010-05-30",2010,5,30,"HumanObservation","Dionisio Reef",NA,"Galiano Island","British Columbia","Canada","CA",100,"",NA,"",NA,"",63,NA,"present",NA,"",NA,NA,NA,"unlisted","unlisted","",NA,NA,NA,NA,NA,416
"Ulva fenestrata","Postels & Ruprecht",152972,"Plantae","Chlorophyta","","Ulvophyceae","Ulvales","",NA,NA,"Ulvaceae","Ulva",NA,"fenestrata","","species","PMLS","","PMLS2021:121","Pacific Marine Life Survey Dive Records","","Andy Lamb","",NA,"2010-07-17",2010,7,17,"HumanObservation","Spanish Hills Store",NA,"Galiano Island","British Columbia","Canada","CA",100,"",NA,"",NA,"",86,NA,"present",NA,"",NA,NA,NA,"unlisted","unlisted","",NA,NA,NA,NA,NA,347
"Ulva fenestrata","Postels & Ruprecht",152972,"Plantae","Chlorophyta","","Ulvophyceae","Ulvales","",NA,NA,"Ulvaceae","Ulva",NA,"fenestrata","","species","PMLS","","PMLS2021:122","Pacific Marine Life Survey Dive Records","","Andy Lamb","",NA,"2010-07-17",2010,7,17,"HumanObservation","Race Point",NA,"Galiano Island","British Columbia","Canada","CA",100,"",NA,"",NA,"",86,NA,"present",NA,"",NA,NA,NA,"unlisted","unlisted","",NA,NA,NA,NA,NA,416
"Ulva fenestrata","Postels & Ruprecht",152972,"Plantae","Chlorophyta","","Ulvophyceae","Ulvales","",NA,NA,"Ulvaceae","Ulva",NA,"fenestrata","","species","PMLS","","PMLS2021:123","Pacific Marine Life Survey Dive Records","","Andy Lamb","",NA,"2010-07-18",2010,7,18,"HumanObservation","Dionisio Reef",NA,"Galiano Island","British Columbia","Canada","CA",100,"",NA,"",NA,"",62,NA,"present",NA,"",NA,NA,NA,"unlisted","unlisted","",NA,NA,NA,NA,NA,416
"Ulva fenestrata","Postels & Ruprecht",152972,"Plantae","Chlorophyta","","Ulvophyceae","Ulvales","",NA,NA,"Ulvaceae","Ulva",NA,"fenestrata","","species","PMLS","","PMLS2021:124","Pacific Marine Life Survey Dive Records","","Andy Lamb","",NA,"2010-10-10",2010,10,10,"HumanObservation","Dionisio Reef",NA,"Galiano Island","British Columbia","Canada","CA",100,"",NA,"",NA,"",75,NA,"present",NA,"",NA,NA,NA,"unlisted","unlisted","",NA,NA,NA,NA,NA,416
"Ulva fenestrata","Postels & Ruprecht",152972,"Plantae","Chlorophyta","","Ulvophyceae","Ulvales","",NA,NA,"Ulvaceae","Ulva",NA,"fenestrata","","species","PMLS","","PMLS2021:125","Pacific Marine Life Survey Dive Records","","Andy Lamb","",NA,"2010-11-11",2010,11,11,"HumanObservation","Alcala Point Reefs",NA,"Galiano Island","British Columbia","Canada","CA",100,"",NA,"",NA,"",73,NA,"present",NA,"",NA,NA,NA,"unlisted","unlisted","",NA,NA,NA,NA,NA,392
"Ulva fenestrata","Postels & Ruprecht",152972,"Plantae","Chlorophyta","","Ulvophyceae","Ulvales","",NA,NA,"Ulvaceae","Ulva",NA,"fenestrata","","species","PMLS","","PMLS2021:126","Pacific Marine Life Survey Dive Records","","Andy Lamb","",NA,"2010-11-11",2010,11,11,"HumanObservation","Outer Dionisio Reef",NA,"Galiano Island","British Columbia","Canada","CA",100,"",NA,"",NA,"",86,NA,"present",NA,"",NA,NA,NA,"unlisted","unlisted","",NA,NA,NA,NA,NA,417
"Ulva fenestrata","Postels & Ruprecht",152972,"Plantae","Chlorophyta","","Ulvophyceae","Ulvales","",NA,NA,"Ulvaceae","Ulva",NA,"fenestrata","","species","PMLS","","PMLS2021:127","Pacific Marine Life Survey Dive Records","","Andy Lamb","",NA,"2010-11-12",2010,11,12,"HumanObservation","Spanish Hills Store",NA,"Galiano Island","British Columbia","Canada","CA",100,"",NA,"",NA,"",100,NA,"present",NA,"",NA,NA,NA,"unlisted","unlisted","",NA,NA,NA,NA,NA,347
"Ulva fenestrata","Postels & Ruprecht",152972,"Plantae","Chlorophyta","","Ulvophyceae","Ulvales","",NA,NA,"Ulvaceae","Ulva",NA,"fenestrata","","species","PMLS","","PMLS2021:128","Pacific Marine Life Survey Dive Records","","Andy Lamb","",NA,"2011-01-15",2011,1,15,"HumanObservation","Dionisio Reef",NA,"Galiano Island","British Columbia","Canada","CA",100,"",NA,"",NA,"",92,NA,"present",NA,"",NA,NA,NA,"unlisted","unlisted","",NA,NA,NA,NA,NA,416
"Ulva fenestrata","Postels & Ruprecht",152972,"Plantae","Chlorophyta","","Ulvophyceae","Ulvales","",NA,NA,"Ulvaceae","Ulva",NA,"fenestrata","","species","PMLS","","PMLS2021:129","Pacific Marine Life Survey Dive Records","","Andy Lamb","",NA,"2011-02-20",2011,2,20,"HumanObservation","Spanish Hills wall",NA,"Galiano Island","British Columbia","Canada","CA",100,"",NA,"",NA,"",72,NA,"present",NA,"",NA,NA,NA,"unlisted","unlisted","",NA,NA,NA,NA,NA,370
"Ulva fenestrata","Postels & Ruprecht",152972,"Plantae","Chlorophyta","","Ulvophyceae","Ulvales","",NA,NA,"Ulvaceae","Ulva",NA,"fenestrata","","species","PMLS","","PMLS2021:130","Pacific Marine Life Survey Dive Records","","Andy Lamb","",NA,"2011-02-26",2011,2,26,"HumanObservation","wreck of the Point Grey",NA,"Galiano Island","British Columbia","Canada","CA",100,"",NA,"",NA,"",47,NA,"present",NA,"",NA,NA,NA,"unlisted","unlisted","",NA,NA,NA,NA,NA,415
"Ulva fenestrata","Postels & Ruprecht",152972,"Plantae","Chlorophyta","","Ulvophyceae","Ulvales","",NA,NA,"Ulvaceae","Ulva",NA,"fenestrata","","species","PMLS","","PMLS2021:131","Pacific Marine Life Survey Dive Records","","Andy Lamb","",NA,"2011-04-23",2011,4,23,"HumanObservation","Dionisio Reef",NA,"Galiano Island","British Columbia","Canada","CA",100,"",NA,"",NA,"",82,NA,"present",NA,"",NA,NA,NA,"unlisted","unlisted","",NA,NA,NA,NA,NA,416
"Ulva fenestrata","Postels & Ruprecht",152972,"Plantae","Chlorophyta","","Ulvophyceae","Ulvales","",NA,NA,"Ulvaceae","Ulva",NA,"fenestrata","","species","PMLS","","PMLS2021:132","Pacific Marine Life Survey Dive Records","","Andy Lamb","",NA,"2011-05-14",2011,5,14,"HumanObservation","Race Point",NA,"Galiano Island","British Columbia","Canada","CA",100,"",NA,"",NA,"",75,NA,"present",NA,"",NA,NA,NA,"unlisted","unlisted","",NA,NA,NA,NA,NA,416
"Ulva fenestrata","Postels & Ruprecht",152972,"Plantae","Chlorophyta","","Ulvophyceae","Ulvales","",NA,NA,"Ulvaceae","Ulva",NA,"fenestrata","","species","PMLS","","PMLS2021:133","Pacific Marine Life Survey Dive Records","","Andy Lamb","",NA,"2011-07-31",2011,7,31,"HumanObservation","Spanish Hills wall",NA,"Galiano Island","British Columbia","Canada","CA",100,"",NA,"",NA,"",78,NA,"present",NA,"",NA,NA,NA,"unlisted","unlisted","",NA,NA,NA,NA,NA,370
"Ulva fenestrata","Postels & Ruprecht",152972,"Plantae","Chlorophyta","","Ulvophyceae","Ulvales","",NA,NA,"Ulvaceae","Ulva",NA,"fenestrata","","species","PMLS","","PMLS2021:134","Pacific Marine Life Survey Dive Records","","Andy Lamb","",NA,"2011-07-31",2011,7,31,"HumanObservation","Dionisio Reef",NA,"Galiano Island","British Columbia","Canada","CA",100,"",NA,"",NA,"",80,NA,"present",NA,"",NA,NA,NA,"unlisted","unlisted","",NA,NA,NA,NA,NA,416
"Ulva fenestrata","Postels & Ruprecht",152972,"Plantae","Chlorophyta","","Ulvophyceae","Ulvales","",NA,NA,"Ulvaceae","Ulva",NA,"fenestrata","","species","PMLS","","PMLS2021:135","Pacific Marine Life Survey Dive Records","","Andy Lamb","",NA,"2011-09-07",2011,9,7,"HumanObservation","Spanish Hills wall",NA,"Galiano Island","British Columbia","Canada","CA",100,"",NA,"",NA,"",81,NA,"present",NA,"",NA,NA,NA,"unlisted","unlisted","",NA,NA,NA,NA,NA,370
"Ulva fenestrata","Postels & Ruprecht",152972,"Plantae","Chlorophyta","","Ulvophyceae","Ulvales","",NA,NA,"Ulvaceae","Ulva",NA,"fenestrata","","species","PMLS","","PMLS2021:136","Pacific Marine Life Survey Dive Records","","Andy Lamb","",NA,"2011-11-18",2011,11,18,"HumanObservation","Virago Point",NA,"Galiano Island","British Columbia","Canada","CA",100,"",NA,"",NA,"",76,NA,"present",NA,"",NA,NA,NA,"unlisted","unlisted","",NA,NA,NA,NA,NA,392
"Ulva fenestrata","Postels & Ruprecht",152972,"Plantae","Chlorophyta","","Ulvophyceae","Ulvales","",NA,NA,"Ulvaceae","Ulva",NA,"fenestrata","","species","PMLS","","PMLS2021:138","Pacific Marine Life Survey Dive Records","","Andy Lamb","",NA,"2011-11-25",2011,11,25,"HumanObservation","Baines Point",NA,"Galiano Island","British Columbia","Canada","CA",100,"",NA,"",NA,"",73,NA,"present",NA,"",NA,NA,NA,"unlisted","unlisted","",NA,NA,NA,NA,NA,392
"Ulva fenestrata","Postels & Ruprecht",152972,"Plantae","Chlorophyta","","Ulvophyceae","Ulvales","",NA,NA,"Ulvaceae","Ulva",NA,"fenestrata","","species","PMLS","","PMLS2021:139","Pacific Marine Life Survey Dive Records","","Andy Lamb","",NA,"2012-03-06",2012,3,6,"HumanObservation","Spanish Hills wall",NA,"Galiano Island","British Columbia","Canada","CA",100,"",NA,"",NA,"",99,NA,"present",NA,"",NA,NA,NA,"unlisted","unlisted","",NA,NA,NA,NA,NA,370
"Ulva fenestrata","Postels & Ruprecht",152972,"Plantae","Chlorophyta","","Ulvophyceae","Ulvales","",NA,NA,"Ulvaceae","Ulva",NA,"fenestrata","","species","PMLS","","PMLS2021:140","Pacific Marine Life Survey Dive Records","","Andy Lamb","",NA,"2012-08-09",2012,8,9,"HumanObservation","Boscowitz Rock",NA,"Galiano Island","British Columbia","Canada","CA",100,"",NA,"",NA,"",76,NA,"present",NA,"",NA,NA,NA,"unlisted","unlisted","",NA,NA,NA,NA,NA,416
"Ulva fenestrata","Postels & Ruprecht",152972,"Plantae","Chlorophyta","","Ulvophyceae","Ulvales","",NA,NA,"Ulvaceae","Ulva",NA,"fenestrata","","species","PMLS","","PMLS2021:142","Pacific Marine Life Survey Dive Records","","Andy Lamb","",NA,"2012-08-09",2012,8,9,"HumanObservation","Alcala Point",NA,"Galiano Island","British Columbia","Canada","CA",100,"",NA,"",NA,"",86,NA,"present",NA,"",NA,NA,NA,"unlisted","unlisted","",NA,NA,NA,NA,NA,392
"Ulva fenestrata","Postels & Ruprecht",152972,"Plantae","Chlorophyta","","Ulvophyceae","Ulvales","",NA,NA,"Ulvaceae","Ulva",NA,"fenestrata","","species","PMLS","","PMLS2021:143","Pacific Marine Life Survey Dive Records","","Andy Lamb","",NA,"2012-08-27",2012,8,27,"HumanObservation","Retreat Cove",NA,"Galiano Island","British Columbia","Canada","CA",100,"",NA,"",NA,"",91,NA,"present",NA,"",NA,NA,NA,"unlisted","unlisted","",NA,NA,NA,NA,NA,238
"Ulva fenestrata","Postels & Ruprecht",152972,"Plantae","Chlorophyta","","Ulvophyceae","Ulvales","",NA,NA,"Ulvaceae","Ulva",NA,"fenestrata","","species","PMLS","","PMLS2021:144","Pacific Marine Life Survey Dive Records","","Andy Lamb","",NA,"2012-10-06",2012,10,6,"HumanObservation","Virago Channel",NA,"Galiano Island","British Columbia","Canada","CA",100,"",NA,"",NA,"",41,NA,"present",NA,"",NA,NA,NA,"unlisted","unlisted","",NA,NA,NA,NA,NA,393
"Ulva fenestrata","Postels & Ruprecht",152972,"Plantae","Chlorophyta","","Ulvophyceae","Ulvales","",NA,NA,"Ulvaceae","Ulva",NA,"fenestrata","","species","PMLS","","PMLS2021:145","Pacific Marine Life Survey Dive Records","","Andy Lamb","",NA,"2012-10-06",2012,10,6,"HumanObservation","Spotlight Cove",NA,"Galiano Island","British Columbia","Canada","CA",100,"",NA,"",NA,"",92,NA,"present",NA,"",NA,NA,NA,"unlisted","unlisted","",NA,NA,NA,NA,NA,325
"Ulva fenestrata","Postels & Ruprecht",152972,"Plantae","Chlorophyta","","Ulvophyceae","Ulvales","",NA,NA,"Ulvaceae","Ulva",NA,"fenestrata","","species","PMLS","","PMLS2021:146","Pacific Marine Life Survey Dive Records","","Andy Lamb","",NA,"2012-10-09",2012,10,9,"HumanObservation","No Name Cove, west end",NA,"Galiano Island","British Columbia","Canada","CA",100,"",NA,"",NA,"",91,NA,"present",NA,"",NA,NA,NA,"unlisted","unlisted","",NA,NA,NA,NA,NA,172
"Ulva fenestrata","Postels & Ruprecht",152972,"Plantae","Chlorophyta","","Ulvophyceae","Ulvales","",NA,NA,"Ulvaceae","Ulva",NA,"fenestrata","","species","PMLS","","PMLS2021:147","Pacific Marine Life Survey Dive Records","","Andy Lamb","",NA,"2012-10-09",2012,10,9,"HumanObservation","Spotlight Cove",NA,"Galiano Island","British Columbia","Canada","CA",100,"",NA,"",NA,"",83,NA,"present",NA,"",NA,NA,NA,"unlisted","unlisted","",NA,NA,NA,NA,NA,325
"Ulva fenestrata","Postels & Ruprecht",152972,"Plantae","Chlorophyta","","Ulvophyceae","Ulvales","",NA,NA,"Ulvaceae","Ulva",NA,"fenestrata","","species","PMLS","","PMLS2021:149","Pacific Marine Life Survey Dive Records","","Andy Lamb","",NA,"2013-05-17",2013,5,17,"HumanObservation","Madrona Lodge",NA,"Galiano Island","British Columbia","Canada","CA",100,"",NA,"",NA,"",89,NA,"present",NA,"",NA,NA,NA,"unlisted","unlisted","",NA,NA,NA,NA,NA,193
"Ulva fenestrata","Postels & Ruprecht",152972,"Plantae","Chlorophyta","","Ulvophyceae","Ulvales","",NA,NA,"Ulvaceae","Ulva",NA,"fenestrata","","species","PMLS","","PMLS2021:150","Pacific Marine Life Survey Dive Records","","Andy Lamb","",NA,"2013-10-10",2013,10,10,"HumanObservation","Spanish Hills wall",NA,"Galiano Island","British Columbia","Canada","CA",100,"",NA,"",NA,"",76,NA,"present",NA,"",NA,NA,NA,"unlisted","unlisted","",NA,NA,NA,NA,NA,370
"Ulva fenestrata","Postels & Ruprecht",152972,"Plantae","Chlorophyta","","Ulvophyceae","Ulvales","",NA,NA,"Ulvaceae","Ulva",NA,"fenestrata","","species","PMLS","","PMLS2021:151","Pacific Marine Life Survey Dive Records","","Andy Lamb","",NA,"2013-10-10",2013,10,10,"HumanObservation","Dionisio Reef",NA,"Galiano Island","British Columbia","Canada","CA",100,"",NA,"",NA,"",76,NA,"present",NA,"",NA,NA,NA,"unlisted","unlisted","",NA,NA,NA,NA,NA,416
"Ulva fenestrata","Postels & Ruprecht",152972,"Plantae","Chlorophyta","","Ulvophyceae","Ulvales","",NA,NA,"Ulvaceae","Ulva",NA,"fenestrata","","species","PMLS","","PMLS2021:152","Pacific Marine Life Survey Dive Records","","Andy Lamb","",NA,"2013-10-20",2013,10,20,"HumanObservation","Retreat Cove South, island",NA,"Galiano Island","British Columbia","Canada","CA",100,"",NA,"",NA,"",96,NA,"present",NA,"",NA,NA,NA,"unlisted","unlisted","",NA,NA,NA,NA,NA,215
"Ulva fenestrata","Postels & Ruprecht",152972,"Plantae","Chlorophyta","","Ulvophyceae","Ulvales","",NA,NA,"Ulvaceae","Ulva",NA,"fenestrata","","species","PMLS","","PMLS2021:153","Pacific Marine Life Survey Dive Records","","Andy Lamb","",NA,"2013-10-20",2013,10,20,"HumanObservation","Galiano Conservancy shore",NA,"Galiano Island","British Columbia","Canada","CA",100,"",NA,"",NA,"",76,NA,"present",NA,"",NA,NA,NA,"unlisted","unlisted","",NA,NA,NA,NA,NA,258
"Ulva fenestrata","Postels & Ruprecht",152972,"Plantae","Chlorophyta","","Ulvophyceae","Ulvales","",NA,NA,"Ulvaceae","Ulva",NA,"fenestrata","","species","PMLS","","PMLS2021:154","Pacific Marine Life Survey Dive Records","","Andy Lamb","",NA,"2013-10-23",2013,10,23,"HumanObservation","Retreat Cove South, island",NA,"Galiano Island","British Columbia","Canada","CA",100,"",NA,"",NA,"",67,NA,"present",NA,"",NA,NA,NA,"unlisted","unlisted","",NA,NA,NA,NA,NA,215
"Ulva fenestrata","Postels & Ruprecht",152972,"Plantae","Chlorophyta","","Ulvophyceae","Ulvales","",NA,NA,"Ulvaceae","Ulva",NA,"fenestrata","","species","PMLS","","PMLS2021:156","Pacific Marine Life Survey Dive Records","","Andy Lamb","",NA,"2014-01-03",2014,1,3,"HumanObservation","Baines Point",NA,"Galiano Island","British Columbia","Canada","CA",100,"",NA,"",NA,"",65,NA,"present",NA,"",NA,NA,NA,"unlisted","unlisted","",NA,NA,NA,NA,NA,392
"Ulva fenestrata","Postels & Ruprecht",152972,"Plantae","Chlorophyta","","Ulvophyceae","Ulvales","",NA,NA,"Ulvaceae","Ulva",NA,"fenestrata","","species","PMLS","","PMLS2021:157","Pacific Marine Life Survey Dive Records","","Andy Lamb","",NA,"2015-01-01",2015,1,1,"HumanObservation","Virago Point",NA,"Galiano Island","British Columbia","Canada","CA",100,"",NA,"",NA,"",56,NA,"present",NA,"",NA,NA,NA,"unlisted","unlisted","",NA,NA,NA,NA,NA,392
"Ulva fenestrata","Postels & Ruprecht",152972,"Plantae","Chlorophyta","","Ulvophyceae","Ulvales","",NA,NA,"Ulvaceae","Ulva",NA,"fenestrata","","species","PMLS","","PMLS2021:158","Pacific Marine Life Survey Dive Records","","Andy Lamb","",NA,"2015-06-30",2015,6,30,"HumanObservation","Spanish Hills wall",NA,"Galiano Island","British Columbia","Canada","CA",100,"",NA,"",NA,"",70,NA,"present",NA,"",NA,NA,NA,"unlisted","unlisted","",NA,NA,NA,NA,NA,370
"Ulva fenestrata","Postels & Ruprecht",152972,"Plantae","Chlorophyta","","Ulvophyceae","Ulvales","",NA,NA,"Ulvaceae","Ulva",NA,"fenestrata","","species","PMLS","","PMLS2021:159","Pacific Marine Life Survey Dive Records","","Andy Lamb","",NA,"2016-01-23",2016,1,23,"HumanObservation","Spanish Hills Store",NA,"Galiano Island","British Columbia","Canada","CA",100,"",NA,"",NA,"",60,NA,"present",NA,"",NA,NA,NA,"unlisted","unlisted","",NA,NA,NA,NA,NA,347
"Ulva fenestrata","Postels & Ruprecht",152972,"Plantae","Chlorophyta","","Ulvophyceae","Ulvales","",NA,NA,"Ulvaceae","Ulva",NA,"fenestrata","","species","PMLS","","PMLS2021:160","Pacific Marine Life Survey Dive Records","","Andy Lamb","",NA,"2016-02-07",2016,2,7,"HumanObservation","Alcala Point Wall",NA,"Galiano Island","British Columbia","Canada","CA",100,"",NA,"",NA,"",62,NA,"present",NA,"",NA,NA,NA,"unlisted","unlisted","",NA,NA,NA,NA,NA,392
"Ulva fenestrata","Postels & Ruprecht",152972,"Plantae","Chlorophyta","","Ulvophyceae","Ulvales","",NA,NA,"Ulvaceae","Ulva",NA,"fenestrata","","species","PMLS","","PMLS2021:161","Pacific Marine Life Survey Dive Records","","Andy Lamb","",NA,"2016-02-07",2016,2,7,"HumanObservation","Galiano Conservancy shore",NA,"Galiano Island","British Columbia","Canada","CA",100,"",NA,"",NA,"",45,NA,"present",NA,"",NA,NA,NA,"unlisted","unlisted","",NA,NA,NA,NA,NA,258
"Ulva fenestrata","Postels & Ruprecht",152972,"Plantae","Chlorophyta","","Ulvophyceae","Ulvales","",NA,NA,"Ulvaceae","Ulva",NA,"fenestrata","","species","PMLS","","PMLS2021:162","Pacific Marine Life Survey Dive Records","","Andy Lamb","",NA,"2016-02-27",2016,2,27,"HumanObservation","Race Point",NA,"Galiano Island","British Columbia","Canada","CA",100,"",NA,"",NA,"",64,NA,"present",NA,"",NA,NA,NA,"unlisted","unlisted","",NA,NA,NA,NA,NA,416
"Ulva fenestrata","Postels & Ruprecht",152972,"Plantae","Chlorophyta","","Ulvophyceae","Ulvales","",NA,NA,"Ulvaceae","Ulva",NA,"fenestrata","","species","PMLS","","PMLS2021:163","Pacific Marine Life Survey Dive Records","","Andy Lamb","",NA,"2016-03-05",2016,3,5,"HumanObservation","Retreat Cove South, island",NA,"Galiano Island","British Columbia","Canada","CA",100,"",NA,"",NA,"",80,NA,"present",NA,"",NA,NA,NA,"unlisted","unlisted","",NA,NA,NA,NA,NA,215
"Ulva fenestrata","Postels & Ruprecht",152972,"Plantae","Chlorophyta","","Ulvophyceae","Ulvales","",NA,NA,"Ulvaceae","Ulva",NA,"fenestrata","","species","PMLS","","PMLS2021:164","Pacific Marine Life Survey Dive Records","","Andy Lamb","",NA,"2016-03-27",2016,3,27,"HumanObservation","Virago Point",NA,"Galiano Island","British Columbia","Canada","CA",100,"",NA,"",NA,"",72,NA,"present",NA,"",NA,NA,NA,"unlisted","unlisted","",NA,NA,NA,NA,NA,392
"Ulva fenestrata","Postels & Ruprecht",152972,"Plantae","Chlorophyta","","Ulvophyceae","Ulvales","",NA,NA,"Ulvaceae","Ulva",NA,"fenestrata","","species","PMLS","","PMLS2021:166","Pacific Marine Life Survey Dive Records","","Andy Lamb","",NA,"2016-07-24",2016,7,24,"HumanObservation","Spanish Hills wall",NA,"Galiano Island","British Columbia","Canada","CA",100,"",NA,"",NA,"",79,NA,"present",NA,"",NA,NA,NA,"unlisted","unlisted","",NA,NA,NA,NA,NA,370
"Ulva fenestrata","Postels & Ruprecht",152972,"Plantae","Chlorophyta","","Ulvophyceae","Ulvales","",NA,NA,"Ulvaceae","Ulva",NA,"fenestrata","","species","PMLS","","PMLS2021:168","Pacific Marine Life Survey Dive Records","","Andy Lamb","",NA,"2016-07-24",2016,7,24,"HumanObservation","Race Point",NA,"Galiano Island","British Columbia","Canada","CA",100,"",NA,"",NA,"",55,NA,"present",NA,"",NA,NA,NA,"unlisted","unlisted","",NA,NA,NA,NA,NA,416
"Ulva fenestrata","Postels & Ruprecht",152972,"Plantae","Chlorophyta","","Ulvophyceae","Ulvales","",NA,NA,"Ulvaceae","Ulva",NA,"fenestrata","","species","PMLS","","PMLS2021:169","Pacific Marine Life Survey Dive Records","","Andy Lamb","",NA,"2016-07-31",2016,7,31,"HumanObservation","Spanish Hills Store",NA,"Galiano Island","British Columbia","Canada","CA",100,"",NA,"",NA,"",65,NA,"present",NA,"",NA,NA,NA,"unlisted","unlisted","",NA,NA,NA,NA,NA,347
"Ulva fenestrata","Postels & Ruprecht",152972,"Plantae","Chlorophyta","","Ulvophyceae","Ulvales","",NA,NA,"Ulvaceae","Ulva",NA,"fenestrata","","species","PMLS","","PMLS2021:172","Pacific Marine Life Survey Dive Records","","Andy Lamb","",NA,"2016-08-23",2016,8,23,"HumanObservation","Spanish Hills Store",NA,"Galiano Island","British Columbia","Canada","CA",100,"",NA,"",NA,"",31,NA,"present",NA,"",NA,NA,NA,"unlisted","unlisted","",NA,NA,NA,NA,NA,347
"Ulva fenestrata","Postels & Ruprecht",152972,"Plantae","Chlorophyta","","Ulvophyceae","Ulvales","",NA,NA,"Ulvaceae","Ulva",NA,"fenestrata","","species","PMLS","","PMLS2021:173","Pacific Marine Life Survey Dive Records","","Andy Lamb","",NA,"2017-03-18",2017,3,18,"HumanObservation","Spanish Hills wall",NA,"Galiano Island","British Columbia","Canada","CA",100,"",NA,"",NA,"",73,NA,"present",NA,"",NA,NA,NA,"unlisted","unlisted","",NA,NA,NA,NA,NA,370
"Ulva fenestrata","Postels & Ruprecht",152972,"Plantae","Chlorophyta","","Ulvophyceae","Ulvales","",NA,NA,"Ulvaceae","Ulva",NA,"fenestrata","","species","PMLS","","PMLS2021:174","Pacific Marine Life Survey Dive Records","","Andy Lamb","",NA,"2017-06-14",2017,6,14,"HumanObservation","Spanish Hills wall",NA,"Galiano Island","British Columbia","Canada","CA",100,"",NA,"",NA,"",85,NA,"present",NA,"",NA,NA,NA,"unlisted","unlisted","",NA,NA,NA,NA,NA,370
"Ulva fenestrata","Postels & Ruprecht",152972,"Plantae","Chlorophyta","","Ulvophyceae","Ulvales","",NA,NA,"Ulvaceae","Ulva",NA,"fenestrata","","species","PMLS","","PMLS2021:175","Pacific Marine Life Survey Dive Records","","Andy Lamb","",NA,"2017-06-30",2017,6,30,"HumanObservation","Spanish Hills Store",NA,"Galiano Island","British Columbia","Canada","CA",100,"",NA,"",NA,"",72,NA,"present",NA,"",NA,NA,NA,"unlisted","unlisted","",NA,NA,NA,NA,NA,347
"Ulva fenestrata","Postels & Ruprecht",152972,"Plantae","Chlorophyta","","Ulvophyceae","Ulvales","",NA,NA,"Ulvaceae","Ulva",NA,"fenestrata","","species","PMLS","","PMLS2021:176","Pacific Marine Life Survey Dive Records","","Andy Lamb","",NA,"2017-08-22",2017,8,22,"HumanObservation","Dionisio Reef",NA,"Galiano Island","British Columbia","Canada","CA",100,"",NA,"",NA,"",56,NA,"present",NA,"",NA,NA,NA,"unlisted","unlisted","",NA,NA,NA,NA,NA,416
"Ulva fenestrata","Postels & Ruprecht",152972,"Plantae","Chlorophyta","","Ulvophyceae","Ulvales","",NA,NA,"Ulvaceae","Ulva",NA,"fenestrata","","species","PMLS","","PMLS2021:177","Pacific Marine Life Survey Dive Records","","Andy Lamb","",NA,"2018-06-19",2018,6,19,"HumanObservation","Virago Point",NA,"Galiano Island","British Columbia","Canada","CA",100,"",NA,"",NA,"",65,NA,"present",NA,"",NA,NA,NA,"unlisted","unlisted","",NA,NA,NA,NA,NA,392
"Ulva fenestrata","Postels & Ruprecht",152972,"Plantae","Chlorophyta","","Ulvophyceae","Ulvales","",NA,NA,"Ulvaceae","Ulva",NA,"fenestrata","","species","PMLS","","PMLS2021:178","Pacific Marine Life Survey Dive Records","","Andy Lamb","",NA,"2019-03-17",2019,3,17,"HumanObservation","Spanish Hills Store",NA,"Galiano Island","British Columbia","Canada","CA",100,"",NA,"",NA,"",52,NA,"present",NA,"",NA,NA,NA,"unlisted","unlisted","",NA,NA,NA,NA,NA,347
"Ulva fenestrata","Postels & Ruprecht",152972,"Plantae","Chlorophyta","","Ulvophyceae","Ulvales","",NA,NA,"Ulvaceae","Ulva",NA,"fenestrata","","species","PMLS","","PMLS2021:179","Pacific Marine Life Survey Dive Records","","Emily Adamczyk","",NA,"2019-05-04",2019,5,4,"HumanObservation","Montague Harbour",NA,"Galiano Island","British Columbia","Canada","CA",100,"",NA,"",NA,"",33,NA,"present",NA,"",NA,NA,NA,"unlisted","unlisted","",NA,NA,NA,NA,NA,130
"Ulva fenestrata","Postels & Ruprecht",152972,"Plantae","Chlorophyta","","Ulvophyceae","Ulvales","",NA,NA,"Ulvaceae","Ulva",NA,"fenestrata","","species","PMLS","","PMLS2021:180","Pacific Marine Life Survey Dive Records","","Stefania Gorgopa","",NA,"2019-05-04",2019,5,4,"HumanObservation","Retreat Cove",NA,"Galiano Island","British Columbia","Canada","CA",100,"",NA,"",NA,"",47,NA,"present",NA,"",NA,NA,NA,"unlisted","unlisted","",NA,NA,NA,NA,NA,238
"Ulva intestinalis","L.",130197,"Plantae","Chlorophyta","","Ulvophyceae","Ulvales","",NA,NA,"Ulvaceae","Ulva",NA,"intestinalis","","species","iNaturalist","","5020768","","","tyrelfroese","",NA,"2017-01-27",2017,1,27,"HumanObservation","",NA,"Galiano Island","British Columbia","Canada","CA",57,"",NA,"",NA,"",NA,NA,"present",NA,"",NA,NA,NA,"unlisted","unlisted","",NA,NA,NA,NA,NA,177
"Ulva intestinalis","L.",130197,"Plantae","Chlorophyta","","Ulvophyceae","Ulvales","",NA,NA,"Ulvaceae","Ulva",NA,"intestinalis","","species","iNaturalist","","24710212","","","kg-","",NA,"2019-05-05",2019,5,5,"HumanObservation","",NA,"Galiano Island","British Columbia","Canada","CA",5,"",NA,"",NA,"",NA,NA,"present",NA,"",NA,NA,NA,"unlisted","unlisted","",NA,NA,NA,NA,NA,283
"Ulva intestinalis","L.",130197,"Plantae","Chlorophyta","","Ulvophyceae","Ulvales","",NA,NA,"Ulvaceae","Ulva",NA,"intestinalis","","species","iNaturalist","","31256513","","","sarahs77","",NA,"2019-08-21",2019,8,21,"HumanObservation","",NA,"Galiano Island","British Columbia","Canada","CA",6,"",NA,"",NA,"",NA,NA,"present",NA,"",NA,NA,NA,"unlisted","unlisted","",NA,NA,NA,NA,NA,155
"Ulva intestinalis","L.",130197,"Plantae","Chlorophyta","","Ulvophyceae","Ulvales","",NA,NA,"Ulvaceae","Ulva",NA,"intestinalis","","species","iNaturalist","","3404281","","","Andrew Simon","",NA,"2016-06-05",2016,6,5,"HumanObservation","",NA,"Galiano Island","British Columbia","Canada","CA",174,"",NA,"",NA,"",NA,NA,"present",NA,"",NA,NA,NA,"unlisted","unlisted","",NA,NA,NA,NA,NA,262
"Ulva intestinalis","L.",130197,"Plantae","Chlorophyta","","Ulvophyceae","Ulvales","",NA,NA,"Ulvaceae","Ulva",NA,"intestinalis","","species","iNaturalist","","7673381","","","Karolle Wall","",NA,"2017-05-25",2017,5,25,"HumanObservation","",NA,"Galiano Island","British Columbia","Canada","CA",31,"",NA,"",NA,"",NA,NA,"present",NA,"",NA,NA,NA,"unlisted","unlisted","",NA,NA,NA,NA,NA,238
"Ulva intestinalis","L.",130197,"Plantae","Chlorophyta","","Ulvophyceae","Ulvales","",NA,NA,"Ulvaceae","Ulva",NA,"intestinalis","","species","iNaturalist","","13973821","","","Andrew Simon","",NA,"2018-07-01",2018,7,1,"HumanObservation","",NA,"Galiano Island","British Columbia","Canada","CA",NA,"",NA,"",NA,"",NA,NA,"present",NA,"",NA,NA,NA,"unlisted","unlisted","",NA,NA,NA,NA,NA,177
"Ulva intestinalis","L.",130197,"Plantae","Chlorophyta","","Ulvophyceae","Ulvales","",NA,NA,"Ulvaceae","Ulva",NA,"intestinalis","","species","iNaturalist","","24519427","","","Norah Brown","",NA,"2019-05-04",2019,5,4,"HumanObservation","",NA,"Galiano Island","British Columbia","Canada","CA",2,"",NA,"",NA,"",NA,NA,"present",NA,"",NA,NA,NA,"unlisted","unlisted","",NA,NA,NA,NA,NA,68
"Ulva intestinalis","L.",130197,"Plantae","Chlorophyta","","Ulvophyceae","Ulvales","",NA,NA,"Ulvaceae","Ulva",NA,"intestinalis","","species","iNaturalist","","25861431","","","Bridgette Clarkston","",NA,"2019-05-04",2019,5,4,"HumanObservation","",NA,"Galiano Island","British Columbia","Canada","CA",NA,"",NA,"",NA,"",NA,NA,"present",NA,"",NA,NA,NA,"unlisted","unlisted","",NA,NA,NA,NA,NA,134
"Ulva intestinalis","L.",130197,"Plantae","Chlorophyta","","Ulvophyceae","Ulvales","",NA,NA,"Ulvaceae","Ulva",NA,"intestinalis","","species","iNaturalist","","37085709","","","Andrew Simon","",NA,"2019-12-29",2019,12,29,"HumanObservation","",NA,"Galiano Island","British Columbia","Canada","CA",62,"",NA,"",NA,"",NA,NA,"present",NA,"",NA,NA,NA,"unlisted","unlisted","",NA,NA,NA,NA,NA,134
"Ulva intestinalis","L.",130197,"Plantae","Chlorophyta","","Ulvophyceae","Ulvales","",NA,NA,"Ulvaceae","Ulva",NA,"intestinalis","","species","iNaturalist","","72230278","","","Julian","",NA,"2021-03-27",2021,3,27,"HumanObservation","",NA,"Galiano Island","British Columbia","Canada","CA",6,"",NA,"",NA,"",NA,NA,"present",NA,"",NA,NA,NA,"unlisted","unlisted","",NA,NA,NA,NA,NA,417
"Ulva intestinalis","L.",130197,"Plantae","Chlorophyta","","Ulvophyceae","Ulvales","",NA,NA,"Ulvaceae","Ulva",NA,"intestinalis","","species","iNaturalist","","72230408","","","Julian","",NA,"2021-03-27",2021,3,27,"HumanObservation","",NA,"Galiano Island","British Columbia","Canada","CA",7,"",NA,"",NA,"",NA,NA,"present",NA,"",NA,NA,NA,"unlisted","unlisted","",NA,NA,NA,NA,NA,417
"Ulva intestinalis","L.",130197,"Plantae","Chlorophyta","","Ulvophyceae","Ulvales","",NA,NA,"Ulvaceae","Ulva",NA,"intestinalis","","species","iNaturalist","","74014930","","","Andrew Simon","",NA,"2021-04-14",2021,4,14,"HumanObservation","",NA,"Galiano Island","British Columbia","Canada","CA",209,"",NA,"",NA,"",NA,NA,"present",NA,"",NA,NA,NA,"unlisted","unlisted","",NA,NA,NA,NA,NA,129
"Ulva intestinalis","L.",130197,"Plantae","Chlorophyta","","Ulvophyceae","Ulvales","",NA,NA,"Ulvaceae","Ulva",NA,"intestinalis","","species","iNaturalist","","83604935","","","Riley Cameron","",NA,"2021-06-12",2021,6,12,"HumanObservation","",NA,"Galiano Island","British Columbia","Canada","CA",NA,"",NA,"",NA,"",NA,NA,"present",NA,"",NA,NA,NA,"unlisted","unlisted","",NA,NA,NA,NA,NA,394
"Ulva intestinalis","L.",130197,"Plantae","Chlorophyta","","Ulvophyceae","Ulvales","",NA,NA,"Ulvaceae","Ulva",NA,"intestinalis","","species","iNaturalist","","84398163","","","Andrew Simon","",NA,"2021-06-24",2021,6,24,"HumanObservation","",NA,"Galiano Island","British Columbia","Canada","CA",360,"",NA,"",NA,"",NA,NA,"present",NA,"",NA,NA,NA,"unlisted","unlisted","",NA,NA,NA,NA,NA,85
"Ulva intestinalis","L.",130197,"Plantae","Chlorophyta","","Ulvophyceae","Ulvales","",NA,NA,"Ulvaceae","Ulva",NA,"intestinalis","","species","iNaturalist","","107521187","","","Gabe Schp","",NA,"2022-02-20",2022,2,20,"HumanObservation","",NA,"Galiano Island","British Columbia","Canada","CA",NA,"",NA,"",NA,"",NA,NA,"present",NA,"",NA,NA,NA,"unlisted","unlisted","",NA,NA,NA,NA,NA,417
"Ulva intestinalis","L.",130197,"Plantae","Chlorophyta","","Ulvophyceae","Ulvales","",NA,NA,"Ulvaceae","Ulva",NA,"intestinalis","","species","PMLS","","PMLS2021:20","Pacific Marine Life Survey Dive Records","","Charlie Gibbs","",NA,"1996-09-29",1996,9,29,"HumanObservation","Retreat Cove, north of",NA,"Galiano Island","British Columbia","Canada","CA",100,"",NA,"",NA,"",58,NA,"present",NA,"",NA,NA,NA,"unlisted","unlisted","",NA,NA,NA,NA,NA,237
"Ulva intestinalis","L.",130197,"Plantae","Chlorophyta","","Ulvophyceae","Ulvales","",NA,NA,"Ulvaceae","Ulva",NA,"intestinalis","","species","PMLS","","PMLS2021:40","Pacific Marine Life Survey Dive Records","","Andy Lamb","",NA,"2007-10-14",2007,10,14,"HumanObservation","Spanish Hills Store",NA,"Galiano Island","British Columbia","Canada","CA",100,"",NA,"",NA,"",92,NA,"present",NA,"",NA,NA,NA,"unlisted","unlisted","",NA,NA,NA,NA,NA,347
"Ulva intestinalis","L.",130197,"Plantae","Chlorophyta","","Ulvophyceae","Ulvales","",NA,NA,"Ulvaceae","Ulva",NA,"intestinalis","","species","PMLS","","PMLS2021:44","Pacific Marine Life Survey Dive Records","","Andy Lamb","",NA,"2007-10-21",2007,10,21,"HumanObservation","Race Point",NA,"Galiano Island","British Columbia","Canada","CA",100,"",NA,"",NA,"",75,NA,"present",NA,"",NA,NA,NA,"unlisted","unlisted","",NA,NA,NA,NA,NA,416
"Ulva intestinalis","L.",130197,"Plantae","Chlorophyta","","Ulvophyceae","Ulvales","",NA,NA,"Ulvaceae","Ulva",NA,"intestinalis","","species","PMLS","","PMLS2021:141","Pacific Marine Life Survey Dive Records","","Andy Lamb","",NA,"2012-08-09",2012,8,9,"HumanObservation","Alcala Point",NA,"Galiano Island","British Columbia","Canada","CA",100,"",NA,"",NA,"",86,NA,"present",NA,"",NA,NA,NA,"unlisted","unlisted","",NA,NA,NA,NA,NA,392
"Ulva intestinalis","L.",130197,"Plantae","Chlorophyta","","Ulvophyceae","Ulvales","",NA,NA,"Ulvaceae","Ulva",NA,"intestinalis","","species","PMLS","","PMLS2021:171","Pacific Marine Life Survey Dive Records","","Andy Lamb","",NA,"2016-08-23",2016,8,23,"HumanObservation","Spanish Hills Store",NA,"Galiano Island","British Columbia","Canada","CA",100,"",NA,"",NA,"",31,NA,"present",NA,"",NA,NA,NA,"unlisted","unlisted","",NA,NA,NA,NA,NA,347
"Urospora sp.","",339056,"Plantae","Chlorophyta","","Ulvophyceae","Codiolales","",NA,NA,"Acrosiphoniaceae","Urospora",NA,"","","genus","iNaturalist","","43253077","","","Andrew Simon","",NA,"2020-04-24",2020,4,24,"HumanObservation","",NA,"Galiano Island","British Columbia","Canada","CA",28,"",NA,"",NA,"",NA,NA,"present",NA,"",NA,NA,NA,"unlisted","unlisted","",NA,NA,NA,NA,NA,43
